madden_id,fullname,position,season,team,overallrating,speed,acceleration,agility,changeofdirection,awareness,jumping,strength
SEBASTIANJOSEPH-DAY_19950321,Sebastian Joseph-Day,DL,2024,TEN,75.0,74.0,79.0,69.0,60.0,79.0,77.0,86.0
MIKEPENNEL_19910509,Mike Pennel,DL,2024,KC,71.0,68.0,68.0,54.0,48.0,75.0,71.0,85.0
PAYTONTURNER_19990107,Payton Turner,DL,2024,NO,71.0,75.0,82.0,83.0,73.0,67.0,85.0,82.0
EFEOBADA_19920413,Efe Obada,DL,2024,WAS,69.0,82.0,85.0,76.0,62.0,72.0,80.0,75.0
AUSTINBRYANT_19961112,Austin Bryant,DL,2024,SF,68.0,77.0,80.0,71.0,61.0,74.0,79.0,78.0
L.J.COLLIER_19950912,L.J. Collier,DL,2024,ARI,67.0,75.0,75.0,64.0,56.0,74.0,74.0,83.0
TRYSTENHILL_19980325,Trysten Hill,DL,2024,NE,67.0,72.0,77.0,68.0,65.0,60.0,84.0,86.0
DEADRINSENAT_19940722,Deadrin Senat,DL,2024,BAL,66.0,65.0,71.0,57.0,52.0,67.0,66.0,89.0
KEONDRECOBURN_20000523,Keondre Coburn,DL,2024,TEN,66.0,65.0,73.0,64.0,55.0,69.0,69.0,90.0
MATTHEWBUTLER_19990610,Matthew Butler,DL,2024,LV,66.0,72.0,82.0,54.0,51.0,71.0,82.0,80.0
MIKEMORRIS_20010422,Mike Morris,DL,2024,SEA,66.0,74.0,84.0,69.0,61.0,63.0,71.0,82.0
BRODRICMARTIN_19990524,Brodric Martin,DL,2024,DET,65.0,61.0,69.0,48.0,49.0,62.0,64.0,87.0
DANIELEKUALE_19940113,Daniel Ekuale,DL,2024,NE,65.0,67.0,69.0,65.0,50.0,67.0,77.0,81.0
ERICWATTS_20001001,Eric Watts,DL,2024,NYJ,65.0,83.0,88.0,65.0,58.0,65.0,87.0,79.0
KALIADAVIS_19981002,Kalia Davis,DL,2024,SF,65.0,70.0,80.0,54.0,48.0,62.0,69.0,84.0
BJTHOMPSON_19990323,BJ Thompson,DL,2024,KC,64.0,85.0,91.0,82.0,71.0,61.0,89.0,66.0
EARNESTBROWNIV_19990108,Earnest Brown IV,DL,2024,TB,64.0,73.0,76.0,77.0,66.0,64.0,76.0,83.0
MOROOJOMO_20010815,Moro Ojomo,DL,2024,PHI,63.0,71.0,82.0,69.0,61.0,63.0,80.0,84.0
BENSTILLE_19971112,Ben Stille,DL,2024,ARI,62.0,73.0,73.0,69.0,70.0,57.0,78.0,80.0
CHRISTOPHERHINTON_20000914,Christopher Hinton,DL,2024,LAC,62.0,63.0,72.0,55.0,52.0,52.0,77.0,84.0
ELIANKOU_19940608,Eli Ankou,DL,2024,BUF,62.0,65.0,70.0,49.0,46.0,69.0,74.0,86.0
TIMMYHORNE_19971025,Timmy Horne,DL,2024,NYG,62.0,64.0,63.0,66.0,54.0,62.0,84.0,85.0
BENNINGPOTOA'E_19960917,Benning Potoa'e,DL,2024,WAS,61.0,74.0,76.0,76.0,64.0,53.0,72.0,79.0
JALENHARRIS_19990226,Jalen Harris,DL,2024,WAS,61.0,82.0,87.0,81.0,70.0,55.0,85.0,68.0
LEONARDTAYLORIII_20020529,Leonard Taylor III,DL,2024,NYJ,61.0,68.0,75.0,58.0,57.0,60.0,74.0,84.0
TANZELSMART_19941106,Tanzel Smart,DL,2024,NYJ,61.0,70.0,64.0,61.0,54.0,66.0,68.0,82.0
BRUCEHECTOR_19941007,Bruce Hector,DL,2024,NYJ,59.0,73.0,72.0,55.0,51.0,51.0,81.0,84.0
ERICBANKS_19980130,Eric Banks,DL,2024,TB,59.0,73.0,80.0,69.0,61.0,58.0,76.0,74.0
KENDALVICKERS_19950523,Kendal Vickers,DL,2024,NO,58.0,70.0,77.0,64.0,57.0,61.0,74.0,75.0
CORYDURDEN_19990126,Cory Durden,DL,2024,LAR,57.0,65.0,63.0,66.0,54.0,60.0,76.0,77.0
BRAIDENMCGREGOR_20010712,Braiden McGregor,DL,2024,NYJ,60.749320695971676,76.9048402610415,79.97554088035531,72.33882280253385,64.07713662184523,53.42060828567223,81.92000443425934,77.85123738759506
BRANDONPILI_19990402,Brandon Pili,DL,2024,SEA,61.1764404815807,67.18665868287258,73.51162224464406,58.68968480716045,51.540894371060006,57.7994707764764,72.77528486503388,87.43403538755106
BRENTONCOX_20000130,Brenton Cox Jr.,DL,2024,GB,61.873165420049816,80.20203459670438,82.07506051939549,74.5679367879565,66.34895952222001,56.54703879792443,85.14689842196856,75.1889684120875
BYRONYOUNG_19980313,Byron Young,DL,2024,PHI,68.40235510930933,73.21961043067176,79.255423177887,68.80807859797707,59.8100859691192,65.13041231110076,73.29753921542158,83.2546423288077
CARLDAVIS_19920302,Carl Davis,DL,2024,WAS,71.6455193348412,67.88283464807387,71.8704167514395,60.66697315350558,53.72048584369014,80.99066328995563,75.60750596925072,84.38287624968626
CARLLAWSON_19950629,Carl Lawson,DL,2024,DAL,70.68758108420997,81.16290304872041,81.86476070655544,73.59799503284813,65.180664714155,71.4718947121011,81.51112478876325,81.37298885918361
CARLOSWATKINS_19931205,Carlos Watkins,DL,2024,DAL,70.51638996701774,72.44726919483196,75.97453173570716,63.82093469132455,55.11917652207171,75.10128253169107,75.38674369463445,83.77460263487544
CASEYROGERS_19981218,Casey Rogers,DL,2024,NYG,59.94015969566692,71.98608837856045,75.63987094754089,63.99928939268899,56.99456816642902,53.06392755951964,78.02793461500858,83.28733102578633
CHRISWORMLEY_19931025,Chris Wormley,DL,2024,BAL,71.39726613625317,73.01454166289864,74.95686466745292,66.52442308839822,57.09523462469821,75.4155737619409,77.0236551346519,82.98993453369017
ELIJAHCHATMAN_20001205,Elijah Chatman,DL,2024,NYG,61.19962881282328,75.41851286821247,79.86022421606731,67.97350702993774,61.90991745706873,52.083059745576264,78.56480813220833,81.76290702145792
ELIJAHGARCIA_19990311,Elijah Garcia,DL,2024,NYG,61.79287514274034,71.38351072414571,75.47116306517273,64.76375263509544,56.596629468577476,59.242105227784606,77.29808997972293,82.37414945605161
EVANANDERSON_20020214,Evan Anderson,DL,2024,SF,61.2383077660304,67.93793332924542,74.51589036658743,61.40662353356517,54.402396524974904,54.20616109575913,73.71150087308183,86.47081991290003
FABIENLOVETTSR_19991205,Fabien Lovett Sr.,DL,2024,KC,60.46614144342425,69.86669824593127,74.71707370707122,61.83289327315839,55.40751330245223,52.975540322567085,75.99636634278045,85.36240594911884
GRAYSONMURPHY_20001013,Grayson Murphy,DL,2024,MIA,61.091746164881044,78.49660736697183,82.21042360452611,72.07465426098528,64.98464316005982,52.7011697970904,80.58731918244791,78.76188242651712
ISAACUKWU_19990114,Isaac Ukwu,DL,2024,DET,60.197946418444815,77.85548421997555,80.08302793388975,70.18166056361008,63.56956965200328,51.698266971300754,82.03032896932189,79.04811053813341
JACKHEFLIN_19980308,Jack Heflin,DL,2024,LAR,61.910043730173186,64.95517864883504,72.00380847120095,62.34198180965855,55.759541379522034,60.570660712712666,73.65375166981903,83.45070492918475
JALYNHOLMES_19960125,Jalyn Holmes,DL,2024,WAS,70.86324754942501,75.49353337315893,77.63333596315806,71.06442951195724,61.17413981367889,72.46295682867192,78.90795981167355,80.87521300940838
JAMESHOUSTONIV_19981116,James Houston,DL,2024,DET,64.87221896057025,81.21736136241088,84.39504461421143,73.65863710151903,66.19683699428703,61.38816553950035,82.98976310669013,76.74620526333757
JAMREEKROMAH_20000614,Jamree Kromah,DL,2024,CHI,60.49082487781027,76.04932773564542,79.14108227841098,69.4745538953195,62.2944016820303,52.59061705709557,80.79289223276055,79.79462720825714
JAYDENPEEVY_d_line,Jayden Peevy,DL,2024,HOU,61.9746261178463,64.67531580429886,73.26318276805296,63.30727176718344,55.664341439267105,61.01442390446945,70.56811487337768,83.09560540452235
JOEGAZIANO_19960927,Joe Gaziano,DL,2024,JAX,63.731509281627154,74.45503411262871,77.93475613807186,68.45716292293362,59.66637601138132,63.11555772447964,77.6649909492861,79.83406262248647
KHALIDDUKE_20010227,Khalid Duke,DL,2024,TEN,61.093460175048676,82.8414874277853,84.3895794790376,75.28996291555634,67.77904529719001,53.24351434578989,85.51876709338603,74.46816597344178
KHALIDKAREEM_19980428,Khalid Kareem,DL,2024,ATL,67.81846291695916,76.6499191523751,79.77267639895172,72.75562796898902,63.480821824891734,66.6852304180451,80.06676164599116,79.60937253038631
MCTELVINAGIM_19970925,McTelvin Agim,DL,2024,TEN,69.85713136864985,72.99739135209029,78.24700131530722,67.0522147347445,58.34653404751322,70.26393542103098,76.37028454284223,85.19613433413821
NEILFARRELLJR._d_line,Neil Farrell,DL,2024,MIA,62.00889477063322,65.29244621926932,74.0602733717285,56.936052361857165,47.65977897102255,64.67586037805874,64.17018734275041,89.43148510631656
NESTAJADESILVERA_20000123,Nesta Jade Silvera,DL,2024,SF,62.126046366897356,68.59237797208834,75.75398291960687,63.701295439891595,56.562899203306756,58.23727245144377,74.26867040962156,84.69946640152436
PJMUSTIPHER_19981110,PJ Mustipher,DL,2024,ARI,61.751952376937595,60.68566858392637,70.75741530673781,57.87067285931822,51.596748542889316,61.505880165224724,69.61202057886919,83.67880383294703
ROBERTBEALJR_19990818,Robert Beal Jr.,DL,2024,SF,65.923644986194,87.94905121905617,88.4154623761217,75.60889611633638,64.70699282211501,62.22533718080278,81.87583552810543,77.09360449323952
ROSSBLACKLOCK_19980709,Ross Blacklock,DL,2024,NYG,71.7970867154915,71.57087466750454,76.77653302891895,66.27625233600129,56.9840072294902,73.40230898911697,73.98655516172721,85.16084329639641
SIAKIIKA_20001108,Siaki Ika,DL,2024,KC,66.62031079731247,61.54539086989689,70.39026329137755,58.34052671111324,51.02044524220008,63.54164366776989,74.69567043950599,92.27877395332743
T.J.SMITHJR_19970419,T.J. Smith,DL,2024,CAR,63.76279273592297,71.63342720467381,76.17727523082112,64.57306834990582,56.262770535678555,63.346494201850376,74.85876620377508,82.81048123748963
T.Y.MCGILL_19921123,T.Y. McGill,DL,2024,SF,67.92271786045313,71.95954520008263,75.79562092747756,63.87908997347867,55.27149802844036,72.6153037310993,71.59476228890264,82.8685167629654
TAKITAIMANI_19991006,Taki Taimani,DL,2024,MIN,60.645949948092095,71.17019989636651,76.18939813272686,62.31225699259973,56.44639478590011,52.53965416910795,75.74446853784127,85.37280332744419
TAYLORSTALLWORTH_19950818,Taylor Stallworth,DL,2024,WAS,64.65705240617552,65.56680822438807,73.01967209544728,59.90794488792851,51.54968670360563,69.9888467767998,64.90371868041916,80.72049075286111
TRAVISBELL_19981027,Travis Bell,DL,2024,MIN,62.71157030276032,70.70307405767153,76.1121015898218,62.238628590569945,55.985812893993284,57.31155493260367,75.32768420517118,86.14873274047395
,Ty Shelby,DL,2024,LAC,62.37872845651924,77.59756368127023,80.88836714064382,72.45109286358934,63.8668409359185,58.90205107942603,80.83793526826219,77.45776006126934
,Keshawn Banks,DL,2024,NE,61.77721663551796,78.88264335873578,82.1589920410886,73.82117875150605,65.75907506724633,56.401127436183586,82.21469555762462,76.77611009422827
,Joshua Pryor,DL,2024,CIN,61.62364027939225,74.45745734791899,78.70934148827723,69.10550008025193,60.98310171203235,57.10185450187453,79.43930071241437,79.99389202358827
,Brevin Allen,DL,2024,NE,62.1378847575171,76.37522047746097,80.74079009743332,71.9687377779427,63.77262512977563,56.98383214987642,80.38079311827732,78.41545697482671
,Gabe Hall,DL,2024,PHI,60.67323408859619,72.3183721530504,76.24109423401433,67.29910870107626,59.44192154406909,53.52491911417178,79.43172550207805,81.28032064842145
,James Ester,DL,2024,GB,60.92840921452796,73.37072358517935,77.56693020134844,67.1614686834218,60.2697506541129,52.72853093631919,78.91496385130893,81.80590719819864
,Devere Levelston,DL,2024,SEA,60.95935109119279,75.34180094295448,79.75953821636381,68.787607795502,61.53650730416837,53.33361571598377,78.5858920043803,80.98999730091684
,C.J. Ravenell,DL,2024,BAL,60.363652118515404,73.14432733099011,76.53296590487048,66.79319473425069,59.543779042897256,52.81857114303614,79.78512062100208,81.43234211845312
,Nate Lynn,DL,2024,DET,61.418861692667974,78.58534551784669,81.87416565025023,74.31039805950243,66.78109573130519,52.51400915370509,82.60798902880265,77.04273213117132
,Branson Deen,DL,2024,BUF,60.68105257540731,73.34614921293769,78.2939289799674,64.39759925564816,58.23475932729286,52.85820422221924,76.13306237779261,84.11843738595161
,Popo Aumavae,DL,2024,CAR,60.07947224998543,70.9141061261248,75.54197171661554,61.53415661903706,55.183545071030494,53.08457058399364,75.62119974213601,85.48113358132909
,Derrick McLendon,DL,2024,MIA,60.957313907676166,79.91893850489555,82.90524426063507,74.63854048779244,66.76512583082496,53.0172097358472,82.44253429828518,76.65495844981362
,Ovie Oghoufo,DL,2024,LV,60.5534781700195,79.76526100241267,81.8294553846772,73.8674332848145,66.46603567527285,52.13314332501058,83.61139301642845,76.63893069184701
,Tomari Fox,DL,2024,LV,61.0132194089482,73.7349648162376,78.17751624559492,66.98556343295039,60.36469829460043,52.6371391439733,78.37480012878495,82.14752639792378
,Jordan Miller,DL,2024,DEN,60.495216705563394,71.6725003329791,76.48237504937197,63.5462644667909,56.86849953270905,53.26065821789375,76.2741962295014,84.3424249845405
,Daniel Grzesiak,DL,2024,TB,61.19629854881276,79.84027433144524,82.44977762750341,74.04828061191202,67.51172493181065,51.2950614783782,83.35949401489643,77.06316532518177
,Pheldarius Payne,DL,2024,HOU,60.57994183531258,76.75401868017434,80.4774357079632,69.26079328987218,62.179849530000126,52.98753363070351,79.3700668980681,80.38375676469816
,Kyler Baugh,DL,2024,NYG,61.36777466145071,70.88253042197084,76.60862289963984,64.63441792715628,57.86885663564573,53.371705398926935,76.04383990537087,84.19057789119697
,Trajan Jeffcoat,DL,2024,NO,60.80825793248539,78.66264514126465,80.15314428930469,68.86121875345808,60.47388239563145,53.37189788803654,80.5856729482399,78.65684479511117
,Isaiah Iton,DL,2024,TEN,61.04783400655225,75.87587924425998,80.22235495031669,69.06103035068385,62.1561168784566,52.92202090076141,78.8185459444395,80.88447259854726
,Norell Pollard,DL,2024,WAS,60.84564709435182,78.28084643449688,81.3002716018998,70.46126134386242,64.58471848390735,51.196868087899645,81.22691021075457,79.55922375030785
,Tyler Manoa,DL,2024,LV,60.309466340039535,69.97371573649002,74.48228301613585,62.82166314074891,55.68425314847332,53.4778185145218,76.8016239120467,84.39709294736873
,Dashaun Mallory,DL,2024,CHI,60.73035805677017,76.16641192195038,79.74769044351933,68.27037739599533,62.124825646350075,51.86227388750315,79.66807884378386,81.06680797819679
,Anthony Goodlow,DL,2024,ARI,60.39760767776829,75.30047830352669,78.89518867235552,68.6053193810386,60.97422484852058,53.44037200159333,79.51143075068819,80.49923973271399
,Denzel Daxon,DL,2024,DAL,60.13090041918417,69.13209555666367,73.6614890332537,59.68273552990783,54.02700627377925,52.21975253036777,75.68586774505809,86.59522338891655
,Jotham Russell,DL,2024,NE,61.77275834646815,80.4402890676995,83.81859287876341,77.71307781913029,69.32269706126897,53.218468016537344,83.58192134134754,74.94612798275415
,David Olajiga,DL,2024,LAR,59.673684393483825,70.62028906944715,74.22741427058372,60.72354803479716,54.89667108533263,52.0658309878651,77.01066636309417,85.4303543918266
,Camron Peterson,DL,2024,NO,60.39298389361477,74.8747222684442,77.73265293924942,68.88676631632869,61.55080550419797,52.547807941224704,81.22183200023233,79.9044022465927
VONMILLER_19890326,Von Miller,DL,2024,BUF,86.0,85.0,85.0,85.0,73.0,91.0,83.0,84.0
BRANDONGRAHAM_19880403,Brandon Graham,DL,2024,PHI,80.0,78.0,79.0,76.0,64.0,90.0,77.0,86.0
POONAFORD_19951119,Poona Ford,DL,2024,LAC,77.0,72.0,69.0,62.0,54.0,86.0,73.0,86.0
DAVONHAMILTON_19970201,DaVon Hamilton,DL,2024,JAX,76.0,71.0,69.0,66.0,53.0,74.0,73.0,91.0
LUKASVANNESS_20010706,Lukas Van Ness,DL,2024,GB,74.0,86.0,91.0,83.0,73.0,72.0,76.0,81.0
TYQUANLEWIS_19950130,Tyquan Lewis,DL,2024,IND,74.0,81.0,88.0,75.0,66.0,69.0,85.0,83.0
DRAKEJACKSON_20041201,Drake Jackson,DL,2024,SF,73.0,84.0,90.0,83.0,74.0,68.0,87.0,75.0
JACOBMARTIN_19951211,Jacob Martin,DL,2024,CHI,73.0,87.0,86.0,81.0,72.0,74.0,83.0,77.0
TRAVISJONES_19991015,Travis Jones,DL,2024,BAL,73.0,75.0,72.0,71.0,59.0,69.0,71.0,92.0
FELIXANUDIKE-UZOMAH_20020124,Felix Anudike-Uzomah,DL,2024,KC,72.0,81.0,82.0,85.0,72.0,71.0,82.0,72.0
DA'SHAWNHAND_19951114,Da'Shawn Hand,DL,2024,MIA,71.0,77.0,78.0,57.0,54.0,69.0,77.0,88.0
DAWUANESMOOT_19950302,Dawuane Smoot,DL,2024,BUF,71.0,79.0,78.0,80.0,62.0,78.0,73.0,82.0
JOSEPHOSSAI_20000412,Joseph Ossai,DL,2024,CIN,71.0,85.0,91.0,80.0,65.0,66.0,90.0,80.0
LEVIONWUZURIKE_19980302,Levi Onwuzurike,DL,2024,DET,71.0,79.0,81.0,74.0,64.0,66.0,74.0,87.0
MALCOLMROACH_19980609,Malcolm Roach,DL,2024,DEN,71.0,75.0,81.0,65.0,51.0,76.0,74.0,83.0
MYLESMURPHY_20010302,Myles Murphy,DL,2024,CIN,71.0,88.0,90.0,77.0,74.0,65.0,76.0,82.0
DOMINIQUEROBINSON_19980702,Dominique Robinson,DL,2024,CHI,70.0,82.0,89.0,77.0,73.0,64.0,94.0,81.0
ISAIAHFOSKEY_20001030,Isaiah Foskey,DL,2024,NO,70.0,86.0,90.0,74.0,69.0,66.0,82.0,76.0
JOWONBRIGGS_20010901,Jowon Briggs,DL,2024,CLE,69.0,72.0,73.0,66.0,57.0,61.0,66.0,88.0
PHIDARIANMATHIS_19980426,Phidarian Mathis,DL,2024,WAS,69.0,63.0,69.0,56.0,50.0,68.0,61.0,89.0
ARMONWATTS_19960722,Armon Watts,DL,2024,NE,68.0,71.0,68.0,62.0,48.0,73.0,75.0,85.0
JAYTUFELE_19990725,Jay Tufele,DL,2024,CIN,68.0,72.0,75.0,59.0,53.0,63.0,76.0,88.0
CAMERONYOUNG_20000608,Cameron Young,DL,2024,SEA,67.0,69.0,77.0,52.0,51.0,66.0,71.0,88.0
JOSHTUPOU_19940502,Josh Tupou,DL,2024,BAL,67.0,71.0,59.0,53.0,45.0,68.0,61.0,86.0
MARCUSHARRIS_20000927,Marcus Harris,DL,2024,HOU,67.0,67.0,70.0,59.0,58.0,65.0,72.0,83.0
ZACCHPICKENS_20000306,Zacch Pickens,DL,2024,CHI,67.0,76.0,83.0,69.0,60.0,68.0,75.0,81.0
COLBYWOODEN_20001221,Colby Wooden,DL,2024,GB,66.0,79.0,87.0,68.0,66.0,70.0,76.0,78.0
DYLANHORTON_20000821,Dylan Horton,DL,2024,HOU,66.0,81.0,82.0,70.0,65.0,68.0,82.0,73.0
ISAIAHMCGUIRE_20010727,Isaiah McGuire,DL,2024,CLE,66.0,79.0,88.0,75.0,66.0,64.0,86.0,79.0
JANARIUSROBINSON_19980504,Janarius Robinson,DL,2024,LV,66.0,82.0,86.0,73.0,67.0,67.0,82.0,81.0
LEVIDRAKERODRIGUEZ_20000804,Levi Drake Rodriguez,DL,2024,MIN,66.0,72.0,64.0,63.0,58.0,60.0,66.0,84.0
MATTHENNINGSEN_19990501,Matt Henningsen,DL,2024,DEN,66.0,73.0,77.0,77.0,72.0,69.0,89.0,82.0
TYLERLACY_19991110,Tyler Lacy,DL,2024,JAX,66.0,69.0,81.0,65.0,58.0,68.0,71.0,86.0
JAVONTAEJEAN-BAPTISTE_20000516,Javontae Jean-Baptiste,DL,2024,WAS,65.0,84.0,85.0,67.0,58.0,67.0,83.0,77.0
JUSTINROGERS_20091201,Justin Rogers,DL,2024,DAL,65.0,59.0,64.0,52.0,52.0,54.0,63.0,87.0
KINGSLEYJONATHAN_19980428,Kingsley Jonathan,DL,2024,BUF,65.0,80.0,88.0,83.0,68.0,56.0,83.0,80.0
MYLESCOLE_20000429,Myles Cole,DL,2024,JAX,65.0,83.0,85.0,63.0,57.0,67.0,84.0,78.0
ISAIAHLAND_20000205,Isaiah Land,DL,2024,IND,64.0,85.0,90.0,77.0,70.0,59.0,83.0,69.0
MALIKHERRING_19981109,Malik Herring,DL,2024,KC,64.0,76.0,80.0,69.0,54.0,59.0,74.0,78.0
ADETOMIWAADEBAWORE_20010304,Adetomiwa Adebawore,DL,2024,IND,63.0,89.0,92.0,79.0,73.0,60.0,88.0,84.0
ISAIAHHLOUDERMILK_19971010,Isaiahh Loudermilk,DL,2024,PIT,63.0,70.0,79.0,67.0,63.0,61.0,71.0,79.0
JORDONRILEY_19980519,Jordon Riley,DL,2024,NYG,63.0,63.0,61.0,47.0,51.0,65.0,64.0,88.0
LACALELONDON_19970805,LaCale London,DL,2024,ATL,63.0,72.0,78.0,67.0,52.0,60.0,79.0,83.0
NICKTHURMAN_19950612,Nick Thurman,DL,2024,CAR,63.0,70.0,74.0,65.0,53.0,63.0,80.0,84.0
MIKEGREENE_19990503,Mike Greene,DL,2024,TB,62.0,67.0,72.0,64.0,61.0,67.0,75.0,83.0
NAQUANJONES_19980205,Naquan Jones,DL,2024,ARI,62.0,57.0,52.0,57.0,54.0,72.0,64.0,82.0
OTITOOGBONNIA_20000825,Otito Ogbonnia,DL,2024,LAC,62.0,62.0,65.0,53.0,45.0,69.0,65.0,86.0
DESJUANJOHNSON_19990903,Desjuan Johnson,DL,2024,LAR,61.0,72.0,80.0,62.0,64.0,65.0,72.0,79.0
SOLOMONBYRD_19991201,Solomon Byrd,DL,2024,HOU,61.0,72.0,76.0,67.0,63.0,66.0,78.0,73.0
ABDULLAHANDERSON_19960124,Abdullah Anderson,DL,2024,TEN,67.77422041085345,72.1636417289784,76.29990153650056,65.93984423557248,56.266619331401444,71.31732084656778,75.25766912645736,83.41808776438668
ANDREJONESJR_19981025,Andre Jones Jr.,DL,2024,WAS,63.91938205206759,79.77665249685231,82.87863048545455,72.5882916746425,63.70971292470324,60.67162881386457,75.05393758624314,77.89403836148315
CHRISRUMPHII_19981019,Chris Rumph II,DL,2024,LAC,69.8809359701927,82.12928452621179,85.66951827294906,78.43445314005169,69.703386892975,69.80503627033113,80.9555738555307,74.7282368550056
ERICJOHNSONII_19980716,Eric Johnson,DL,2024,NE,67.00415262930176,73.82885646987017,79.56521928473376,67.03131267720988,59.70390406682793,66.06266392466296,76.93718884666873,83.66313896881522
JAQUELINROY_20001022,Jaquelin Roy,DL,2024,NE,67.59232554107246,74.48394330404642,80.87747529079911,63.19196331737044,53.613343697908476,64.44806525455215,76.83256560594987,87.05608879631481
JEREMIAHPHARMSJR_19961016,Jeremiah Pharms,DL,2024,NE,66.28256891930687,71.73870957928932,76.88533193880335,64.54652855943971,56.60460844668819,68.03400696778112,75.71114314504689,83.61902223745832
JONAHLAULU_20000630,Jonah Laulu,DL,2024,LV,62.61801062903385,74.94505387047423,78.51953684295563,65.98382713548364,61.1191302953996,58.67273905677666,78.43120543469331,81.93668444610972
LINVALJOSEPH_19881010,Linval Joseph,DL,2024,DAL,78.8582046668688,66.52493025413389,71.98738399516674,58.4245272497281,44.292239561871156,90.36574362835904,63.44275628077821,96.83213157252504
MARIOEDWARDSJR_19940419,Mario Edwards,DL,2024,HOU,77.17152979893456,79.0402192679386,80.50633151294369,72.35738847599828,58.003146353013335,80.4187986673412,76.05137013817898,88.05926171021187
MARLONTUIPULOTU_19990601,Marlon Tuipulotu,DL,2024,KC,68.17139603612407,72.08364698550565,78.21546188036677,64.67263277638659,57.64783441635609,68.52815416225235,75.99943627874882,85.42187162304913
MATTDICKERSON_19951109,Matt Dickerson,DL,2024,MIA,67.15971834566176,70.82633251320942,75.61328136546877,66.19739904862251,55.52168303339647,71.06293532856898,74.01241031871746,83.39901738506288
MYLESADAMS_19980309,Myles Adams,DL,2024,DET,66.9129303928911,73.50537164380933,78.28858607658094,66.28561025199912,58.24538452581305,68.14120364020141,76.06071886359632,82.72648774477759
NEVILLEGALLIMORE_19970117,Neville Gallimore,DL,2024,LAR,71.5763469427385,75.84392484955526,81.22289519561173,64.36562335782037,55.29568141857578,72.90761391508136,74.51178637133671,84.74652800353408
PATO'CONNOR_19931101,Pat O'Connor,DL,2024,DET,68.14108159426075,71.45874515020694,75.95897828279817,64.99273498904677,57.20890943232098,72.51522680133576,72.90858125317413,83.63712845644054
PHILHOSKINS_19970102,Phil Hoskins,DL,2024,DAL,64.49663483958477,66.59177677361583,75.47416371683084,60.744327922430955,53.23723745395034,68.38972085278033,71.8518356607592,82.06444864908119
QUINTONBOHANNA_19990316,Quinton Bohanna,DL,2024,SEA,65.73133217473185,61.437134518569906,72.80422920927117,55.58874038142329,47.39569301144377,68.74341783333625,69.60001773100453,87.9655521387692
SAMROBERTS_19980414,Sam Roberts,DL,2024,CAR,65.52315381682524,73.95637110585415,79.29408766227652,67.46742439739916,60.30117699884647,64.36097964860778,77.56683769736605,82.44939788534569
SHELDONDAY_19940701,Sheldon Day,DL,2024,WAS,74.20719415854785,72.4607059357437,77.3311348275804,69.6141540775327,59.09488980710796,81.6819699541004,72.28745433206109,82.15208983511215
TYRUSWHEAT_19991208,Tyrus Wheat,DL,2024,DAL,65.23001654407562,82.71669728187237,83.98864511849729,71.98807815256936,64.97000229198022,61.250252002597335,76.73301035512532,77.69883671944496
ZACHHARRISON_20010814,Zach Harrison,DL,2024,ATL,69.30530561491207,80.43708558711103,84.66438561362065,75.00485664090405,64.5888656547096,65.96422213599521,79.627315347783,80.81159740513874
CHASEYOUNG_19990101,Chase Young,DL,2024,NO,85.0,86.0,90.0,86.0,71.0,85.0,84.0,86.0
JALENCARTER_20010404,Jalen Carter,DL,2024,PHI,82.0,82.0,88.0,78.0,69.0,78.0,80.0,94.0
BRYCEHUFF_19980417,Bryce Huff,DL,2024,PHI,79.0,84.0,88.0,80.0,72.0,76.0,80.0,72.0
CHARLESOMENIHU_19970820,Charles Omenihu,DL,2024,KC,77.0,75.0,79.0,77.0,66.0,86.0,87.0,83.0
DORANCEARMSTRONG_19970610,Dorance Armstrong,DL,2024,WAS,77.0,80.0,81.0,81.0,68.0,82.0,80.0,82.0
DEREKBARNETT_19960625,Derek Barnett,DL,2024,HOU,76.0,77.0,76.0,75.0,63.0,83.0,76.0,85.0
MAURICEHURST_19950509,Maurice Hurst,DL,2024,CLE,76.0,74.0,77.0,65.0,59.0,75.0,76.0,91.0
SAMWILLIAMS_19990331,Sam Williams,DL,2024,DAL,75.0,89.0,91.0,82.0,70.0,71.0,86.0,77.0
GREGGAINES_19960506,Greg Gaines,DL,2024,TB,74.0,72.0,71.0,60.0,56.0,82.0,76.0,87.0
KEVINGIVENS_19970301,Kevin Givens,DL,2024,SF,74.0,73.0,67.0,64.0,59.0,85.0,76.0,88.0
BRYANBRESEE_20011006,Bryan Bresee,DL,2024,NO,73.0,78.0,85.0,70.0,68.0,75.0,72.0,88.0
TYREEWILSON_20000520,Tyree Wilson,DL,2024,LV,73.0,81.0,87.0,76.0,70.0,72.0,82.0,85.0
ADAMBUTLER_19940412,Adam Butler,DL,2024,LV,72.0,71.0,64.0,64.0,52.0,82.0,71.0,85.0
MAZISMITH_20010616,Mazi Smith,DL,2024,DAL,72.0,74.0,77.0,77.0,66.0,65.0,73.0,94.0
TANOHKPASSAGNON_19940614,Tanoh Kpassagnon,DL,2024,NO,72.0,80.0,82.0,74.0,61.0,73.0,74.0,82.0
WILLIAMGHOLSTON_19910731,William Gholston,DL,2024,TB,72.0,72.0,72.0,72.0,58.0,77.0,71.0,84.0
MEKHIWINGO_20030417,Mekhi Wingo,DL,2024,DET,71.0,77.0,86.0,73.0,66.0,69.0,77.0,79.0
BRANDONDORLUS_20010322,Brandon Dorlus,DL,2024,ATL,70.0,77.0,82.0,70.0,52.0,67.0,75.0,84.0
KHYIRISTONGA_19960707,Khyiris Tonga,DL,2024,ARI,70.0,69.0,76.0,57.0,54.0,69.0,74.0,91.0
MICHEALCLEMONS_19970821,Micheal Clemons,DL,2024,NYJ,70.0,77.0,84.0,74.0,65.0,69.0,84.0,80.0
TERSHAWNWHARTON_19980625,Tershawn Wharton,DL,2024,KC,70.0,79.0,84.0,72.0,60.0,69.0,76.0,85.0
TYLERDAVIS_20001101,Tyler Davis,DL,2024,LAR,70.0,72.0,78.0,60.0,51.0,61.0,71.0,89.0
AUSTINBOOKER_20021214,Austin Booker,DL,2024,CHI,69.0,79.0,83.0,74.0,69.0,72.0,79.0,76.0
JAVONSOLOMON_20010117,Javon Solomon,DL,2024,BUF,69.0,82.0,84.0,75.0,64.0,70.0,88.0,77.0
JORDANJEFFERSON_20010924,Jordan Jefferson,DL,2024,JAX,69.0,69.0,72.0,67.0,50.0,60.0,76.0,91.0
JUSTINEBOIGBE_20010409,Justin Eboigbe,DL,2024,LAC,69.0,66.0,71.0,67.0,50.0,71.0,70.0,83.0
KHRISTIANBOYD_19960822,Khristian Boyd,DL,2024,NO,69.0,63.0,69.0,55.0,50.0,67.0,71.0,88.0
LOGANLEE_20000612,Logan Lee,DL,2024,PIT,69.0,71.0,73.0,78.0,69.0,70.0,77.0,83.0
ROYLOPEZ_19970807,Roy Lopez,DL,2024,ARI,69.0,67.0,69.0,70.0,61.0,64.0,76.0,90.0
CEDRICJOHNSON_20020906,Cedric Johnson,DL,2024,CIN,68.0,85.0,89.0,69.0,66.0,68.0,90.0,79.0
KARLBROOKS_20000508,Karl Brooks,DL,2024,GB,68.0,70.0,79.0,67.0,47.0,70.0,67.0,84.0
TA'QUONGRAHAM_19981201,Ta'Quon Graham,DL,2024,ATL,68.0,75.0,80.0,72.0,58.0,64.0,79.0,86.0
JADENCRUMEDY_20000730,Jaden Crumedy,DL,2024,CAR,67.0,73.0,81.0,61.0,59.0,61.0,73.0,84.0
JEREMIAHLEDBETTER_19940529,Jeremiah Ledbetter,DL,2024,JAX,67.0,77.0,79.0,66.0,52.0,70.0,81.0,85.0
KURTHINISH_19990427,Kurt Hinish,DL,2024,HOU,67.0,70.0,78.0,67.0,63.0,65.0,70.0,88.0
MARLONDAVIDSON_19980511,Marlon Davidson,DL,2024,TEN,67.0,71.0,72.0,70.0,59.0,67.0,73.0,81.0
DEMARVINLEAL_20000701,DeMarvin Leal,DL,2024,PIT,66.0,73.0,78.0,77.0,64.0,72.0,75.0,74.0
LARRELLMURCHISON_19970424,Larrell Murchison,DL,2024,LAR,65.0,71.0,69.0,58.0,56.0,70.0,72.0,87.0
ZIONLOGUE_20010713,Zion Logue,DL,2024,ATL,64.0,68.0,68.0,56.0,50.0,60.0,72.0,83.0
LABRYANRAY_19971205,LaBryan Ray,DL,2024,CAR,62.0,68.0,70.0,62.0,64.0,65.0,71.0,83.0
ANGELOBLACKSON_19921114,Angelo Blackson,DL,2024,ARI,75.67839684488797,67.64472703526098,74.98598349314102,65.07271785443737,53.78116072343613,84.39071579919073,68.92970928664647,85.15532728134349
BRENNANJACKSON_20001014,Brennan Jackson,DL,2024,LAR,65.71803243012414,84.20791211997619,85.86257421888968,75.2456094403102,67.6967812180223,60.25769689293861,83.91046444418066,76.20671872157331
CAMERONTHOMAS_20000107,Cameron Thomas,DL,2024,KC,71.41048729574254,80.11843495476012,83.77569531896165,76.28302282685087,67.65666168998126,71.35548753290914,81.91299968302235,80.0031073388615
CAMSAMPLE_19990920,Cameron Sample,DL,2024,CIN,72.98220726363093,82.2103632537877,85.33988519937611,77.18693473316654,67.35085289313099,70.40894293495171,85.94541096372325,79.87922632414325
CHARLESHARRIS_19950306,Charles Harris,DL,2024,CAR,76.17469592009309,81.76295449688985,84.59812092572497,78.7025213869889,68.92708546769472,81.80415614277604,79.73001471431769,76.91661449848999
D.J.DAVIDSON_19970919,DJ Davidson,DL,2024,NYG,68.78944758288696,71.8327384680482,77.43393791684116,65.44893430844854,56.26659409837879,70.35634357707318,71.49720689309572,86.7407070096695
EMMANUELOGBAH_19931106,Emmanuel Ogbah,DL,2024,MIA,77.67488216861602,81.58958288745123,83.18736076792243,77.29018713565057,64.05454066073656,81.63606364153475,79.73477378680138,80.457565426788
GERVONDEXTER_20100501,Gervon Dexter Sr.,DL,2024,CHI,71.11354355801552,75.24344189843669,80.45007656808934,70.93017316523685,61.920012499171264,69.3624832088185,77.97749426896678,84.92464279745272
ISAIAHBUGGS_19960824,Isaiah Buggs,DL,2024,KC,68.60009232027517,64.22975348732098,72.80704558291143,57.93341142530056,49.588876733616985,77.08869234093163,62.293902186011906,86.33815229169196
JERRYHUGHES_19880813,Jerry Hughes,DL,2024,HOU,81.89376389599545,80.71324561695042,82.33808930086889,79.09533332358478,65.6182626587186,94.46603269183925,77.20000109015041,80.98040355258462
JOHNRIDGEWAY_19990507,John Ridgeway,DL,2024,NO,67.97063898099555,65.96015332030277,74.97602511715456,62.3740621806553,55.76833525962638,71.70054679234795,75.04815630102155,87.11175751040417
JOSHPASCHAL_19991217,Joshua Paschal,DL,2024,DET,73.14817101871881,81.48959292287373,85.44486616868403,75.73959063951992,66.1666102062772,70.10056246188378,86.42708310836804,83.91513424862785
K.J.HENRY_19990127,KJ Henry,DL,2024,PHI,70.35758425796735,86.65836732643083,86.27724352394307,77.89101317232388,69.49499237161751,68.08176662214464,82.70720499013566,76.98981727557393
KHALILDAVIS_19960822,Khalil Davis,DL,2024,HOU,70.89740899629498,73.9380996453408,77.7337392444017,64.90425550719294,56.45368377314247,73.97999935524558,74.11210274458836,88.7775905786884
OGBONNIAOKORONKWO_19950424,Ogbo Okoronkwo,DL,2024,CLE,73.19139128968868,82.364583768736,84.4229819500215,76.13298260626124,66.75813939792744,76.62821909731292,85.24765216168646,79.4037535148777
SHAQLAWSON_19940617,Shaq Lawson,DL,2024,CAR,77.96316517310868,81.33556250973515,83.84064296296981,78.8418090575824,67.53380059520731,83.47297599607168,80.1489983118812,81.99952894668891
TIMSETTLE_19970711,Tim Settle,DL,2024,HOU,70.5671527866175,62.21444517386044,71.7421378767383,60.61233504346768,51.82735952961718,80.01454142709872,63.918336808800404,88.51049402686581
TKMCLENDONJR_19990227,TK McLendon Jr.,DL,2024,TEN,66.89541573608665,77.4302356792947,80.81134856200799,70.77370582009081,64.35730577786114,67.8435965346257,80.51240918028657,79.74287317422568
MONTEZSWEAT_19960904,Montez Sweat,DL,2024,CHI,84.0,89.0,91.0,82.0,71.0,81.0,86.0,80.0
LEONARDWILLIAMS_19940620,Leonard Williams,DL,2024,SEA,82.0,75.0,75.0,71.0,59.0,90.0,73.0,90.0
KOBIETURNER_19990426,Kobie Turner,DL,2024,LAR,80.0,74.0,82.0,80.0,64.0,82.0,72.0,89.0
DAYOODEYINGBO_19990924,Dayo Odeyingbo,DL,2024,IND,74.0,80.0,85.0,79.0,65.0,71.0,83.0,84.0
DEVONTEWYATT_19980331,Devonte Wyatt,DL,2024,GB,74.0,80.0,90.0,69.0,60.0,74.0,72.0,86.0
DEANLOWRY_19940609,Dean Lowry,DL,2024,PIT,73.0,76.0,77.0,70.0,57.0,77.0,79.0,86.0
MORGANFOX_19940912,Morgan Fox,DL,2024,LAC,73.0,74.0,77.0,73.0,67.0,77.0,84.0,82.0
BRENTURBAN_19910505,Brent Urban,DL,2024,BAL,71.0,72.0,74.0,66.0,54.0,81.0,69.0,81.0
KEIONWHITE_19990120,Keion White,DL,2024,NE,71.0,80.0,81.0,69.0,66.0,67.0,82.0,88.0
SOLOMONTHOMAS_19950826,Solomon Thomas,DL,2024,NYJ,71.0,83.0,84.0,78.0,60.0,65.0,84.0,87.0
CHAUNCEYGOLSTON_19980210,Chauncey Golston,DL,2024,DAL,70.0,78.0,87.0,71.0,63.0,71.0,84.0,81.0
DEWAYNECARTER_20001210,DeWayne Carter,DL,2024,BUF,70.0,73.0,78.0,57.0,56.0,73.0,78.0,82.0
KINGSLEYENAGBARE_20000118,Kingsley Enagbare,DL,2024,GB,70.0,77.0,83.0,67.0,63.0,70.0,87.0,83.0
LEKIFOTU_19980823,Leki Fotu,DL,2024,NYJ,70.0,73.0,69.0,61.0,55.0,73.0,74.0,88.0
DANTESTILLS_19991214,Dante Stills,DL,2024,ARI,69.0,76.0,83.0,71.0,60.0,73.0,71.0,80.0
KENTAVIUSSTREET_19960508,Kentavius Street,DL,2024,ATL,69.0,78.0,81.0,73.0,57.0,69.0,79.0,89.0
MCKINNLEYJACKSON_20011226,McKinnley Jackson,DL,2024,CIN,69.0,64.0,72.0,55.0,51.0,71.0,60.0,84.0
ALEXWRIGHT_20000905,Alex Wright,DL,2024,CLE,66.0,79.0,84.0,70.0,66.0,68.0,74.0,73.0
JONATHANHARRIS_19960804,Jonathan Harris,DL,2024,MIA,64.0,70.0,68.0,67.0,52.0,68.0,76.0,81.0
ALBERTHUGGINSJR_19970627,Albert Huggins,DL,2024,DAL,70.56543531167358,67.43454598362132,74.33691401202907,59.56983754076526,50.71196317772967,75.57608891734117,65.64576942528879,89.08998995166814
DARRELLTAYLOR_19970324,Darrell Taylor,DL,2024,CHI,72.1495308964628,81.13541892808735,83.56969922563599,75.40284445779824,66.48829727277439,72.58150869355825,81.48450986886576,80.44860216259312
JAMESSMITH-WILLIAMS_19970730,James Smith-Williams,DL,2024,ATL,70.9338997979462,81.97692481555703,83.77250763943186,73.24133117444674,63.493124661115075,71.7196941630333,78.98091475089507,81.6819033110603
JOEYBOSA_19950711,Joey Bosa,DL,2024,LAC,79.88457270532228,76.98978838245864,79.58517189402278,76.76317375873225,63.78508399594227,86.42125762609453,78.46546630122532,84.76594416546723
RAKEEMNUNEZ-ROCHES_19930703,Rakeem Nunez-Roches,DL,2024,NYG,73.28377032080516,68.46883338833197,75.70570770603535,63.132790586407964,52.595449090672844,81.10323937575833,73.61102428661673,86.26480406053943
ZACHARYCARTER_19990407,Zachary Carter,DL,2024,LV,69.6914650665941,74.74913395699446,79.47953096719061,69.01921723113361,61.18238107943563,70.65516569985596,73.75855500823047,81.4158741618808
EDDIEGOLDMAN_19940106,Eddie Goldman,DL,2024,ATL,75.0,64.0,59.0,61.0,52.0,81.0,63.0,93.0
GENARDAVERY_19950426,Genard Avery,DL,2024,IND,68.0,84.0,87.0,83.0,68.0,60.0,86.0,82.0
BREIDENFEHOKO_19961015,Breiden Fehoko,DL,2024,PIT,66.0,72.0,80.0,59.0,52.0,68.0,78.0,88.0
BYRONCOWART_19970520,Byron Cowart,DL,2024,CHI,65.0,69.0,67.0,61.0,59.0,63.0,74.0,85.0
EYIOMAUWAZURIKE_19980506,Eyioma Uwazurike,DL,2024,DEN,65.0,62.0,68.0,65.0,55.0,72.0,80.0,83.0
ESEZIOTOMEWO_19990309,Esezi Otomewo,DL,2024,JAX,64.0,76.0,81.0,62.0,48.0,67.0,69.0,81.0
ISAIAHMACK_19960319,Isaiah Mack,DL,2024,MIA,64.0,72.0,80.0,67.0,59.0,56.0,79.0,81.0
JORDANJACKSON_19980130,Jordan Jackson,DL,2024,DEN,64.0,74.0,74.0,76.0,66.0,67.0,75.0,78.0
JERRODCLARK_19991116,Jerrod Clark,DL,2024,LAC,63.0,64.0,73.0,62.0,51.0,58.0,69.0,88.0
JONATHANFORD_19980928,Jonathan Ford,DL,2024,GB,63.0,57.0,66.0,52.0,47.0,65.0,72.0,84.0
MICHAELDWUMFOUR_19980101,Michael Dwumfour,DL,2024,CHI,63.0,69.0,81.0,73.0,66.0,64.0,78.0,77.0
SAMOKUAYINONU_19980501,Sam Okuayinonu,DL,2024,SF,63.0,80.0,85.0,68.0,63.0,55.0,85.0,83.0
,Jalen Redmond,DL,2024,MIN,63.0,79.0,85.0,74.0,64.0,60.0,83.0,85.0
MARQUANMCCALL_19990326,Marquan McCall,DL,2024,LV,62.0,59.0,55.0,47.0,44.0,59.0,55.0,88.0
JACOBSLADE_20000223,Jacob Slade,DL,2024,PIT,61.0,74.0,80.0,63.0,59.0,66.0,76.0,80.0
ARRONMOSBY_19990413,Arron Mosby,DL,2024,GB,60.0,82.0,86.0,67.0,62.0,50.0,74.0,76.0
DAVIDUGWOEGBU_20000913,David Ugwoegbu,DL,2024,BUF,60.0,77.0,75.0,66.0,61.0,65.0,77.0,75.0
MATTGOTEL_19990102,Matt Gotel,DL,2024,SEA,60.0,61.0,63.0,55.0,51.0,49.0,68.0,90.0
WILLINGTONPREVILON_19970519,Willington Previlon,DL,2024,PIT,60.0,73.0,76.0,54.0,58.0,65.0,78.0,81.0
C.J.BREWER_19971122,C.J. Brewer,DL,2024,TB,59.0,73.0,81.0,55.0,51.0,54.0,71.0,80.0
RAYSHADNICHOLS_19990709,Rayshad Nichols,DL,2024,BAL,58.0,61.0,68.0,63.0,62.0,52.0,73.0,74.0
AL-QUADINMUHAMMAD_19950328,Al-Quadin Muhammad,DL,2024,DET,70.1560582844478,79.18316347117991,82.13592650115709,75.6220247694337,67.06802130838861,73.09362991671549,78.57188425234574,77.35258531282318
ALEXBARRETT_19940306,Alex Barrett,DL,2024,SF,68.28700058088089,77.48529882725256,81.2702437393857,72.14659160175725,64.73508379347504,70.65123798137256,77.54475916295826,78.16281470026001
ALIGAYE_19981129,Ali Gaye,DL,2024,TEN,62.538926969570525,77.53750339244334,80.55314749466845,71.54544381213739,59.71143530946608,60.35623317216994,78.97190326426573,78.3237348322634
BRADLEEANAE_19980117,Bradlee Anae,DL,2024,NYJ,68.59063286903154,78.18325726150715,81.53882077345293,73.59211629280364,65.57076813175166,67.74122059018168,80.53506263538577,79.56514611183945
BREELANDSPEAKS_19951218,Breeland Speaks,DL,2024,JAX,72.59663143633713,77.52395039034764,81.37112706116022,72.17853431857634,59.79186535671113,72.82779858019398,80.3695138113809,83.71914068604411
CARLOSDAVIS_19960822,Carlos Davis,DL,2024,CIN,67.7268983294831,70.82998147710487,76.8668744363905,63.586297222345934,54.670577590375615,67.57283530898019,73.56401541479238,86.95146687269624
CHARLESSNOWDEN_19980327,Charles Snowden,DL,2024,LV,64.99415819377577,80.07420606417759,82.17803280483895,75.17123384020695,63.2568325445842,65.13261204479318,80.71014784427496,76.17321548695463
CHRISSMITH_19991215,Chris Smith,DL,2024,DET,65.00594780779238,70.73325272960369,77.67164848828736,63.90635316399835,57.32352724761563,61.977371184609865,75.30106849222159,86.51063773255873
CHRISWILLIAMS_19980616,Chris Williams,DL,2024,CHI,67.79002656947023,71.5470655706381,77.45593250555214,66.330502341964,57.77591675233231,68.90316977061639,74.8150590171798,84.68703556781907
DANIELHARDY_19981215,Daniel Hardy,DL,2024,CHI,64.3076809174778,81.38190035964897,83.9295607718899,75.03534829735497,67.10013905654318,60.77400866023095,82.74966266146942,76.30018708836133
DAVIDBADA_d_line,David Bada,DL,2024,DET,65.28545517481416,72.83797649207315,78.26220010087889,66.5635305663591,56.532763194500774,65.9997154989652,74.98709771810593,82.62325229194113
DAVIYONNIXON_d_line,Daviyon Nixon,DL,2024,MIA,68.79431334510389,73.05865820225074,77.96772192480739,66.36507974796115,57.204761352670005,67.99689685708552,73.5114468103294,84.89188122168233
DE'SHAANDIXON_d_lb,De'Shaan Dixon,DL,2024,JAX,64.36860902790977,79.89497260612154,82.35999106753547,74.42883841501163,64.4082300988137,62.59671978743279,80.91734429822816,76.7789463039332
DEMONEHARRIS_19951230,Demone Harris,DL,2024,ATL,68.6715828855423,75.03257659505346,79.38821383889672,70.3973504213946,61.08656141467071,71.6360431536616,76.45157676689257,80.73828690907033
DEREKRIVERS_19940509,Derek Rivers,DL,2024,IND,74.02303752649584,85.3239277582336,85.03779066537902,81.47184496881576,66.9373536819362,73.83172201631794,86.79894708286304,81.22283798673033
ISAIAHTHOMAS_19981203,Isaiah Thomas,DL,2024,CIN,66.44331502136811,80.568704673659,82.88844682966248,73.06130216326275,62.47747161728449,63.92268304904417,79.9714482544108,80.28108696276618
JALENREDMOND_19990312,Raymond Johnson III,DL,2024,CIN,65.61562819259905,76.29510873963136,80.51889292538306,70.46211697254975,62.139519808316436,64.58056418349656,78.19216906254053,80.25706964139496
JAMESLYNCH_19990120,James Lynch,DL,2024,TEN,70.36406017328079,72.24891270055127,77.12924753336188,69.53387005886691,60.045629812123195,71.74521077087081,74.75873506288451,83.42984542184612
JAYLENTWYMAN_d_line,Jaylen Twyman,DL,2024,NYJ,65.51068478337709,67.62050934947752,75.20596725053406,62.9596581814873,53.989397067453524,64.30731772822207,77.82371961085357,88.60570615175115
JEFFREYGUNTER_19990601,Jeff Gunter,DL,2024,CIN,64.69218155312683,77.68672378872225,81.23115275673968,71.92380389898946,62.761260968124816,62.84601780874959,79.4788600652563,79.06789226935766
JONATHANMARSHALL_19970916,Jonathan Marshall,DL,2024,JAX,68.1105222197076,71.9837067102037,76.9555808193561,65.18930826568655,54.98402451145307,65.9888103183996,76.79968160257715,89.82457129021387
JOSHUAONUJIOGU_19980303,Joshua Onujiogu,DL,2024,SEA,64.10011790859824,77.03808467774309,81.04527542584242,70.54533616499793,62.914455965387845,61.280991386211895,78.70033552289362,79.50190404204326
JOSIAHBRONSON_d_line,Josiah Bronson,DL,2024,IND,64.83971068871472,70.55132494917632,76.38180135945424,64.72228182145264,55.04716982473883,64.94051808959694,73.94403634757703,82.64862898345191
KEITHRANDOLPHJR_20010901,Keith Randolph Jr.,DL,2024,CHI,62.821941195079376,70.1227830130232,76.62556058656321,67.01026418494803,57.94521175896938,59.03943360966571,73.81847451074589,81.91391894277763
MARQUISSSPENCER_d_line,Marquiss Spencer,DL,2024,PIT,64.98025457503286,72.24844704352802,77.5738428586834,65.8921393994942,55.924654753176185,64.40119592578776,76.05512726773998,83.13583159411414
NELSONCEASER_20060301,Nelson Ceaser,DL,2024,SEA,63.53827282840439,74.46316106845029,79.48488854994343,69.81736334552298,59.782330284753414,58.19009178199394,77.67179180928304,81.40023386045405
NIKOLALOS_d_lb,Niko Lalos,DL,2024,NO,66.21284970848399,76.37548183195929,80.45040281874913,70.95174286200808,60.87970478842806,67.05052320731363,78.04253698412106,79.9307301513357
RAEQUANWILLIAMS_d_line,Raequan Williams,DL,2024,CAR,65.82183245721512,68.85495010622128,75.34426809475872,63.224252576559905,55.673698305252344,69.37043899991022,66.51022231820934,80.01306385425909
RYDERANDERSON_19981015,Ryder Anderson,DL,2024,NO,64.89673723733972,75.73721789274975,79.87393051124411,70.25906757713003,59.164496474296584,64.3086248953482,78.26750350205009,80.86047118502358
TAKKARISTMCKINLEY_19951102,Takk McKinley,DL,2024,NYJ,74.43595254358604,86.7397414337047,87.8217769476031,79.65026202390268,69.80595457520269,72.74426815889024,85.46090941942714,79.87686398525565
THOMASBOOKERIV_19991111,Thomas Booker,DL,2024,PHI,68.63274163574806,73.90796132387322,78.89259690561869,69.55605513018301,59.623649581754876,66.6215925635571,78.74795793353098,84.94542203084552
TITUSLEO_19990826,Titus Leo,DL,2024,NE,63.27506732716995,80.48862148039927,83.18198680108696,73.65472467459284,64.96582600425512,58.35617876233118,82.62127870673714,77.24722965335957
TOMMYTOGIAI_19990919,Tommy Togiai,DL,2024,HOU,71.84246493716273,73.53902637851206,76.77385030241999,69.85988979246955,58.5386358643828,68.79539596625978,80.82352271918069,90.11226093942648
TRUMANJONES_20000513,Truman Jones,DL,2024,KC,63.678755549682364,79.36639651816688,82.79680371560244,72.92168686784473,65.17772676313433,59.91087488430617,81.22367331383714,78.21650171487428
VILIAMIFEHOKO_19991216,Viliami Fehoko Jr.,DL,2024,WAS,65.72889481889945,79.70517057505322,82.95857254670784,73.88780032216309,63.50231426408453,61.36293166453504,82.64286664897566,79.61941882430389
WILLIAMBRADLEY-KING_19971222,Will Bradley-King,DL,2024,MIA,67.3039744829614,79.86517479432041,81.75214701186553,75.14308272147471,63.74123918969906,65.47409305155293,83.64689305804438,79.17516722744816
WYATTRAY_19961024,Wyatt Ray,DL,2024,MIA,68.28188501467343,79.57995334628004,82.28359965039476,75.20853947300287,65.94833465673804,68.9090573262938,82.03656778967877,77.76367104427541
,Matt Betts,DL,2024,DET,66.73298096102258,72.9672502528723,78.38239316361273,67.14560974454102,57.78680630105771,68.41943420732571,74.98713044336216,82.58777119616846
,Jalen Dalton,DL,2024,DAL,68.40302658737733,71.77186506968371,77.0862556488928,67.3881406135122,55.93128778732461,71.90632156476318,74.59428711186763,83.86240534407202
,Walter Palmore,DL,2024,CAR,68.32112368351727,68.28130595670336,74.75623865830471,63.49618901174975,53.01273135522683,71.51823707028291,71.61210104630015,86.57601174757514
,Kameron Cline,DL,2024,NYJ,67.23453166450406,75.28832513794498,79.56476001083445,70.3466602062988,61.08134118659302,68.11937225509746,77.31619977745675,80.98048830676538
,T.J. Carter,DL,2024,ARI,68.40052131439006,73.07639176431496,77.82569167249574,68.83070415816971,59.32295080071981,70.01667829309497,75.82386904132602,82.98130395811694
,Domenique Davis,DL,2024,PIT,66.78126263867193,68.13160502921119,75.60250163487058,61.83685970141832,53.55887402759936,67.66389251718999,72.02747377500702,87.53988887897185
,Haggai Ndubuisi,DL,2024,WAS,68.38285200309656,72.77596048317446,77.39241496182785,69.21862634105443,57.257906216743606,70.56955324774208,76.3842484301889,83.69802861877531
,Owen Carney,DL,2024,KC,64.88630164007759,76.1510494972124,80.64532887917835,69.98233608728606,61.84096320512907,62.79655880338237,78.58729216573272,80.85520006210865
,Prince Emili,DL,2024,ATL,65.4701241950246,72.50865029563374,78.423033217833,66.21894775868807,58.6439562365274,63.6462895524445,76.02858702992228,84.28235599624301
,Adedayo Odeleye,DL,2024,BAL,63.96714819598924,76.9045824698843,80.86529915355061,70.73597985422671,60.53783358254071,62.46104676851007,78.86908257789116,79.68655449589403
,Malik Fisher,DL,2024,HOU,65.42383785970856,73.53731618416873,78.26465971884818,68.07307293197465,58.61668599408597,64.3059178897172,76.3281546385025,82.546095673699
,Levi Bell,DL,2024,IND,63.46244150154564,76.21878736783265,81.02286226332956,69.07164411202487,62.627385535084045,59.21178453321363,78.71963092041881,80.97137913255241
,Deslin Alexandre,DL,2024,GB,62.32708560928063,78.12294499445386,82.1503327544525,70.80830585414256,62.56760655949273,58.377371229075266,79.92174463363847,78.92169207076105
,Zach Morton,DL,2024,GB,63.644021223964046,74.54037066020442,79.63555724015669,67.89602688558742,58.92302138937191,60.89010981530714,77.61031152960925,82.32606611934432
,DJ Coleman,DL,2024,JAX,63.19965601434751,77.97030208138199,81.17385548322773,71.96851173492874,61.552961805141706,60.591251566644814,79.68081331328528,78.53689719968969
,Jeremiah Martin,DL,2024,GB,63.89947393466775,77.78995047684816,81.62166744307046,71.59458596194608,62.729344946256276,60.915552589670256,80.1210530992297,79.55013722709748
,Lonnie Phelps,DL,2024,CLE,66.1380573787726,86.1600980603256,86.20218102564775,75.8036522402052,67.85465338485221,59.694828805489124,83.3721611221846,78.52726868392563
,Durrell Johnson,DL,2024,DAL,62.08751421713225,79.50433384591838,83.15824002218415,72.06021215195796,64.06099590447559,57.82478555619389,80.96840497153164,77.77713271525536
,David Perales,DL,2024,PIT,62.91415283977892,79.35622288297043,82.84919674466664,72.48127823776062,64.53438859440928,58.939600802545556,80.9856982952648,77.98729313487053
,Robert Cooper,DL,2024,MIA,64.61541030967692,74.02292896825236,78.72766338291513,68.27196036806654,58.99987462879233,62.33985444570146,77.11268089871976,82.49178083138628
,Marcus Haynes,DL,2024,CLE,62.03410913366258,80.93768140562497,83.16749877226766,74.35020857215491,64.87483952454102,58.20041792247673,81.42421362426046,75.54057834484311
,Shakel Brown,DL,2024,MIA,63.98121220905898,73.21085448393728,78.36010332332216,66.91653385694161,57.8908083397169,61.400853465891146,76.32570117519197,83.07351811636366
,Spencer Waege,DL,2024,GB,63.47335757603071,75.64613837320121,80.00611329185926,69.39795388296426,59.035972941953446,61.22087103814988,78.29671005101898,81.02444340202607
,Devonnsha Maxwell,DL,2024,CIN,63.924076431875164,73.17195114264962,78.83239023898386,66.36141650437222,58.58891927069624,60.771966585835,76.54396213197685,83.5845076236443
,Kenneth Odumegwu,DL,2024,SEA,64.70059235462418,78.41860148872252,80.95383980887311,73.69267721458607,62.56151138838902,62.96546104201684,80.28552112531486,78.23985515287606
,Junior Aho,DL,2024,ATL,63.32770472896959,76.8599163852175,80.86696730636572,70.44004767932333,61.09269482851971,60.389495373559726,79.08909181642832,79.93845228274162
,Basil Okoye,DL,2024,LAC,66.62615211646687,70.67472004198169,75.99407232329202,66.44624869916746,54.8158779367248,66.61215126916193,75.18382527141841,85.69200383438886
,David Agoha,DL,2024,LV,67.41774439005394,79.1339733891391,82.18980977969102,74.60239830478594,66.36308159367888,66.85647461980273,80.98583934268311,78.43667726362546
,Lwal Uguak,DL,2024,TB,64.33624870233427,74.73520965990258,79.88258950095394,68.3590018173332,59.764629283353486,61.69391920504654,78.10574852549223,82.57749755313455
,Durell Nchami,DL,2024,IND,63.83567096195725,78.72286630023643,81.90239900685174,72.79168838429732,63.74122210133032,60.76966688312757,80.54244863508018,78.35160808382406
,Tramel Walthour,DL,2024,BAL,62.52552646752929,75.08612582583169,80.56388257281981,69.45432489256407,59.818774031193584,56.644653041872516,78.31654357006448,81.24721792200455
,Sundiata Anderson,DL,2024,SEA,62.78400943729116,74.42660666689619,79.49450653759857,69.37373095805842,59.11066786956337,57.242741227664624,77.39703650823787,81.16785058705227
,Rondell Bothroyd,DL,2024,BUF,62.80468807487193,74.37384513418112,79.40895645478065,69.3672834432978,59.05401937663254,57.290588282527665,77.32347594329156,81.16150120025617
,Leonard Payne,DL,2024,MIA,63.52793350961372,74.48954183480748,79.52766359135171,69.820587102903,59.81065453121869,58.16616825456208,77.70857209175608,81.40340855385216
,Myles Murphy,DL,2024,ARI,64.27185758193639,74.552477002719,79.56082064510531,70.2674432477477,60.51064119287412,59.089595281459424,78.02010767527429,81.63896652065205
,TJ Franklin,DL,2024,LV,64.11676780007917,74.94818849807996,80.20244626623821,70.31579960845104,60.9355048898521,58.73074236998423,78.57181191236975,81.68658692162342
,Noah Shannon,DL,2024,LV,62.608241017853516,74.87507969497244,80.22168224154905,69.4285348335222,59.59218005947179,56.83604126132627,78.02230131027989,81.22182037481997
,Ron Stone,DL,2024,LV,62.608241017853516,74.87507969497244,80.22168224154905,69.4285348335222,59.59218005947179,56.83604126132627,78.02230131027989,81.22182037481997
,Andre Carter,DL,2024,CIN,62.67027693059629,74.7167950968277,79.96503199309609,69.40919228924096,59.422234580680765,56.97958242591665,77.80161961544161,81.20277221443143
,Jaylon Allen,DL,2024,DEN,62.73231284333872,74.55851049868363,79.7083817446428,69.38984974495969,59.252289101889346,57.123123590505884,77.58093792060356,81.1837240540427
,Brandon Matterson,DL,2024,TB,62.49450851115773,75.16526812490372,80.69220769704657,69.46399616470481,59.90374677058895,56.57288245957716,78.42688441748385,81.25674200219879
,Judge Culpepper,DL,2024,TB,62.49450851115773,75.16526812490372,80.69220769704657,69.46399616470481,59.90374677058895,56.57288245957716,78.42688441748385,81.25674200219879
,Shaun Peterson,DL,2024,TB,62.49450851115773,75.16526812490372,80.69220769704657,69.46399616470481,59.90374677058895,56.57288245957716,78.42688441748385,81.25674200219879
,Ulumoo Ale,DL,2024,CAR,61.98838877101605,74.49557533077211,79.67522469088942,68.94299360011468,58.55230244023386,56.199696563608654,77.26940233708513,80.9481660872429
,Justin Blazek,DL,2024,CIN,63.42454032170917,74.75334949838168,79.95541400544073,69.8528246767053,60.09389699587075,57.92693298024551,78.07637491648654,81.43515548783327
,Savion Jackson,DL,2024,LAC,62.72197352454816,74.58489126504082,79.75115678605152,69.39307350233972,59.28061334835445,57.09920006307459,77.61771820307615,81.18689874744084
,Micheal Mason,DL,2024,LAC,63.47623691566139,74.62144566659424,79.74153879839605,69.83670588980408,59.952275763544435,58.04655061740368,77.89247350412109,81.41928202084281
,John Morgan,DL,2024,NE,62.68061624938662,74.6904143304705,79.92225695168725,69.40596853186074,59.39391033421555,57.00350595334771,77.76483933296856,81.19959752103335
,Owen Porter,DL,2024,MIN,62.64959829301495,74.76955662954276,80.05058207591378,69.41563980400161,59.4788830736112,56.931735371052696,77.87518018038816,81.2091216012274
,Nathan Pickering,DL,2024,SEA,63.5382728284045,74.46316106845018,79.48488854994332,69.81736334552278,59.78233028475324,58.19009178199417,77.67179180928281,81.40023386045416
,Tuli Letuligasenoa,DL,2024,LAR,62.53586578631996,75.05974505947438,80.52110753141096,69.45110113518405,59.79044978472842,56.66857656930472,78.27976328759121,81.24404322860642
,Mario Kendricks,DL,2024,SEA,63.53827282840439,74.46316106845029,79.48488854994343,69.81736334552298,59.782330284753414,58.19009178199394,77.67179180928304,81.40023386045405
,Gable Steveson,DL,2024,BUF,62.80468807487193,74.37384513418112,79.40895645478065,69.3672834432978,59.05401937663254,57.290588282527665,77.32347594329156,81.16150120025617
,Alex Gubner,DL,2024,KC,61.843638307949504,74.86490605977576,80.27407527061303,68.9881262034381,58.948841890746735,55.86476717956498,77.78432629170823,80.99261179481613
,Kyon Barrs,DL,2024,SEA,64.29253621951716,74.49971547000382,79.4752705622875,70.260995732987,60.453992699943285,59.13744233632269,77.94654711032774,81.6326171338558
,Jaylon Hutchings,DL,2024,CHI,62.61858033664362,74.84869892861491,80.17890720014032,69.42531107614215,59.56385581300668,56.85996478875745,77.98552102780684,81.21864568142178
GRADYJARRETT_19930428,Grady Jarrett,DL,2024,ATL,84.0,72.0,77.0,69.0,60.0,87.0,76.0,92.0
GROVERSTEWART_19931020,Grover Stewart,DL,2024,IND,84.0,74.0,73.0,58.0,50.0,86.0,66.0,91.0
DAQUANJONES_19911217,DaQuan Jones,DL,2024,BUF,79.0,71.0,66.0,63.0,51.0,89.0,69.0,88.0
LAIATULATU_20001231,Laiatu Latu,DL,2024,IND,77.0,84.0,88.0,81.0,72.0,79.0,78.0,77.0
SHELBYHARRIS_19910811,Shelby Harris,DL,2024,CLE,77.0,75.0,77.0,66.0,58.0,81.0,78.0,85.0
BYRONMURPHYII_20020908,Byron Murphy II,DL,2024,SEA,76.0,77.0,81.0,67.0,64.0,79.0,80.0,86.0
A.J.EPENESA_19980915,A.J. Epenesa,DL,2024,BUF,75.0,79.0,75.0,76.0,66.0,86.0,79.0,85.0
JER'ZHANNEWTON_20020831,Jer'Zhan Newton,DL,2024,WAS,75.0,78.0,82.0,73.0,67.0,78.0,80.0,85.0
KEEANUBENTON_20010617,Keeanu Benton,DL,2024,PIT,75.0,70.0,75.0,69.0,59.0,78.0,73.0,88.0
RUKEORHORHORO_20011013,Ruke Orhorhoro,DL,2024,ATL,75.0,76.0,83.0,71.0,64.0,72.0,78.0,90.0
T'VONDRESWEAT_20010711,T'Vondre Sweat,DL,2024,TEN,75.0,63.0,70.0,67.0,49.0,69.0,66.0,94.0
BRADENFISKE_20000118,Braden Fiske,DL,2024,LAR,74.0,80.0,82.0,67.0,69.0,76.0,81.0,84.0
KRISJENKINSJR_20011010,Kris Jenkins,DL,2024,CIN,74.0,75.0,80.0,67.0,55.0,68.0,74.0,87.0
MILTONWILLIAMS_19990406,Milton Williams,DL,2024,PHI,74.0,83.0,86.0,81.0,67.0,72.0,89.0,83.0
JAVONKINLAW_19971003,Javon Kinlaw,DL,2024,NYJ,73.0,74.0,78.0,73.0,63.0,75.0,76.0,86.0
DARIUSROBINSON_20010913,Darius Robinson,DL,2024,ARI,72.0,74.0,77.0,77.0,58.0,73.0,84.0,87.0
JOHNCOMINSKY_19951122,John Cominsky,DL,2024,DET,71.0,83.0,84.0,79.0,67.0,65.0,80.0,84.0
MAASONSMITH_20021013,Maason Smith,DL,2024,JAX,71.0,72.0,75.0,64.0,58.0,74.0,76.0,83.0
MARSHAWNKNEELAND_20010708,Marshawn Kneeland,DL,2024,DAL,71.0,81.0,84.0,79.0,75.0,73.0,85.0,78.0
MONTRAVIUSADAMS_19950724,Montravius Adams,DL,2024,PIT,71.0,77.0,78.0,67.0,51.0,68.0,72.0,86.0
RAEKWONDAVIS_19970821,Raekwon Davis,DL,2024,IND,71.0,73.0,72.0,60.0,53.0,76.0,70.0,86.0
TAVENBRYAN_19960311,Taven Bryan,DL,2024,IND,71.0,77.0,80.0,76.0,63.0,69.0,84.0,88.0
BRODERICKWASHINGTONJR_19961204,Broderick Washington,DL,2024,BAL,70.0,71.0,74.0,62.0,53.0,74.0,65.0,83.0
JERRYTILLERY_19961008,Jerry Tillery,DL,2024,MIN,70.0,75.0,79.0,73.0,67.0,74.0,78.0,85.0
CASEYTOOHILL_19960822,Casey Toohill,DL,2024,BUF,69.0,85.0,89.0,81.0,72.0,58.0,89.0,75.0
ADAMGOTSIS_19920923,Adam Gotsis,DL,2024,IND,80.18637522993436,76.49142608945704,80.01033820362568,71.86533975698967,60.57440202477346,89.06843833248422,72.39738735216179,86.3659622132779
AZEEZOJULARI_20000616,Azeez Ojulari,DL,2024,NYG,75.50511936512021,88.91253309538888,90.54033489333665,84.0362001311779,71.66534266673409,73.86071364717509,80.4119230206793,78.71418223389293
KEVINSTRONG_19960805,Kevin Strong,DL,2024,LAR,69.64897671839299,72.81884414634669,76.84965203289062,66.77085239603178,58.92234757423341,76.91146018314066,72.8842855336593,83.98848181736037
MIKEHALLJR_20030613,Mike Hall Jr.,DL,2024,CLE,68.5701564233832,77.40467489542311,82.28765652889751,72.05784538180808,63.56031079737352,61.43264688154022,79.65751435676111,84.63988841341367
NICKWILLIAMS_19900221,Nick Williams,DL,2024,SF,77.34105336514699,69.09098116257292,72.7864075760483,63.25918810007789,53.87809673635411,91.21169560796397,68.09410353093017,88.90793549498893
TEAIRTART_19970228,Teair Tart,DL,2024,LAC,68.43163375906488,69.86721326300881,75.29944623654319,63.010997022853985,56.29271655123375,73.49109565196659,72.0857067153986,85.74767372263919
CAMERONHEYWARD_19890506,Cameron Heyward,DL,2024,PIT,90.0,72.0,71.0,68.0,60.0,96.0,74.0,93.0
ARIKARMSTEAD_19931115,Arik Armstead,DL,2024,JAX,81.0,75.0,72.0,69.0,61.0,88.0,82.0,93.0
ALIMMCNEILL_20000511,Alim McNeill,DL,2024,DET,80.0,72.0,82.0,65.0,56.0,87.0,75.0,90.0
CHRISTIANBARMORE_19990728,Christian Barmore,DL,2024,NE,78.0,73.0,74.0,64.0,56.0,86.0,81.0,88.0
BOBBYBROWNIII_20000807,Bobby Brown III,DL,2024,LAR,71.0,72.0,80.0,64.0,61.0,71.0,80.0,86.0
KYLEPEKO_19930723,Kyle Peko,DL,2024,DET,62.0,72.0,66.0,71.0,58.0,61.0,79.0,87.0
DESHAWNWILLIAMS_19921229,DeShawn Williams,DL,2024,CAR,73.90164435504505,72.83320752673808,75.73924856231383,67.77849348609244,56.16029818758352,82.03767812797923,71.92174091717379,84.0149002893329
JORDANPHILLIPS_19920921,Jordan Phillips,DL,2024,BUF,76.61556628143956,67.06017261471561,71.88914544061663,63.68179220515162,53.726167384576115,84.6318403420895,71.30197591807087,91.38856270677452
TULITUIPULOTU_20090302,Tuli Tuipulotu,DL,2024,LAC,74.19300734177762,81.5497065507393,83.87101485627431,77.72559308517265,65.68730127641766,74.41928429483107,82.46753201921229,81.48206297304478
JONATHANALLEN_19950116,Jonathan Allen,DL,2024,WAS,89.0,74.0,77.0,70.0,53.0,90.0,74.0,93.0
JEFFERYSIMMONS_19970728,Jeffery Simmons,DL,2024,TEN,87.0,74.0,79.0,75.0,62.0,89.0,78.0,97.0
D.J.READER_19940701,D.J. Reader,DL,2024,DET,86.0,71.0,63.0,58.0,55.0,89.0,73.0,95.0
RASHANGARY_19971203,Rashan Gary,DL,2024,GB,85.0,86.0,89.0,79.0,71.0,89.0,89.0,83.0
JORDANDAVIS_20000112,Jordan Davis,DL,2024,PHI,78.0,80.0,87.0,58.0,51.0,71.0,78.0,96.0
CALIJAHKANCEY_20010301,Calijah Kancey,DL,2024,TB,77.0,83.0,91.0,82.0,69.0,75.0,81.0,84.0
JARRANREED_19931216,Jarran Reed,DL,2024,SEA,77.0,72.0,68.0,62.0,54.0,87.0,76.0,89.0
D.J.JONES_19950119,D.J. Jones,DL,2024,DEN,76.0,73.0,75.0,73.0,60.0,84.0,71.0,88.0
DRE'MONTJONES_19970105,Dre'Mont Jones,DL,2024,SEA,76.0,75.0,78.0,74.0,61.0,82.0,77.0,80.0
ZACHALLEN_19970820,Zach Allen,DL,2024,DEN,76.0,75.0,78.0,74.0,65.0,81.0,78.0,85.0
A'SHAWNROBINSON_19950321,A'Shawn Robinson,DL,2024,CAR,74.0,66.0,70.0,58.0,53.0,81.0,66.0,85.0
MALCOLMKOONCE_19980606,Malcolm Koonce,DL,2024,LV,72.0,79.0,83.0,81.0,69.0,70.0,82.0,75.0
DEMARCUSWALKER_19940930,DeMarcus Walker,DL,2024,CHI,71.0,76.0,78.0,69.0,56.0,81.0,77.0,78.0
LOGANHALL_20000422,Logan Hall,DL,2024,TB,71.0,76.0,83.0,75.0,66.0,71.0,74.0,85.0
BENITOJONES_19971127,Benito Jones,DL,2024,MIA,66.0,70.0,69.0,52.0,47.0,73.0,67.0,85.0
FLETCHERCOX_19901213,Fletcher Cox,DL,2024,PHI,82.15182125509511,75.7869514334709,76.57760642777316,71.77871117833367,57.7336371756337,89.52950641964856,67.31930269103896,90.25979195955401
YANNICKNGAKOUE_19950331,Yannick Ngakoue,DL,2024,BAL,79.16453388235323,85.52853617033088,85.23635451292375,80.89954062218499,66.20641867819768,84.64608077335453,82.91587414908645,80.66187600324399
VITAVEA_19950205,Vita Vea,DL,2024,TB,90.0,72.0,74.0,71.0,60.0,90.0,70.0,98.0
DAVIDONYEMATA_19921113,David Onyemata,DL,2024,ATL,81.0,74.0,79.0,69.0,55.0,87.0,80.0,89.0
SAMHUBBARD_19950629,Sam Hubbard,DL,2024,CIN,77.0,81.0,81.0,83.0,66.0,85.0,84.0,80.0
SAMSONEBUKAM_19950509,Samson Ebukam,DL,2024,IND,77.0,84.0,88.0,80.0,68.0,74.0,87.0,83.0
JOHNATHANHANKINS_19920330,Johnathan Hankins,DL,2024,SEA,74.0,74.0,66.0,61.0,52.0,89.0,74.0,90.0
QUINTONJEFFERSON_19930331,Quinton Jefferson,DL,2024,CLE,74.0,75.0,77.0,62.0,61.0,84.0,72.0,82.0
ANDREWBILLINGS_19950306,Andrew Billings,DL,2024,CHI,72.0,70.0,69.0,63.0,51.0,75.0,69.0,89.0
AUSTINJOHNSON_19940508,Austin Johnson,DL,2024,BUF,72.0,72.0,64.0,57.0,53.0,78.0,66.0,89.0
SHYTUTTLE_19951020,Shy Tuttle,DL,2024,CAR,71.0,75.0,75.0,71.0,59.0,66.0,70.0,82.0
JONATHANBULLARD_19931022,Jonathan Bullard,DL,2024,MIN,70.0,71.0,80.0,70.0,59.0,69.0,78.0,81.0
DA'RONPAYNE_19970527,Daron Payne,DL,2024,WAS,80.16998181499844,74.24079320211649,78.89157517770741,69.75048678554846,56.504455223391005,83.56412737853378,73.40309118552773,90.11884213467334
FOLORUNSOFATUKASI_19950304,Foley Fatukasi,DL,2024,HOU,75.415789861799,64.32555631694026,71.3760766452956,64.76789405051557,56.43064523841667,82.01904797985105,73.49294150779474,90.81678821929466
LAWRENCEGUY_19900317,Lawrence Guy,DL,2024,CIN,77.44449555746735,70.0713370767462,72.50979339131823,65.44111382555977,54.65360568939957,87.32412447965856,67.19210403886291,88.7702481828584
PRESTONSMITH_19921117,Preston Smith,DL,2024,PIT,80.38427564360052,82.92978589615791,82.80446131001827,80.26936916674775,63.25341542670799,86.3893202971093,82.48981254538353,82.93823061381684
ROYROBERTSON-HARRIS_19930723,Roy Robertson-Harris,DL,2024,SEA,73.58457400482303,77.08814520742362,76.3031966701135,73.16501466089422,58.86079677558098,80.78016934590522,78.58988239301743,80.01298857827123
T.J.SLATONJR_d_line,Tedarrell Slaton,DL,2024,GB,74.21735147545633,68.34561170248821,74.53568178146793,62.07988978028135,52.075740867584386,76.38301187725318,72.13077875459248,89.96237231576647
MICAHPARSONS_19990526,Micah Parsons,DL,2024,DAL,98.0,91.0,95.0,91.0,77.0,98.0,85.0,87.0
MYLESGARRETT_19951229,Myles Garrett,DL,2024,CLE,98.0,87.0,91.0,86.0,72.0,95.0,92.0,96.0
MAXXCROSBY_19970822,Maxx Crosby,DL,2024,LV,97.0,86.0,89.0,84.0,72.0,99.0,85.0,85.0
,Chris Jones,DL,2024,KC,97.0,72.0,79.0,74.0,62.0,99.0,63.0,96.0
NICKBOSA_19971023,Nick Bosa,DL,2024,SF,96.0,81.0,91.0,88.0,73.0,96.0,81.0,94.0
QUINNENWILLIAMS_19971220,Quinnen Williams,DL,2024,NYJ,94.0,80.0,84.0,79.0,62.0,95.0,75.0,92.0
NNAMDIMADUBUIKE_19971117,Nnamdi Madubuike,DL,2024,BAL,92.0,81.0,83.0,73.0,63.0,97.0,70.0,95.0
DERRICKBROWN_19980415,Derrick Brown,DL,2024,CAR,90.0,73.0,76.0,70.0,58.0,94.0,68.0,98.0
TREYHENDRICKSON_19941205,Trey Hendrickson,DL,2024,CIN,89.0,84.0,88.0,82.0,66.0,92.0,81.0,81.0
AIDANHUTCHINSON_20000809,Aidan Hutchinson,DL,2024,DET,88.0,81.0,89.0,81.0,69.0,93.0,85.0,87.0
CHRISTIANWILKINS_19951220,Christian Wilkins,DL,2024,LV,88.0,76.0,76.0,73.0,61.0,89.0,73.0,90.0
DANIELLEHUNTER_19941029,Danielle Hunter,DL,2024,HOU,88.0,88.0,89.0,83.0,71.0,90.0,88.0,82.0
CAMERONJORDAN_19890710,Cameron Jordan,DL,2024,NO,87.0,77.0,78.0,78.0,67.0,92.0,76.0,90.0
DEFORESTBUCKNER_19940317,DeForest Buckner,DL,2024,IND,87.0,76.0,78.0,81.0,66.0,90.0,80.0,90.0
KENNYCLARK_19951004,Kenny Clark,DL,2024,GB,87.0,73.0,76.0,62.0,58.0,92.0,71.0,92.0
GREGROUSSEAU_20000405,Greg Rousseau,DL,2024,BUF,86.0,83.0,90.0,81.0,68.0,92.0,83.0,81.0
MICHAELPIERCE_19921106,Michael Pierce,DL,2024,BAL,85.0,69.0,77.0,64.0,47.0,88.0,68.0,93.0
JAVONHARGRAVE_19930207,Javon Hargrave,DL,2024,SF,84.0,75.0,79.0,67.0,54.0,92.0,83.0,87.0
ZA'DARIUSSMITH_19920908,Za'Darius Smith,DL,2024,CLE,83.0,81.0,79.0,72.0,66.0,91.0,78.0,85.0
CALAISCAMPBELL_19860901,Calais Campbell,DL,2024,MIA,82.0,72.0,73.0,74.0,61.0,91.0,82.0,91.0
EDOLIVER_19971212,Ed Oliver,DL,2024,BUF,82.0,83.0,86.0,84.0,71.0,83.0,86.0,89.0
DENICOAUTRY_19900715,Denico Autry,DL,2024,HOU,81.0,74.0,73.0,69.0,64.0,95.0,72.0,86.0
GEORGEKARLAFTIS_20010403,George Karlaftis,DL,2024,KC,81.0,80.0,86.0,80.0,68.0,85.0,86.0,84.0
HARRISONPHILLIPS_19960125,Harrison Phillips,DL,2024,MIN,80.0,70.0,68.0,72.0,62.0,77.0,78.0,93.0
ZACHSIELER_19950907,Zach Sieler,DL,2024,MIA,80.0,79.0,75.0,74.0,59.0,82.0,72.0,89.0
CARLGRANDERSON_19961218,Carl Granderson,DL,2024,NO,79.0,82.0,85.0,75.0,67.0,84.0,84.0,75.0
LEONARDFLOYD_19920908,Leonard Floyd,DL,2024,SF,79.0,85.0,87.0,83.0,70.0,85.0,92.0,76.0
B.J.HILL_19960420,B.J. Hill,DL,2024,CIN,78.0,74.0,77.0,71.0,61.0,78.0,67.0,88.0
OSAODIGHIZUWA_19980813,Osa Odighizuwa,DL,2024,DAL,78.0,78.0,83.0,68.0,62.0,84.0,77.0,85.0
KWITYPAYE_19981119,Kwity Paye,DL,2024,IND,77.0,85.0,86.0,88.0,74.0,72.0,85.0,86.0
CLELINFERRELL_19970517,Clelin Ferrell,DL,2024,WAS,76.0,83.0,85.0,76.0,67.0,80.0,81.0,83.0
DALVINTOMLINSON_19940228,Dalvin Tomlinson,DL,2024,CLE,76.0,70.0,67.0,60.0,50.0,87.0,68.0,89.0
JOHNFRANKLIN-MYERS_19960926,John Franklin-Myers,DL,2024,DEN,76.0,79.0,81.0,72.0,63.0,81.0,80.0,90.0
DERRICKNNADI_19960509,Derrick Nnadi,DL,2024,KC,75.0,73.0,66.0,54.0,46.0,85.0,68.0,88.0
JOHNJENKINS_19890711,John Jenkins,DL,2024,LV,75.0,71.0,64.0,55.0,43.0,74.0,63.0,90.0
LARRYOGUNJOBI_19940603,Larry Ogunjobi,DL,2024,PIT,75.0,75.0,74.0,72.0,54.0,83.0,79.0,89.0
SHELDONRANKINS_19940402,Sheldon Rankins,DL,2024,CIN,75.0,73.0,73.0,71.0,59.0,85.0,83.0,87.0
DAVONGODCHAUX_19941111,Davon Godchaux,DL,2024,NE,74.0,72.0,65.0,58.0,51.0,79.0,73.0,86.0
MALIEKCOLLINS_19950408,Maliek Collins,DL,2024,SF,73.0,71.0,72.0,67.0,61.0,84.0,75.0,83.0
NATHANSHEPHERD_19931009,Nathan Shepherd,DL,2024,NO,73.0,73.0,74.0,71.0,61.0,75.0,76.0,90.0
JUSTINJONES_19960828,Justin Jones,DL,2024,ARI,72.0,72.0,74.0,61.0,55.0,85.0,72.0,84.0
BILALNICHOLS_19960914,Bilal Nichols,DL,2024,ARI,71.0,74.0,76.0,66.0,58.0,74.0,75.0,87.0
KHALENSAUNDERS_19960809,Khalen Saunders,DL,2024,NO,70.0,73.0,77.0,68.0,60.0,72.0,75.0,84.0
JORDANELLIOTT_19971123,Jordan Elliott,DL,2024,SF,68.0,72.0,79.0,62.0,56.0,73.0,69.0,82.0
AARONDONALD_19910523,Aaron Donald,DL,2024,LAR,93.41575470660632,81.16894775324613,83.42189331137388,79.3758764534515,67.75191614998744,97.72961451404447,82.7233959354869,92.68033690893668
DEATRICHWISEJR_19940726,Deatrich Wise,DL,2024,NE,79.8246083297114,77.93749944764636,79.88907401013171,74.89762869640322,64.41796889565933,85.77958250441253,85.65280478606405,83.01840288413962
DEMARCUSLAWRENCE_19920428,Demarcus Lawrence,DL,2024,DAL,85.28944879376797,83.0325312997561,85.41275538992159,80.83510321326122,69.18860601767824,92.09175400762362,89.48513668136093,84.06496007021946
DEXTERLAWRENCEII_19971112,Dexter Lawrence,DL,2024,NYG,88.28756179032837,70.45674675834516,76.77622644772282,69.35836821583126,62.001397403193664,89.659704494648,77.81736403144555,98.40992460181042
JONAHWILLIAMS_19950817,Jonah Williams,DL,2024,DET,77.24335425328456,76.4543113709044,81.08867917183375,74.00671429510373,63.470300201469854,81.531216455936,85.70786390189869,85.21206847951618
JOSHALLEN_19970713,Josh Hines-Allen,DL,2024,JAX,85.39610862965412,87.18630951730279,88.16924090456928,84.31106196838465,75.61868403852327,87.95300430229815,89.07729780318687,83.4575878140555
KHALILMACK_19910222,Khalil Mack,DL,2024,LAC,87.21214928087699,82.9687714628194,84.84631780597965,81.54880979176386,68.45659305898039,92.99233595128823,95.06546784175862,86.4826423567007
MIKEDANNA_19971201,Michael Danna,DL,2024,KC,77.59664536749153,79.79689192033925,81.96492698737075,75.06684347673718,67.00549988227783,82.86934109000072,84.03394143197193,81.23178544486746
TRAVONWALKER_20001218,Travon Walker,DL,2024,JAX,83.93787619863213,89.00989348362737,89.88216663274147,85.1492877877273,74.8437346523109,81.53425672356695,93.34657157935771,82.79442567376213
WILLANDERSONJR._20010902,Will Anderson Jr.,DL,2024,HOU,81.87097770124285,91.25615163939324,91.41836418456683,85.97138309320064,76.9587200655078,81.54880198051956,95.03040173124077,79.46328121246484
OSHANEXIMINES_19961207,Oshane Ximines,LB,2024,NE,72.0,82.0,80.0,80.0,67.0,79.0,82.0,78.0
BENNIEMANN_19950727,Ben Niemann,LB,2024,DET,68.0,83.0,81.0,80.0,70.0,65.0,81.0,71.0
YASIRABDULLAH_20000412,Yasir Abdullah,LB,2024,JAX,68.0,90.0,95.0,83.0,76.0,59.0,87.0,70.0
BUDDYJOHNSON_19990227,Buddy Johnson,LB,2024,DAL,67.0,86.0,88.0,77.0,73.0,66.0,91.0,75.0
GABRIELMURPHY_20001013,Gabriel Murphy,LB,2024,MIN,67.0,83.0,90.0,80.0,75.0,66.0,93.0,77.0
BRANDONSMITH_20041201,Brandon Smith,LB,2024,PHI,66.0,88.0,91.0,84.0,82.0,63.0,89.0,69.0
ZAIREBARNES_19990903,Zaire Barnes,LB,2024,NYJ,66.0,88.0,91.0,83.0,78.0,59.0,82.0,67.0
JALENGRAHAM_20010111,Jalen Graham,LB,2024,SF,65.0,84.0,90.0,75.0,73.0,67.0,77.0,65.0
CHANCECAMPBELL_19991008,Chance Campbell,LB,2024,TEN,64.0,87.0,90.0,76.0,69.0,65.0,93.0,75.0
DARRIANBEAVERS_19990705,Darrian Beavers,LB,2024,NYG,64.0,82.0,87.0,83.0,78.0,68.0,92.0,74.0
DRAKETHOMAS_20000225,Drake Thomas,LB,2024,SEA,64.0,82.0,87.0,80.0,79.0,63.0,85.0,66.0
OMARSPEIGHTS_20010302,Omar Speights,LB,2024,LAR,64.0,84.0,91.0,81.0,78.0,61.0,77.0,78.0
CLAUDINCHERELUS_19990209,Claudin Cherelus,LB,2024,CAR,62.0,87.0,85.0,70.0,71.0,63.0,87.0,70.0
DALLASGANT_20000516,Dallas Gant,LB,2024,MIN,62.0,83.0,87.0,70.0,75.0,60.0,84.0,67.0
GARRETWALLOW_19990125,Garret Wallow,LB,2024,TEN,62.0,84.0,86.0,81.0,65.0,68.0,79.0,69.0
KANA'IMAUGA_20000108,Kana'i Mauga,LB,2024,LV,62.0,83.0,83.0,75.0,69.0,63.0,78.0,75.0
TOMONFOX_19980316,Tomon Fox,LB,2024,NYG,62.0,81.0,85.0,77.0,69.0,51.0,79.0,77.0
COLECHRISTIANSEN_19970730,Cole Christiansen,LB,2024,KC,61.0,83.0,84.0,67.0,56.0,60.0,80.0,73.0
JOJODOMANN_19970728,JoJo Domann,LB,2024,TEN,61.0,85.0,90.0,84.0,74.0,62.0,87.0,65.0
BENTONWHITLEY_19990212,Benton Whitley,LB,2024,NYG,59.0,79.0,87.0,79.0,71.0,49.0,80.0,76.0
CHRISTIANELLISS_19990102,Christian Elliss,LB,2024,NE,58.0,85.0,87.0,82.0,68.0,57.0,85.0,72.0
MILOEIFLER_19980213,Milo Eifler,LB,2024,ATL,57.0,86.0,88.0,79.0,76.0,60.0,88.0,64.0
OLAKUNLEFATUKASI_19990611,Olakunle Fatukasi,LB,2024,LAR,57.0,79.0,87.0,87.0,68.0,53.0,90.0,69.0
PATRICKO'CONNELL_19981231,Patrick O'Connell,LB,2024,SEA,57.0,82.0,87.0,83.0,78.0,59.0,89.0,62.0
AMARIGAINER_20000622,Amari Gainer,LB,2024,LV,60.139146432551456,83.42147974611663,88.34440334667534,79.91282173197155,74.63463115172749,55.89010827370055,83.56221713312851,72.51057062772986
ANTONIOGRIERJR_20000118,Antonio Grier Jr.,LB,2024,TB,60.66886166021234,83.9534486336803,88.76697769786495,80.74999904548778,75.67643231301247,56.5610524049074,84.26065956049962,72.06200397519035
BLAKELYNCH_d_lb,Blake Lynch,LB,2024,KC,62.80581870686328,83.74881715791935,86.49378458658884,79.11521744490304,70.70564449844369,63.13785484058474,82.9171306897735,70.31321102215497
BORICHTER_20000813,Bo Richter,LB,2024,MIN,61.26364874921924,82.91320384161332,88.30345516440843,79.09859933816475,75.1308349151783,56.28279762075897,83.20347332505838,73.9718959548544
CALEBMURPHY_19991215,Caleb Murphy,LB,2024,LAC,61.171085532988684,82.7089202275921,86.87767132851991,77.13422794958356,71.69767894024346,55.606687987017835,83.08205457387567,74.26873295804467
CALVINMUNSON_19941227,Calvin Munson,LB,2024,MIN,66.68263678417833,82.24306969283248,85.07177348634423,77.5145449391638,68.56158910461511,69.57293272319828,80.67697060723896,71.89235152203514
CURTISJACOBS_20020218,Curtis Jacobs,LB,2024,NE,59.949978587108376,84.5091185905872,89.18628706737388,79.23211016102404,74.8558585287409,53.648087164221806,82.63045847172657,71.30308714831267
CURTISROBINSON_19980602,Curtis Robinson,LB,2024,SF,62.85242865749649,83.26558349529716,86.01638596375722,77.85292997014292,70.52231900713775,62.55074821436074,85.03240030828334,69.08965432950481
DARIUSHARRIS_d_lb,Darius Harris,LB,2024,DAL,64.71324997394754,82.2710624445076,85.45591636315498,78.21347309191557,69.83192955448794,65.59562363068414,81.72201023372196,72.37469766065101
DEVINHARPER_19980513,Devin Harper,LB,2024,PIT,65.0352848067075,84.68754697023371,88.32441316633708,80.15337826578069,73.94961722518485,63.51078724782485,84.08167875964563,72.24075441702632
ELIASNEAL_20010911,Elias Neal,LB,2024,LAR,60.65973765106432,84.82172104974006,89.3862586705742,80.97727324135718,75.89443418018573,55.90740756281252,84.80971912920046,71.34658822294739
JACOBYWINDMON_20010820,Jacoby Windmon,LB,2024,CAR,60.80008981571973,83.0663721173425,88.36131712047177,78.60155646644999,74.22076959457092,54.9608267376135,83.05955147128748,73.97079708145964
JAMIESHERIFF_20000818,Jamie Sheriff,LB,2024,SEA,61.36153737447549,82.81063591461304,88.33407387386478,78.39765244114781,75.06399048456092,56.186555239168115,82.84379657337945,74.25419297966391
JOEANDREESSEN_20000207,Joe Andreessen,LB,2024,BUF,60.37945879336246,84.70267123929227,89.3711305588015,80.03355902777307,76.02317772725985,56.517772003153254,84.11740634453821,71.01928257091788
JORDANKUNASZYK_19961015,Jordan Kunaszyk,LB,2024,MIN,63.98200754733051,82.96245503429867,85.8315175953827,78.0215370263831,69.19083671378723,64.34738223153352,81.86431818868255,71.48135765154097
JOSHROSS_19991031,Josh Ross,LB,2024,SEA,61.79129721755524,85.41855347941686,88.42514553415162,78.94494202874803,73.09678347845374,58.207464841137494,84.56830427194166,70.27053832736931
JUSTINHOLLINS_19960115,Justin Hollins,LB,2024,WAS,68.92664688173065,83.53495123321989,86.62194340519466,79.09641348200034,68.34956425018311,70.82083442904127,83.39665167376307,74.16888627397236
KYRONJOHNSON_19980724,Kyron Johnson,LB,2024,TEN,64.9872377958823,85.26163053195359,88.74665438675493,79.43398607783892,73.86359697528246,63.82408211042491,84.04659567225968,71.33773673699204
LEVELLEBAILEY_20001204,Levelle Bailey,LB,2024,DEN,59.72515341171459,85.11652030296926,89.46405717219693,80.52210135812331,75.26370090136732,55.33863747313603,84.50981403209471,70.4397171949621
LIAMANDERSON_20000430,Liam Anderson,LB,2024,IND,59.99074458887321,84.94770381629382,88.06923552460876,79.32060110531617,72.83873198221977,56.030656345719194,84.70805975684794,70.39719188941001
LUIJIVILAIN_19980310,Luiji Vilain,LB,2024,CLE,61.696417366267326,82.33995321348698,86.31241058384285,77.00621185922338,71.20959200861955,58.70882831146082,82.25179618053858,73.52565366588237
MAEMANJONGMETA_20010309,Maema Njongmeta,LB,2024,CIN,61.454232556606144,81.98498149998551,89.39713690686324,79.11584403421733,74.82793477835742,57.07181347068706,88.36668614218632,73.27590024686685
MARCELINOMCCRARY-BALL_19990323,Marcelino McCrary-Ball,LB,2024,NYJ,61.40065643599644,86.07158841758275,88.67986352384958,80.40039189654638,74.04041576005864,59.43919222751947,85.29832686736171,68.58416219613923
RONNIEPERKINS_19990929,Ronnie Perkins,LB,2024,ARI,70.42926050220746,83.4467368247382,88.59560369261328,79.15655302576961,68.79256124627739,68.56947199605906,81.68714038281115,77.94423024124626
SAMKAMARA_19971221,Sam Kamara,LB,2024,CLE,64.6757276160219,81.30542184074136,85.89791038402359,75.59358870232592,71.09237505440308,60.92073658200991,81.3049655808502,76.19003501562395
THOMASINCOOM_19990219,Thomas Incoom,LB,2024,CAR,62.09979154497597,80.9454457600371,85.68564541237197,76.8438413640794,71.52711665716731,56.56633885345866,77.16678629115648,78.58424000154446
TREVORNOWASKE_19981107,Trevor Nowaske,LB,2024,DET,60.71853953616878,83.46736373972277,87.17617822940997,78.77943668741389,72.69714059791352,56.86947802109182,83.92984569572775,72.3849105083134
TYREKESMITH_d_lb,Tyreke Smith,LB,2024,SEA,66.20481951144879,80.63676496748133,86.15367953041516,76.92240147887337,70.00755580614259,63.38922795577196,82.49168924621688,75.85585093870759
WINSTONREID_19990803,Winston Reid,LB,2024,CLE,60.525147364871344,85.20981744613596,89.72357098920668,80.76046854171555,77.25972621210371,57.91172697685636,84.54391733710861,69.95097349105754
,Tyreek Maddox-Williams,LB,2024,BUF,61.945281427382156,85.10463140687472,88.23021996853527,79.1607682718451,74.13138907547125,60.221820267447924,84.32343633196285,69.89363279632903
,Micah Baskerville,LB,2024,CHI,61.08546799478651,84.68164319945112,87.39579702763581,79.74669281863034,73.19212351505428,57.525254021202045,79.21705346198252,71.21154876244816
,Charlie Thomas,LB,2024,CLE,58.42572433142888,87.1940493274256,89.17741544014757,80.3734397083889,73.73298547577622,54.75027033662252,80.51120070604344,68.00661878083156
,Joe Evans,LB,2024,BAL,61.69949513979034,81.9849290266859,87.70250372383771,79.1087307194429,75.27091237359582,57.22772047289686,82.83198810155244,75.00280223269544
,Deion Jennings,LB,2024,BAL,60.95757015223444,84.22919419821761,89.0398557833397,80.78049417176,76.19266602051141,56.8475305829968,84.42822206337928,71.89028575255566
,Yvandy Rigby,LB,2024,NE,59.89917548236215,84.7348105993766,89.20523210734655,80.70484002859037,75.67359149382344,56.34088578870421,84.36385401913805,70.5885220875681
,Ralen Goforth,LB,2024,GB,60.35179489779992,84.61536136673124,89.18404923980722,80.77665851611413,75.40779646898443,55.60365266743986,84.57963169317208,71.43986278729358
,Jimmy Ciarlo,LB,2024,NYJ,59.81298043224248,84.90286250807509,89.30207172916471,80.65377164504397,75.16305720378944,55.34169191165188,84.51618520447715,70.74975912565503
,Jackson Sirmon,LB,2024,NYJ,60.57675878953248,83.42536307846854,88.48342205461415,79.60141920015693,75.01045076493074,56.115333853124525,83.49606291811011,72.8223284508673
,Swayze Bozeman,LB,2024,KC,60.39368702349256,84.52893803666495,89.12547569568721,81.10700346528905,76.55574212639851,57.647325348004415,84.44889160969296,70.68834412021329
,DaRon Gilbert,LB,2024,DET,59.93520753972331,85.42544791297831,89.63564789350778,81.42366298038334,75.81718304318645,55.73863475010023,85.09957821980214,70.0641456058064
,Carl Jones,LB,2024,CHI,60.08066392536011,84.36463819401308,88.98433245300055,80.3486648388618,74.894084723883,55.26796242765636,84.2299553957447,71.64200026137075
,Kenny Dyson,LB,2024,CAR,59.8212512993089,84.13059661584151,88.83338986530578,79.65567212762258,74.38205428704771,54.89946414674398,83.75886990195289,71.8644172364103
,Jackson Mitchell,LB,2024,CAR,60.147599942985664,84.31477455399528,89.03684561805267,79.74259737686086,74.85515498129848,55.18725136991088,83.92916290728232,71.82557412693029
,Brock Mogensen,LB,2024,DAL,60.534916206343524,83.41418163423083,88.38462733440963,80.24510674413503,75.02062516535011,56.1969176075886,83.7986757415394,72.72733799407786
,Andrew Parker,LB,2024,NE,60.33416873085139,83.90254230827497,88.75487977562659,79.9441460883167,75.25066790267203,56.18993603383876,83.78411306180874,72.01867072392088
,Craig Young,LB,2024,CIN,59.47408507134736,84.74920711204891,89.12175675399396,80.54803635481709,74.70433418062089,55.05346834012494,84.34498203166459,70.7443105307508
,Kalen DeLoach,LB,2024,TB,59.434318854393865,86.9298548545085,89.74657014733043,83.03773836773232,75.70324951657142,55.046508996097145,78.3791409997093,70.85976016127154
,Maxwell Tooley,LB,2024,MIN,60.159392603128964,84.18504898708557,88.84956742067823,80.93864708260355,76.59401637631356,58.34232798132393,84.06556282084222,70.57608994208715
,Isaiah Stalbird,LB,2024,NO,60.00382507026026,85.2323736124606,89.46564697302131,81.87222991490972,76.32519537082226,56.78704068884656,85.12936082901058,69.87248931627607
,Jeremiah Jean-Baptiste,LB,2024,LAC,59.955196753177376,84.66986361529058,89.21574022876098,80.16056442897496,75.03786143470882,55.263598944062664,84.22085372091311,71.19908321752303
,Tre'Monon Morris-Brash,LB,2024,LAC,60.607686625911526,83.42146117863808,88.54021173118008,79.0195235185643,74.40347604798137,55.0371743117646,83.3512422849189,73.34430617205271
,K.J. Cloyd,LB,2024,NYG,59.96857184122584,84.59213693648917,89.12068447449656,80.46318354493934,75.00742478427901,55.29727968191082,84.34408325224473,71.26738712533086
,Devin Richardson,LB,2024,SEA,59.75185494044533,84.273270278729,88.91793749815577,79.89732861127379,75.04822099659214,55.943070253537144,83.77864066884632,71.18555219864777
,Chris Collins,LB,2024,LAC,60.174922427926674,81.80756208012059,87.336370964249,78.08674229609922,73.04302932194514,55.02292946116859,82.11011146122928,74.81833050752891
,Julius Welschof,LB,2024,PIT,60.78053981024493,79.70703182434244,85.95236924038306,77.74971903601065,73.40543215607465,57.59006473312115,80.92037712473416,76.64515352241153
,Chris Russell,LB,2024,GB,60.373440852914484,83.76536879569585,88.62031162168444,80.08117811465682,74.59635690181187,55.19510564038012,83.94554592197943,72.62282480585623
SHAQTHOMPSON_19940421,Shaq Thompson,LB,2024,CAR,83.0,85.0,86.0,83.0,77.0,89.0,83.0,75.0
AKEEMDAVIS-GAITHER_19970921,Akeem Davis-Gaither,LB,2024,CIN,73.0,88.0,91.0,86.0,79.0,74.0,86.0,70.0
NAKOBEDEAN_20001213,Nakobe Dean,LB,2024,PHI,73.0,87.0,90.0,83.0,76.0,74.0,79.0,66.0
RANDYGREGORY_19921123,Randy Gregory,LB,2024,TB,72.0,82.0,85.0,84.0,71.0,75.0,87.0,79.0
ANTHONYNELSON_19970304,Anthony Nelson,LB,2024,TB,71.0,81.0,85.0,81.0,68.0,72.0,85.0,77.0
BJOJULARI_20040502,BJ Ojulari,LB,2024,ARI,71.0,86.0,91.0,84.0,73.0,61.0,81.0,75.0
DAVIDOJABO_20000517,David Ojabo,LB,2024,BAL,71.0,87.0,90.0,86.0,71.0,65.0,85.0,78.0
DAIYANHENLEY_19991118,Daiyan Henley,LB,2024,LAC,70.0,88.0,91.0,82.0,78.0,65.0,89.0,65.0
DERICKHALL_20010319,Derick Hall,LB,2024,SEA,70.0,87.0,92.0,76.0,78.0,71.0,81.0,74.0
SAMEGUAVOEN_19930222,Sam Eguavoen,LB,2024,NYJ,70.0,85.0,84.0,76.0,71.0,71.0,89.0,70.0
ERICWILSON_19940926,Eric Wilson,LB,2024,GB,69.0,87.0,89.0,82.0,73.0,69.0,91.0,75.0
NEVILLEHEWITT_19930406,Neville Hewitt,LB,2024,HOU,68.0,85.0,83.0,75.0,66.0,71.0,86.0,67.0
AMAREBARNO_19990426,Amare Barno,LB,2024,CAR,67.0,92.0,93.0,75.0,71.0,61.0,88.0,74.0
CHANNINGTINDALL_20000328,Channing Tindall,LB,2024,MIA,67.0,91.0,94.0,75.0,81.0,64.0,95.0,69.0
JAMESWILLIAMS_20030215,James Williams,LB,2024,TEN,67.0,84.0,89.0,79.0,73.0,65.0,74.0,71.0
NICKHAMPTON_20000405,Nick Hampton,LB,2024,LAR,67.0,86.0,92.0,83.0,69.0,62.0,85.0,65.0
OWENPAPPOE_20000929,Owen Pappoe,LB,2024,ARI,67.0,89.0,92.0,77.0,74.0,65.0,85.0,77.0
SIRVOCEADENNIS_20000309,SirVocea Dennis,LB,2024,TB,67.0,85.0,89.0,81.0,75.0,70.0,93.0,66.0
MARKUSBAILEY_19970307,Markus Bailey,LB,2024,ARI,66.0,82.0,86.0,80.0,72.0,67.0,77.0,74.0
NEPHISEWELL_19981219,Nephi Sewell,LB,2024,NO,66.0,83.0,88.0,83.0,78.0,65.0,78.0,68.0
NOAHSEWELL_20020426,Noah Sewell,LB,2024,CHI,66.0,82.0,89.0,74.0,73.0,63.0,80.0,80.0
CAMERONMCGRONE_20000622,Cameron McGrone,LB,2024,IND,65.0,88.0,91.0,81.0,66.0,57.0,82.0,69.0
CAMGILL_19971214,Cam Gill,LB,2024,CAR,65.0,84.0,90.0,76.0,69.0,58.0,79.0,73.0
CHAZZSURRATT_19970216,Chazz Surratt,LB,2024,NYJ,65.0,86.0,88.0,82.0,73.0,64.0,77.0,75.0
DEEWINTERS_20001017,Dee Winters,LB,2024,SF,65.0,89.0,93.0,81.0,71.0,68.0,77.0,66.0
JUSTINSTRNAD_19960821,Justin Strnad,LB,2024,DEN,65.0,88.0,85.0,82.0,76.0,69.0,74.0,71.0
TAEDAVIS_19960814,Tae Davis,LB,2024,CAR,65.0,83.0,83.0,78.0,68.0,72.0,82.0,73.0
TATUMBETHUNE_20010219,Tatum Bethune,LB,2024,SF,65.0,81.0,87.0,83.0,76.0,63.0,75.0,67.0
TROYANDERSEN_19990423,Troy Andersen,LB,2024,ATL,65.0,91.0,93.0,87.0,85.0,72.0,86.0,68.0
AMARIBURNEY_20000612,Amari Burney,LB,2024,LV,64.0,89.0,88.0,83.0,81.0,58.0,80.0,70.0
BAYLONSPECTOR_19981020,Baylon Spector,LB,2024,BUF,64.0,86.0,91.0,84.0,79.0,63.0,86.0,67.0
JAKEHANSEN_19980619,Jake Hansen,LB,2024,HOU,64.0,81.0,85.0,76.0,72.0,65.0,74.0,71.0
JEREMIAHMOON_19980818,Jeremiah Moon,LB,2024,PIT,64.0,80.0,90.0,81.0,67.0,51.0,94.0,68.0
MARKEESWATTS_19991207,Markees Watts,LB,2024,TB,64.0,81.0,81.0,81.0,73.0,59.0,77.0,71.0
ANDRECARTERII_20000328,Andre Carter II,LB,2024,MIN,63.0,75.0,85.0,84.0,74.0,57.0,74.0,67.0
CAMERONGOODE_19980415,Cameron Goode,LB,2024,MIA,63.0,85.0,92.0,84.0,78.0,63.0,92.0,67.0
DEMETRIUSFLANNIGAN-FOWLES_19960904,Demetrius Flannigan-Fowles,LB,2024,SF,63.0,87.0,86.0,77.0,76.0,66.0,83.0,65.0
GRANTSTUARD_19981015,Grant Stuard,LB,2024,IND,63.0,85.0,88.0,69.0,67.0,62.0,74.0,76.0
CARTERCOUGHLIN_19970721,Carter Coughlin,LB,2024,NYG,62.0,88.0,87.0,76.0,73.0,66.0,85.0,71.0
J.J.RUSSELL_19981012,J.J. Russell,LB,2024,TB,62.0,82.0,87.0,75.0,69.0,60.0,86.0,73.0
LUKEGIFFORD_19950828,Luke Gifford,LB,2024,TEN,61.0,87.0,86.0,82.0,74.0,56.0,84.0,75.0
KEIRTHOMAS_19980125,Keir Thomas,LB,2024,LAR,60.0,77.0,85.0,69.0,67.0,52.0,75.0,75.0
ZACHVANVALKENBURG_19980217,Zach VanValkenburg,LB,2024,LAR,60.0,73.0,76.0,81.0,69.0,74.0,77.0,78.0
BENVANSUMEREN_20000505,Ben VanSumeren,LB,2024,PHI,57.0,91.0,93.0,80.0,71.0,54.0,93.0,75.0
CHANDLERWOOTEN_19990425,Chandler Wooten,LB,2024,CAR,55.0,78.0,79.0,74.0,74.0,58.0,75.0,65.0
ANDREWFARMERII_20000419,Andrew Farmer,LB,2024,LAC,63.06733798056814,83.22066972221842,86.87425896421925,77.89575462592029,71.63984629991614,59.45105649494681,83.5732874487876,73.5696497046651
ANTHONYPITTMAN_19951124,Anthony Pittman,LB,2024,JAX,64.90370874652153,84.68042419419243,87.05584752867425,79.40985515089062,73.2360356226975,66.56206894131165,83.7181424281838,69.39120867386148
BRIANASAMOAHII_20000329,Brian Asamoah,LB,2024,MIN,70.18165570098708,88.640778572123,90.58524801470192,82.42808160286074,78.41062506492369,66.10046940232846,88.65638987846523,71.34341933765936
CALEBJOHNSON_19980728,Caleb Johnson,LB,2024,JAX,63.11311642169569,85.5863708571253,87.6964859552777,80.13778884685485,75.13204715247343,62.994271412775305,85.07861570863577,68.91722322816355
CAMBROWN_19980401,Cameron Brown,LB,2024,MIA,66.8918558962236,83.01441288211089,86.84099151610191,80.04465630720108,74.24056189518024,68.02695410970117,85.89096804013116,68.57714579529991
CARLOSBASHAMJR_d_line,Carlos Basham,LB,2024,NYG,72.55213593567395,82.42871133650982,87.69193013995168,79.38958762907464,71.36370134582216,69.79879757724828,80.25456761339626,80.430490114555
CURTISBOLTON_19951218,Curtis Bolton,LB,2024,NYG,65.15254897930079,84.91959462519327,87.12094099378497,79.5732849768134,74.29532896259138,66.40666738195276,83.27137537649764,71.4668147333654
DEANGELOMALONE_19990712,DeAngelo Malone,LB,2024,ATL,69.65974371265031,86.18707314643308,89.31646667722961,81.7126555293487,75.51025844894411,67.26777480903255,85.63906804164162,73.71323184585694
EKULEOTA_19990511,Eku Leota,LB,2024,PIT,63.14611469278893,82.58923755699118,86.70336756041232,77.88543913600267,71.03333369440224,59.852984186028465,82.9738869890682,75.28693332062102
EZEKIELTURNER_19960609,Ezekiel Turner,LB,2024,SEA,65.41543872779357,85.53535847480214,87.19722767781954,80.04532867439809,74.62875753436776,68.44582100704989,84.24394554700632,67.86380454071181
JAKEHUMMEL_19990104,Jacob Hummel,LB,2024,LAR,62.79834543164442,84.66419302931922,87.56241227589462,79.24674713776176,73.78166222722916,60.55287346845651,83.7826229638016,72.19657016173352
JAYLENHARRELL_20020501,Jaylen Harrell,LB,2024,TEN,62.04193688541436,83.50093846874807,87.39978630262577,77.19766463301539,72.58734013390006,56.96005938342293,87.38341468275507,74.14869048418677
JESSELUKETA_d_lb,Jesse Luketa,LB,2024,ARI,62.73193581308166,77.93472757442163,83.07983532139042,74.59200186693022,70.61305437425881,63.1980714406063,84.93922463733736,76.66731208230769
JOEBACHIEJR_19980226,Joe Bachie,LB,2024,CIN,65.3389251000129,83.63433943560739,86.50581326991222,79.29496811892125,71.68081829294374,64.80890512801673,81.72071742290439,74.68977088039489
JONRHATTIGAN_19990202,Jon Rhattigan,LB,2024,CAR,65.03640275181354,80.60436100783932,84.63180215347435,75.30726899068179,72.30945504295255,63.97770588870256,77.44843848324035,74.38452044779041
JULIANOKWARA_19971227,Julian Okwara,LB,2024,ARI,73.9099252644366,84.98738046255357,88.31908403450677,79.99566357248705,72.58906682555528,71.30774650006273,84.11756220198356,77.97490645726182
K'LAVONCHAISSON_19990725,K'Lavon Chaisson,LB,2024,LV,74.20577757937968,84.67709939203445,88.86736334480116,80.48417509690444,72.63182500851406,72.22715239511044,82.83320504184974,77.39038272070704
KRISTIANWELCH_19980524,Kristian Welch,LB,2024,DEN,65.03951641054734,83.62725392435135,86.65093499465243,78.20053939142167,71.81457868439168,64.59613226404966,82.83931605234488,72.21783485687601
MARQUISHAYNES_19931216,Marquis Haynes,LB,2024,CAR,71.35141636732716,85.18766994799654,88.1634079088519,81.77875741195442,73.61657084710941,73.90349348538237,80.79549920603881,75.7525808223223
MICHAELBARRETT_19991221,Michael Barrett,LB,2024,CLE,62.650268489732,86.40709563939782,89.00166674339414,80.68372040941802,77.36828001072479,57.208813402230334,87.42975004014158,73.26283322289353
MONTYRICE_19990108,Monty Rice,LB,2024,NE,70.37605803903753,86.93671920278399,89.75634010883472,80.95186918902618,75.52904417884861,67.62986889875768,80.12032199595069,73.84727537335985
NICKVIGIL_19930820,Nick Vigil,LB,2024,DAL,73.53099080261183,81.58177495750135,86.09738804297191,83.54921805222341,73.52771736840884,79.53176334923157,76.86285817008968,76.37718225691296
NOLANSMITHJR_20010118,Nolan Smith,LB,2024,PHI,68.74221602577119,90.76332812912551,92.27307315926646,81.71112802678181,77.36504088967718,64.41249638667162,93.82493457403848,70.79373487241872
OCHAUNMATHIS_19990801,Ochaun Mathis,LB,2024,PHI,66.15519853557173,80.63606894686535,86.06435080388606,78.2445988328717,70.58634384057495,63.582697032258096,81.65997194923182,77.55186495167212
PATRICKJOHNSON_19990110,Patrick Johnson,LB,2024,NYG,64.62547979540832,83.40856503333595,86.98917957951292,79.10747315784045,72.63020857452909,64.76112080181431,83.14746323650627,71.73128689004344
RASHAANEVANS_19951108,Rashaan Evans,LB,2024,ATL,75.38594227347077,85.86057663956433,89.25748337251026,84.13345849281063,74.50302376919763,77.85472969037832,77.99834167716472,74.91799159246165
RASHADWEAVER_19971110,Rashad Weaver,LB,2024,HOU,69.60991734250331,78.29839451318179,84.39945361006019,78.6542535624692,70.99434854602316,69.86520037762469,78.79155086717014,79.05155520888559
SHAQUILLEQUARTERMAN_19971028,Shaquille Quarterman,LB,2024,LAC,69.54794586302894,83.65505246534786,87.47249912948651,80.7331854634673,73.26224340643273,68.55832102045795,78.21893849672665,77.40662807253054
TANNERMUSE_19960906,Tanner Muse,LB,2024,JAX,69.31370407913116,89.68642842854598,91.1289949987147,83.76069017644829,77.03888180908461,70.27076031528921,84.65563703050725,69.53855938751741
TREVISGIPSON_19970613,Trevis Gipson,LB,2024,SEA,70.46767824412633,82.99060683707137,86.85517228824078,78.139657953815,70.37202701975991,68.86903492561672,82.15886029765579,78.93509006129756
TYLERMATAKEVICH_19921222,Tyler Matakevich,LB,2024,PIT,68.80112278557766,80.03218558165491,84.18286776746471,77.57591138259511,70.02745999619788,75.47722230292433,75.87931641886985,76.29750032579528
TYSUMMERS_19951231,Ty Summers,LB,2024,NYG,67.15686454873678,86.24397770384093,88.02535020663281,79.04165705993785,72.449086553646,66.8430723262517,83.76383384567077,75.18632433686346
UCHENNANWOSU_19961228,Uchenna Nwosu,LB,2024,SEA,77.0,83.0,87.0,82.0,73.0,83.0,78.0,73.0
ISAIAHSIMMONS_19980726,Isaiah Simmons,LB,2024,NYG,76.0,92.0,92.0,90.0,85.0,78.0,93.0,73.0
DEVINBUSH_19980718,Devin Bush,LB,2024,CLE,74.0,89.0,91.0,84.0,80.0,76.0,92.0,74.0
TRENTONSIMPSON_20010614,Trenton Simpson,LB,2024,BAL,74.0,91.0,95.0,81.0,79.0,70.0,94.0,77.0
MALCOLMRODRIGUEZ_19990329,Malcolm Rodriguez,LB,2024,DET,73.0,86.0,90.0,79.0,77.0,76.0,93.0,80.0
DREWSANDERS_20011231,Drew Sanders,LB,2024,DEN,71.0,84.0,89.0,81.0,74.0,73.0,88.0,72.0
TOMMYEICHENBERG_20010111,Tommy Eichenberg,LB,2024,LV,70.0,78.0,84.0,81.0,77.0,64.0,79.0,75.0
DJJOHNSON_19981021,DJ Johnson,LB,2024,CAR,69.0,89.0,93.0,73.0,66.0,62.0,78.0,82.0
MATTHEWADAMS_19951212,Matthew Adams,LB,2024,NYG,69.0,87.0,87.0,78.0,72.0,73.0,81.0,79.0
MOHAMEDKAMARA_20000609,Mohamed Kamara,LB,2024,MIA,69.0,87.0,91.0,72.0,64.0,70.0,83.0,73.0
NICKHERBIG_20011121,Nick Herbig,LB,2024,PIT,69.0,84.0,90.0,77.0,76.0,67.0,82.0,74.0
CHADMUMA_19990818,Chad Muma,LB,2024,JAX,68.0,85.0,89.0,86.0,76.0,68.0,93.0,76.0
EDEFUANULOFOSHIO_20000123,Edefuan Ulofoshio,LB,2024,BUF,68.0,87.0,91.0,84.0,76.0,60.0,92.0,71.0
XAVIERTHOMAS_19991220,Xavier Thomas,LB,2024,ARI,68.0,85.0,86.0,76.0,66.0,72.0,79.0,78.0
DARIUSMUASAU_20010210,Darius Muasau,LB,2024,NYG,67.0,82.0,88.0,76.0,75.0,66.0,87.0,63.0
DORIANWILLIAMS_20010628,Dorian Williams,LB,2024,BUF,67.0,84.0,89.0,79.0,75.0,63.0,84.0,63.0
JAMIENSHERWOOD_20000112,Jamien Sherwood,LB,2024,NYJ,67.0,82.0,86.0,79.0,76.0,70.0,86.0,65.0
JAYLANFORD_20011128,Jaylan Ford,LB,2024,NO,67.0,82.0,84.0,81.0,75.0,69.0,81.0,73.0
JAYLONCARLIES_19970828,Jaylon Carlies,LB,2024,IND,67.0,89.0,90.0,83.0,71.0,71.0,83.0,72.0
JDBERTRAND_20000505,JD Bertrand,LB,2024,ATL,67.0,83.0,87.0,75.0,74.0,72.0,79.0,70.0
JORDANMAGEE_20010324,Jordan Magee,LB,2024,WAS,67.0,87.0,91.0,87.0,82.0,65.0,85.0,64.0
NICKNIEMANN_19971202,Nick Niemann,LB,2024,LAC,67.0,89.0,91.0,87.0,74.0,66.0,81.0,69.0
CHRISBOARD_19950723,Chris Board,LB,2024,BAL,66.0,88.0,88.0,86.0,74.0,66.0,83.0,69.0
DEL'SHAWNPHILLIPS_19961009,Del'Shawn Phillips,LB,2024,HOU,66.0,88.0,84.0,77.0,71.0,68.0,86.0,72.0
JAMALHILL_20010404,Jamal Hill,LB,2024,HOU,66.0,91.0,89.0,78.0,75.0,63.0,80.0,65.0
NATHANIELWATSON_20000901,Nathaniel Watson,LB,2024,CLE,66.0,84.0,87.0,72.0,72.0,68.0,76.0,68.0
TAVIUSROBINSON_19990103,Tavius Robinson,LB,2024,BAL,66.0,84.0,91.0,71.0,62.0,64.0,81.0,79.0
TROYDYE_19960918,Troy Dye,LB,2024,LAC,66.0,87.0,88.0,82.0,76.0,71.0,84.0,71.0
CAMJONES_19991021,Cam Jones,LB,2024,KC,64.0,85.0,90.0,74.0,70.0,68.0,80.0,65.0
D'MARCOJACKSON_19980720,D'Marco Jackson,LB,2024,NO,64.0,87.0,92.0,77.0,75.0,64.0,80.0,69.0
MARKROBINSON_19990814,Mark Robinson,LB,2024,PIT,64.0,83.0,89.0,72.0,74.0,60.0,81.0,81.0
SEGUNOLUBI_19991101,Segun Olubi,LB,2024,IND,64.0,90.0,91.0,82.0,79.0,58.0,83.0,66.0
JACKCOCHRANE_19990209,Jack Cochrane,LB,2024,KC,62.0,84.0,90.0,75.0,76.0,51.0,92.0,70.0
LUKEMASTERSON_19980107,Luke Masterson,LB,2024,LV,62.0,82.0,87.0,83.0,77.0,58.0,81.0,65.0
MOHAMOUDDIABATE_20010518,Mohamoud Diabate,LB,2024,CLE,60.0,87.0,86.0,79.0,76.0,60.0,82.0,69.0
AMENOGBONGBEMIGA_19980904,Amen Ogbongbemiga,LB,2024,CHI,55.0,84.0,87.0,73.0,73.0,55.0,78.0,68.0
ANDRESMITH_19970420,Andre Smith,LB,2024,DEN,70.7967649533345,84.48506239504826,87.30842038026475,78.42399984288636,71.35302362571883,74.78503598739815,81.8540298262667,74.49659092622086
DANTEFOWLERJR_19940803,Dante Fowler Jr.,LB,2024,WAS,79.29068586550483,80.44865478331775,86.06186933658267,77.75734846605428,68.85914119374229,86.6833695434101,74.64025628961963,76.45573328871653
DEIONJONES_19941104,Deion Jones,LB,2024,TB,75.56401046038366,84.96697924799503,87.78646801110426,82.85276674614101,74.9984586053256,84.26054960319266,80.39096919036842,71.59219678168172
JEREMIAHTROTTERJR_20021224,Jeremiah Trotter Jr.,LB,2024,PHI,64.24291955660726,87.47492613443495,89.90445373803425,81.01267254013567,77.26916827900345,60.744936644697304,86.7912868032322,71.49283715145135
KWONALEXANDER_19940803,Kwon Alexander,LB,2024,DET,75.09302437188853,84.95418448928552,87.50970379481629,81.76580549817572,74.50973586706414,83.65382120360107,81.5696829063404,72.84067381688247
MACKWILSONSR_19980214,Mack Wilson,LB,2024,ARI,72.16326186579482,84.06479787818017,87.39787661164502,78.2095970349809,70.43251356893416,75.6578583725136,78.63363046472568,76.64621040734919
MARCUSDAVENPORT_19960904,Marcus Davenport,LB,2024,DET,78.08475797177431,82.67936354364787,87.96904104430911,78.5039113602694,66.60843401260604,79.10336732036535,80.05406917299456,81.10333494809397
MARKUSGOLDEN_19910313,Markus Golden,LB,2024,PIT,79.01446400944803,77.77025241584397,84.5640888151487,78.22868386244397,68.8990567265821,86.23505729269311,82.19526254158563,82.44024271136102
MATTHEWJUDON_19920815,Matthew Judon,LB,2024,ATL,76.47860996208163,76.65286363404192,83.74999341080417,70.57939180263952,65.68580745221516,81.77125839066923,76.04942459723293,83.98726808050652
OTISREESEIV_19980702,Otis Reese,LB,2024,TEN,62.95482647282199,86.16028374918398,88.59333513260236,80.76438581098807,76.09432593566999,63.890291133070264,85.25571956436306,68.10223084349077
WILLMCDONALDIV_19990604,Will McDonald IV,LB,2024,NYJ,71.43063349677891,87.37531259572495,91.01767269197461,83.40464786008465,75.32969627126386,68.16653349736066,90.57382671692267,75.37176000259579
CEDRICGRAY_20021030,Cedric Gray,LB,2024,TEN,69.0,84.0,91.0,77.0,74.0,66.0,85.0,69.0
TYRICEKNIGHT_20001220,Tyrice Knight,LB,2024,SEA,67.0,85.0,90.0,75.0,73.0,66.0,83.0,71.0
MATTMILANO_19940728,Matt Milano,LB,2024,BUF,87.0,87.0,86.0,74.0,72.0,90.0,84.0,78.0
JAELANPHILLIPS_19990528,Jaelan Phillips,LB,2024,MIA,84.0,86.0,90.0,85.0,77.0,90.0,87.0,83.0
KYLEVANNOY_19910326,Kyle Van Noy,LB,2024,BAL,80.0,83.0,85.0,79.0,72.0,84.0,79.0,76.0
ODAFEOWEH_19981215,Odafe Oweh,LB,2024,BAL,80.0,89.0,90.0,87.0,76.0,79.0,93.0,80.0
KRYSBARNES_19980402,Krys Barnes,LB,2024,ARI,74.0,85.0,87.0,82.0,74.0,79.0,74.0,71.0
JONASGRIFFITH_19970127,Jonas Griffith,LB,2024,DEN,72.0,83.0,87.0,79.0,69.0,73.0,85.0,77.0
JUNIORCOLSON_20021206,Junior Colson,LB,2024,LAC,72.0,86.0,90.0,77.0,75.0,65.0,81.0,75.0
ADISAISAAC_20011004,Adisa Isaac,LB,2024,BAL,71.0,81.0,86.0,80.0,71.0,73.0,83.0,72.0
BRALENTRICE_20010226,Bralen Trice,LB,2024,ATL,71.0,82.0,85.0,77.0,68.0,74.0,78.0,76.0
DAMIENWILSON_19930528,Damien Wilson,LB,2024,DAL,71.0,81.0,83.0,74.0,69.0,69.0,86.0,74.0
DEMARVIONOVERSHOWN_20000813,DeMarvion Overshown,LB,2024,DAL,71.0,88.0,92.0,78.0,72.0,71.0,87.0,64.0
K.J.BRITT_19990604,K.J. Britt,LB,2024,TB,71.0,81.0,83.0,72.0,69.0,73.0,79.0,74.0
NIKBONITTO_19990926,Nik Bonitto,LB,2024,DEN,71.0,88.0,92.0,82.0,75.0,65.0,85.0,72.0
PAYTONWILSON_20000421,Payton Wilson,LB,2024,PIT,71.0,91.0,93.0,87.0,81.0,60.0,83.0,67.0
DUKERILEY_19940809,Duke Riley,LB,2024,MIA,70.0,88.0,86.0,81.0,70.0,76.0,82.0,74.0
JONAHELLISS_20030403,Jonah Elliss,LB,2024,DEN,70.0,81.0,87.0,82.0,70.0,73.0,90.0,74.0
LORENZOCARTER_19951210,Lorenzo Carter,LB,2024,ATL,70.0,88.0,89.0,84.0,72.0,61.0,84.0,74.0
MARISTLIUFAU_20010209,Marist Liufau,LB,2024,DAL,70.0,84.0,88.0,78.0,78.0,69.0,74.0,73.0
MYKALWALKER_19970828,Mykal Walker,LB,2024,WAS,70.0,87.0,88.0,80.0,74.0,73.0,80.0,72.0
TREVINWALLACE_20030222,Trevin Wallace,LB,2024,CAR,70.0,89.0,88.0,81.0,75.0,71.0,89.0,70.0
VICTORDIMUKEJE_19991118,Victor Dimukeje,LB,2024,ARI,70.0,78.0,79.0,76.0,68.0,73.0,86.0,82.0
BOOGIEBASHAMJR_19971216,Boogie Basham Jr,LOLB,2024,NYG,69.0,86.0,87.0,76.0,66.0,72.0,82.0,81.0
JACOBPHILLIPS_19990401,Jacob Phillips,LB,2024,HOU,69.0,83.0,86.0,72.0,73.0,64.0,87.0,73.0
JALYXHUNT_20010313,Jalyx Hunt,LB,2024,PHI,69.0,84.0,90.0,78.0,72.0,73.0,89.0,73.0
ORENBURKS_19950321,Oren Burks,LB,2024,PHI,69.0,88.0,87.0,84.0,74.0,69.0,89.0,69.0
RAEKWONMCMILLAN_19951117,Raekwon McMillan,LB,2024,NE,69.0,85.0,87.0,79.0,69.0,63.0,80.0,83.0
TY'RONHOPPER_20010406,Ty'Ron Hopper,LB,2024,GB,69.0,83.0,87.0,77.0,71.0,73.0,86.0,66.0
CHRISTIANROZEBOOM_19970130,Christian Rozeboom,LB,2024,LAR,68.0,83.0,87.0,78.0,71.0,73.0,80.0,67.0
KAMUGRUGIER-HILL_19940516,Kamu Grugier-Hill,LB,2024,MIN,68.0,88.0,90.0,86.0,75.0,70.0,87.0,72.0
PATRICKJONESII_19980929,Patrick Jones II,LB,2024,MIN,68.0,77.0,87.0,72.0,65.0,72.0,78.0,78.0
VENTRELLMILLER_19990115,Ventrell Miller,LB,2024,JAX,67.0,83.0,87.0,76.0,72.0,70.0,80.0,74.0
WILLIEHARVEY_19960109,Willie Harvey,LB,2024,DAL,67.0,84.0,89.0,80.0,70.0,60.0,82.0,68.0
TROYREEDER_19940913,Troy Reeder,LB,2024,LAR,66.0,87.0,86.0,79.0,73.0,71.0,89.0,77.0
JOSERAMIREZ_19990509,Jose Ramirez,LB,2024,TB,64.0,81.0,91.0,85.0,75.0,62.0,83.0,71.0
KEANDREJONES_19970924,Keandre Jones,LB,2024,WAS,64.0,85.0,88.0,80.0,69.0,53.0,81.0,64.0
ANFERNEEORJI_20001006,Anfernee Orji,LB,2024,NO,62.0,87.0,93.0,83.0,72.0,66.0,90.0,67.0
JOEGILES-HARRIS_19970401,Joe Giles-Harris,LB,2024,NE,62.0,83.0,82.0,79.0,67.0,60.0,73.0,69.0
MALIKHAMM_20000826,Malik Hamm,LB,2024,BAL,62.0,74.0,76.0,77.0,70.0,60.0,72.0,79.0
DARIENBUTLER_20000301,Darien Butler,LB,2024,LV,60.0,81.0,86.0,75.0,72.0,60.0,79.0,65.0
QUINTONBELL_19960509,Quinton Bell,LB,2024,MIA,60.0,89.0,90.0,76.0,67.0,45.0,89.0,75.0
VIJONES_19980505,Vi Jones,LB,2024,TB,57.0,88.0,91.0,86.0,77.0,55.0,86.0,61.0
ADETOKUNBOOGUNDEJI_d_lb,Adetokunbo Ogundeji,LB,2024,PIT,69.663892820147,82.64061184487605,86.67277231223241,77.05059876126518,68.3980807683813,70.92821786331797,81.95493498395047,76.85159782159016
ANDREWDOWELL_d_lb,Andrew Dowell,LB,2024,NO,67.94434875248487,84.61295354780827,86.89249561289029,79.74944457338688,72.6531390581506,71.39281622896499,82.92932430344933,70.73221612039569
AUBREYMILLER_d_lb,Mitchell Agude,LB,2024,DET,64.75862968580634,83.4669789968595,87.47737294649261,78.98101077727381,71.61770405985078,64.80779515183184,83.92825772822914,73.27147865317878
CHAPELLERUSSELL_19970120,Chapelle Russell,LB,2024,WAS,67.11894042997068,82.95591860242234,86.20824943588434,77.20031763284953,72.05976220681441,70.63201799597164,83.00286450688725,71.74682296902097
CHRISGARRETT_d_lb,Chris Garrett,LB,2024,ARI,67.13786226459911,83.94785890719504,86.92536177249305,78.03901942336552,71.24911030629119,69.04912893500142,83.35730166836913,74.04507465838861
CHRISTIANKIRKSEY_19920831,Christian Kirksey,LB,2024,CLE,77.67996661364896,81.98823462500303,84.86979607386596,80.423974028967,70.32789934516063,83.44052154481426,76.76793520998012,73.67151548176355
DONDREATILLMAN_19980430,Dondrea Tillman,LB,2024,DEN,69.0691895580594,82.20029456355843,86.03959898356823,76.7241676012502,68.58130239220986,69.26272350886649,82.691295540238,77.2226466978982
DYONTAEJOHNSON_20000928,Dyontae Johnson,LB,2024,NYG,64.79161874760882,84.99691743629694,87.61135301078747,80.12616293337305,74.21850196378341,65.42163241514282,85.61732786159166,70.4954632118644
ELERSONSMITH_19980717,Elerson G. Smith,LB,2024,CLE,71.26767593069104,82.87315754041737,87.60589129863494,79.2373241747614,70.8103500781483,70.25137526579482,93.3745651688547,80.02688895884728
JAVINWHITE_d_field,Javin White,LB,2024,CHI,65.94621130575314,85.11067507482801,87.19684631788269,80.7468101133411,74.18460299635979,69.76835147804877,83.50168842735013,68.49093461203424
JOELIYIEGBUNIWE_19951012,Joel Iyiegbuniwe,LB,2024,DET,73.5200014285603,84.32552099547303,87.2478371204733,79.89891941022688,72.77572624305253,77.31903961706337,81.61053894156146,72.84875294817888
JONATHANGARVIN_19990728,Jonathan Garvin,LB,2024,SF,69.44202340532553,80.64608653159218,84.7369948916884,77.33159133661832,69.01045939588835,70.47630570251061,85.65896886511223,78.06944901581514
JOSHUCHE_19980918,Joshua Uche,LB,2024,KC,73.20273443775625,86.00812408246071,88.22235911679387,82.07205535320384,74.72928378759661,75.77686511535569,84.50159602074484,71.96740305536088
JOSHWOODS_19960701,Josh Woods,LB,2024,ATL,69.48748658728249,83.58518976378951,86.19705380672205,78.2491378396104,70.82589976793838,72.58147831427556,82.09006802719375,73.26643024479591
KHALEKEHUDSON_19971206,Khaleke Hudson,LB,2024,CLE,71.07063846583117,87.7649793981513,88.76379664310353,80.37093040133323,74.78000504678528,73.29307436485198,83.48684524045427,75.73541336606374
NICKBELLORE_19890512,Nick Bellore,LB,2024,WAS,76.26430274129444,76.76347083375583,81.19951824876883,75.09709091576997,65.07459838326633,85.91596245358096,71.04924935942825,78.34622721080927
SHAKAHEYWARD_20000419,Shaka Heyward,LB,2024,CIN,64.47453400546254,84.98086186941975,87.73028243050801,78.13894987801086,72.23929130444878,65.57224329115377,79.52286746130551,71.21191992527048
SHANERAY_19930518,Shane Ray,LB,2024,TEN,79.35143876484364,83.26822497269268,86.39435707818224,79.43234646102394,70.24152096273963,83.87297763115919,81.07323890570058,78.58161317617152
SHAUNBRADLEY_19970408,Shaun Bradley,LB,2024,HOU,69.18839660301711,85.3558243504325,87.35357062950477,80.19087632113099,74.08715999966455,71.80544441734361,79.18422054634732,68.92149654716292
TARRONJACKSON_19980622,Tarron Jackson,LB,2024,CAR,69.30598520445301,82.72020264269293,86.34837157286151,76.05130800334825,69.47891479418502,70.3305479190044,77.3949686956862,77.524564218932
TERRELLLEWIS_19980825,Terrell Lewis,LB,2024,PHI,73.67843198964891,83.97811380475218,87.9484432541969,79.88882051291637,70.60223745730468,73.65864557509053,86.16429487108962,78.63155372786906
TYUSBOWSER_19950523,Tyus Bowser,LB,2024,MIA,77.45655311461724,84.637700626124,87.71225894432942,81.87006542943288,71.40822893016366,78.97959594715576,86.71384048837308,78.26678515706197
WILLIAMKWENKEU_19970108,William Kwenkeu,LB,2024,BAL,65.00220081305685,84.29354112628766,87.7921555389154,79.36701912092178,73.65687067891054,66.63572143990336,83.32991128529602,71.02475189829559
YETURGROSS-MATOS_19980226,Yetur Gross-Matos,LB,2024,SF,75.05764478091578,83.44090103305462,87.52431839978517,79.95371059719514,70.30536618665792,75.10838651168353,82.2839030361431,78.62802811592579
,Frank Ginda,LB,2024,LAC,69.80689009629401,84.05750524483756,86.11965591988147,78.37953830315519,71.7609677606282,72.90235425188814,82.88228233204711,72.62271124559453
,Kyahva Tezino,LB,2024,PIT,67.31616052450812,83.76844138628411,86.84815208088747,78.90498938999951,71.62122120970014,69.55241736981321,82.81077742609114,72.50525144929674
,Anthony Hines III,LB,2024,NYJ,66.04894150867852,84.58832786528677,87.03279570654328,80.08832526037293,72.99816821640115,68.19358354954471,84.27867223146052,70.57476904246684
,Kobe Jones,LB,2024,NE,67.23852663360384,82.63075047450764,86.55040102566724,77.77081025225459,69.61592321631053,67.68043058650454,82.95545426406886,75.4439444134155
,Kehinde Oginni Hassan,LB,2024,ATL,64.67138142177589,83.93772479947853,87.1541431591642,80.29129441178873,71.77138594669157,66.23125280286001,84.01340880057762,71.26343439335784
,Mike Rose,LB,2024,NO,66.00813636451284,84.42751849000126,87.42336149730967,79.57893965012101,72.66860073454109,66.83382371332186,84.54299981999645,71.992517793932
,Storey Jackson,LB,2024,ATL,64.68434842104006,84.70742327911142,87.61014947088835,80.09084785108121,74.15795636424264,66.66219862470246,84.0772277729609,69.84155881735748
,David Anenih,LB,2024,PHI,65.99992673516618,83.96818825996013,87.37321572056142,78.97710909878481,72.27165189295476,66.66545762890826,83.99322663593898,72.76243663912072
,Donavan Mutin,LB,2024,ATL,65.13792007778488,85.3011323561837,87.7620849918708,79.8536864240532,75.07123380288499,65.67479077471097,85.79596522276915,70.33257088741394
,Caleb Johnson,LB,2024,CLE,64.24058436152063,84.30893953045626,87.63345015505354,79.05059397544471,74.46920918883973,65.0801107207547,84.36311615435488,70.92553968738204
,Dequan Jackson,LB,2024,MIA,64.40772283633504,85.12432625028822,87.62512863239382,79.96509215623723,75.25116342614547,65.40525657821973,85.52369913419682,69.6854632591018
,Ezekiel Vandenburgh,LB,2024,MIA,63.899397071455155,84.18371156774936,87.41634164815186,79.83007451623689,73.38163401654799,64.85902252773093,84.59598278612236,70.8195583608532
,Abraham Beauplan,LB,2024,DET,64.74394093714159,84.59584374586728,87.71625866593958,79.7418450493443,73.67660478037021,65.28324398719337,84.91927563057288,71.21018507433982
,Brandon Bouyer-Randle,LB,2024,CLE,63.98087585721083,83.76085674734895,87.5868109556146,78.75988910401088,73.63851150751952,64.79777938406033,83.67315128830535,71.6165434849299
,Thomas Rush,LB,2024,TEN,65.35123842312441,83.59387035130561,87.16221767113522,78.51726829101369,72.06816398186606,64.96694980154541,84.71227617227373,73.56081284578337
,Mikel Jones,LB,2024,TEN,64.68865261416283,85.34757362661333,87.58175891044259,80.16855871465873,75.27884386185747,65.54179361728296,85.99933217944988,69.63281005701191
,Tyler Murray,LB,2024,PIT,64.03710679890827,85.10538386601331,88.00994199643314,80.23420174889407,75.1340194790937,65.36730893117726,84.79944231031743,69.45478239414834
,DaShaun White,LB,2024,SF,64.4204005885478,85.4635933510582,87.83225980078811,80.14546565181956,75.89435751158294,65.57978255784951,85.60670041686853,69.13480925943452
,Bo Bauer,LB,2024,WAS,61.91362633824298,83.75312290733285,88.00863300032348,78.40116074027617,73.34814339659158,60.585342807666564,83.94640934660106,71.13915765296832
,Austin Ajiake,LB,2024,IND,64.29210715584333,85.28295145034514,87.78394061475026,80.26371721993951,75.35713545662168,65.45692556338173,85.46068508180258,69.34238080644653
,Easton Gibbs,LB,2024,SEA,62.290219579299276,83.74862921810382,87.57468757673865,78.07143921901411,73.4919966298769,60.60964891106528,84.71137556156089,71.39079967555648
,Luquay Washington,LB,2024,PIT,62.25236395631674,83.89705768362955,87.88585728719409,78.45531476684641,73.32283781706508,60.69604535414868,84.45354941805135,71.25804567720618
,Steele Chambers,LB,2024,NE,61.93554275154878,83.66719063781807,87.82848211532301,78.17891700205746,73.44607744611403,60.5353238143025,84.09567711389582,71.2160152309608
,Jason Johnson,LB,2024,DAL,62.23841714784925,83.95174185513883,88.00049875946704,78.59674260025838,73.26051614918708,60.72787562265273,84.35856083886358,71.20913630939285
,Byron Vaughns,LB,2024,DAL,61.90366433219475,83.79218302983963,88.09051976623276,78.50218062128465,73.30362791953564,60.60807871374101,83.87856036146707,71.10422239024462
,Trey Kiser,LB,2024,NYG,62.26232596236446,83.85799756112277,87.80397052128475,78.35429488583827,73.36735329412113,60.67330944807367,84.52139840318534,71.29298093992975
,Alec Mock,LB,2024,DEN,62.615010388905375,83.94724816590991,87.56655333588229,78.26702107899655,73.40436938247285,60.75218172605145,85.12352705382341,71.46077833198058
,Tarique Barnes,LB,2024,HOU,62.29619678292784,83.72519314459981,87.52555551719301,78.010827290409,73.5187059161102,60.59600736742016,84.75208495264087,71.41176083319064
,Aaron Casey,LB,2024,CIN,61.9335503503392,83.67500266231929,87.8448594685048,78.19912097825897,73.43717435070278,60.539870995517674,84.08210731686916,71.20902817841616
,Shane Lee,LB,2024,LAC,62.27826517204147,83.79550136511187,87.67295169582982,78.19266307622445,73.43857805741004,60.63693199835444,84.62995677939978,71.34887736028784
,Jay Person,LB,2024,TB,61.89967952977605,83.8078070788423,88.12327447259653,78.5425885736878,73.28582172871313,60.6171730761713,83.85142076741329,71.09024828515527
,Shayne Simon,LB,2024,BUF,61.95945156606422,83.57344634380183,87.63195387714069,77.9364692876369,73.55291459104751,60.48075763972372,84.25851467821758,71.29985986149777
,Landon Honeycutt,LB,2024,CLE,62.292211980508796,83.74081719360242,87.55831022355677,78.05123524281237,73.50089972528804,60.605101729850446,84.72494535858732,71.39778672810107
,Mike Smith Jr.,LB,2024,IND,62.27228796841263,83.81893743861605,87.72208375537544,78.25327500482933,73.4118687711765,60.650573541998995,84.58924738831934,71.32791620265348
,Aaron Beasley,LB,2024,CAR,62.28224997446091,83.77987731610932,87.64019698946619,78.15225512382108,73.45638424823244,60.62783763592478,84.65709637345367,71.36285146537745
NICKBOLTON_20000310,Nick Bolton,LB,2024,KC,84.0,87.0,84.0,74.0,72.0,87.0,78.0,74.0
COLEHOLCOMB_19960630,Cole Holcomb,LB,2024,PIT,80.0,87.0,89.0,88.0,75.0,82.0,80.0,72.0
DALLASTURNER_20020203,Dallas Turner,LB,2024,MIN,78.0,90.0,93.0,84.0,69.0,77.0,94.0,76.0
CHOPROBINSON_20010203,Chop Robinson,LB,2024,MIA,76.0,90.0,93.0,81.0,75.0,75.0,83.0,73.0
DENNISGARDECK_19940809,Dennis Gardeck,LB,2024,ARI,76.0,88.0,87.0,74.0,71.0,75.0,87.0,81.0
JAREDVERSE_20001104,Jared Verse,LB,2024,LAR,76.0,86.0,90.0,80.0,65.0,75.0,84.0,84.0
KYZIRWHITE_19960324,Kyzir White,LB,2024,ARI,76.0,85.0,89.0,82.0,73.0,84.0,85.0,67.0
ARNOLDEBIKETIE_19990123,Arnold Ebiketie,LB,2024,ATL,75.0,84.0,87.0,85.0,74.0,75.0,87.0,76.0
MALIKHARRISON_19980305,Malik Harrison,LB,2024,BAL,74.0,86.0,87.0,84.0,74.0,73.0,86.0,75.0
EDGERRINCOOPER_20011117,Edgerrin Cooper,LB,2024,GB,73.0,89.0,92.0,79.0,78.0,70.0,83.0,72.0
ZACKBAUN_19961230,Zack Baun,LB,2024,PHI,72.0,87.0,87.0,83.0,74.0,72.0,79.0,78.0
CHRISBRASWELL_20011025,Chris Braswell,LB,2024,TB,71.0,86.0,90.0,78.0,64.0,73.0,81.0,79.0
ISAIAHMCDUFFIE_19990721,Isaiah McDuffie,LB,2024,GB,69.0,85.0,88.0,75.0,66.0,70.0,79.0,73.0
HENRYTO'OTO'O_20010105,Henry To'oTo'o,LB,2024,HOU,68.0,85.0,92.0,81.0,73.0,74.0,78.0,65.0
BARONBROWNING_19990219,Baron Browning,LB,2024,ARI,73.2286193484734,87.92385248022391,89.91244177558508,81.89258258949701,73.69910743441733,73.72513625552278,90.88382525403745,76.73987069635211
TONYFIELDSII_19990618,Tony Fields II,LB,2024,LAR,70.65392711920765,86.36193305468532,88.23758644030511,82.23402960470264,74.26727015090864,74.90460891538442,83.86342208791802,69.98278218157546
ZACHCUNNINGHAM_19941212,Zach Cunningham,LB,2024,DEN,81.15216769629282,85.05365652134675,88.57134926375488,83.80838881535601,74.20976275449522,87.99008493317524,82.14063869039728,74.77547647224549
ANDREWVANGINKEL_19950701,Andrew Van Ginkel,LB,2024,MIN,83.0,88.0,89.0,83.0,73.0,87.0,90.0,74.0
DRUETRANQUILL_19950815,Drue Tranquill,LB,2024,KC,81.0,88.0,90.0,84.0,78.0,85.0,89.0,77.0
ERICKENDRICKS_19920229,Eric Kendricks,LB,2024,DAL,81.0,86.0,88.0,80.0,78.0,90.0,88.0,76.0
JEROMEBAKER_19961225,Jerome Baker,LB,2024,SEA,81.0,90.0,88.0,84.0,76.0,84.0,87.0,74.0
LEOCHENAL_20001026,Leo Chenal,LB,2024,KC,81.0,88.0,93.0,82.0,75.0,79.0,94.0,82.0
CODYBARTON_19961113,Cody Barton,LB,2024,DEN,79.0,86.0,87.0,83.0,77.0,79.0,79.0,78.0
QUAYWALKER_20000508,Quay Walker,LB,2024,GB,79.0,88.0,90.0,86.0,73.0,78.0,78.0,75.0
ALEXANZALONE_19940922,Alex Anzalone,LB,2024,DET,78.0,86.0,87.0,82.0,73.0,84.0,75.0,74.0
DE'VONDRECAMPBELL_19930701,De'Vondre Campbell,LB,2024,SF,78.0,86.0,86.0,84.0,73.0,79.0,82.0,72.0
JAMINDAVIS_19981212,Jamin Davis,LB,2024,WAS,78.0,90.0,93.0,84.0,74.0,81.0,95.0,73.0
JOSEYJEWELL_19941225,Josey Jewell,LB,2024,CAR,78.0,82.0,84.0,83.0,74.0,84.0,84.0,71.0
TYRELDODSON_19980625,Tyrel Dodson,LB,2024,SEA,78.0,89.0,88.0,73.0,70.0,78.0,84.0,74.0
ALEXSINGLETON_19931207,Alex Singleton,LB,2024,DEN,77.0,86.0,87.0,78.0,72.0,84.0,76.0,72.0
BOYEMAFE_19981130,Boye Mafe,LB,2024,SEA,77.0,87.0,91.0,76.0,67.0,76.0,95.0,75.0
DENZELPERRYMAN_19921205,Denzel Perryman,LB,2024,LAC,77.0,82.0,83.0,77.0,68.0,83.0,81.0,84.0
E.J.SPEED_19950601,E.J. Speed,LB,2024,IND,77.0,88.0,89.0,83.0,74.0,81.0,82.0,74.0
JACKCAMPBELL_20000822,Jack Campbell,LB,2024,DET,77.0,84.0,90.0,87.0,77.0,78.0,89.0,76.0
SIONETAKITAKI_19960608,Sione Takitaki,LB,2024,NE,77.0,87.0,89.0,79.0,76.0,80.0,88.0,76.0
JORDYNBROOKS_19971021,Jordyn Brooks,LB,2024,MIA,76.0,88.0,87.0,86.0,77.0,83.0,82.0,73.0
NICHOLASMORROW_19950710,Nicholas Morrow,LB,2024,BUF,76.0,87.0,83.0,81.0,72.0,81.0,87.0,76.0
ZAVENCOLLINS_19990519,Zaven Collins,LB,2024,ARI,76.0,86.0,87.0,82.0,75.0,69.0,84.0,76.0
CHRISTIANHARRIS_20010116,Christian Harris,LB,2024,HOU,75.0,90.0,93.0,84.0,82.0,76.0,83.0,69.0
JOETRYON-SHOYINKA_19990430,Joe Tryon-Shoyinka,LB,2024,TB,75.0,83.0,86.0,82.0,71.0,73.0,84.0,81.0
ARDENKEY_19960503,Arden Key,LB,2024,TEN,74.0,81.0,79.0,77.0,65.0,82.0,76.0,79.0
JACKGIBBENS_19981124,Jack Gibbens,LB,2024,TEN,74.0,78.0,85.0,79.0,78.0,77.0,82.0,66.0
DERRICKBARNES_19990529,Derrick Barnes,LB,2024,DET,72.0,86.0,84.0,72.0,71.0,77.0,88.0,79.0
JACKSANBORN_20000729,Jack Sanborn,LB,2024,CHI,72.0,80.0,87.0,79.0,71.0,74.0,83.0,72.0
JALENREEVES-MAYBIN_19950131,Jalen Reeves-Maybin,LB,2024,DET,69.0,86.0,85.0,75.0,72.0,76.0,85.0,70.0
JIHADWARD_19940311,Jihad Ward,LB,2024,MIN,67.0,69.0,70.0,66.0,52.0,77.0,70.0,80.0
DEVINWHITE_19980217,Devin White,LB,2024,HOU,79.87968162390175,89.47049767567779,90.04377718092213,83.84811742104512,78.02237270830341,81.80546742669333,90.36229982466762,75.8234570891812
ERNESTJONES_19991122,Ernest Jones,LB,2024,TEN,76.89629456838082,86.64174889634694,88.60526931930131,83.15931719521768,75.58146585701434,78.84331294509394,89.82423299767811,76.29062693440147
HAROLDLANDRYIII_19960605,Harold Landry,LB,2024,TEN,78.29850598785788,84.71936338163033,87.79659346511443,80.09006325492305,72.4441969408229,81.12265151510786,84.81085954544346,79.02723050754582
IVANPACEJR_20001216,Ivan Pace Jr.,LB,2024,MIN,72.24459598657336,86.70693378845516,88.12046957774335,80.833036429711,77.14054348618725,74.08029482760799,89.68716757583547,71.41061439126395
JOSHSWEAT_19970329,Josh Sweat,LB,2024,PHI,78.35807297012673,85.62706712061339,88.34712361043866,80.68295096409747,70.78289886601635,80.69074889282899,85.99037000683802,79.53613029016441
YAYADIABY_19990530,Yaya Diaby,LB,2024,TB,74.77248393615315,86.36992571658834,89.60871893978859,79.20541874432911,71.36972420941845,72.61727426659246,88.77289633985743,76.87786897790329
LAVONTEDAVID_19900123,Lavonte David,LB,2024,TB,90.0,85.0,87.0,84.0,76.0,98.0,87.0,76.0
DREGREENLAW_19970525,Dre Greenlaw,LB,2024,SF,87.0,86.0,88.0,81.0,75.0,91.0,80.0,72.0
FRANKIELUVU_19960919,Frankie Luvu,LB,2024,WAS,82.0,86.0,87.0,82.0,73.0,89.0,73.0,83.0
ZAIREFRANKLIN_19960702,Zaire Franklin,LB,2024,IND,82.0,85.0,90.0,81.0,73.0,84.0,88.0,80.0
DEVINLLOYD_19980930,Devin Lloyd,LB,2024,JAX,81.0,84.0,91.0,79.0,75.0,82.0,84.0,78.0
JORDANHICKS_19920627,Jordan Hicks,LB,2024,CLE,80.0,84.0,86.0,83.0,73.0,84.0,86.0,78.0
BLAKECASHMAN_19960510,Blake Cashman,LB,2024,MIN,79.0,89.0,90.0,84.0,77.0,79.0,89.0,70.0
ELANDONROBERTS_19940422,Elandon Roberts,LB,2024,PIT,79.0,85.0,84.0,74.0,71.0,83.0,83.0,82.0
,Byron Young,LB,2024,LAR,76.0,92.0,93.0,77.0,65.0,76.0,90.0,74.0
DIVINEDEABLO_19980817,Divine Deablo,LB,2024,LV,74.0,88.0,87.0,83.0,74.0,76.0,82.0,69.0
NATELANDMAN_19981119,Nate Landman,LB,2024,ATL,74.0,79.0,86.0,79.0,72.0,76.0,87.0,75.0
MICHAELHOECHT_19971005,Michael Hoecht,LB,2024,LAR,73.0,84.0,87.0,80.0,68.0,73.0,81.0,83.0
ANTHONYWALKERJR_19950808,Anthony Walker,LB,2024,MIA,77.57390623103825,83.93312390049937,86.03437672951823,78.74095508607184,70.93179923939641,83.7104664364507,78.1066551277795,76.26620267922033
DAVIDLONGJR_19961012,David Long Jr.,LB,2024,DET,75.59694885098048,86.02988939927081,87.55025688065264,81.72266781338999,75.05053271495164,81.19860710046908,86.97482961580795,72.45302278043653
KENNETHMURRAYJR_19981117,"Kenneth Murray, Jr.",LB,2024,TEN,79.34329326003203,88.23472736257088,89.74245800722827,83.68784642428204,76.21027979847594,80.81869214689573,90.89340573965728,76.65142755794272
FREDWARNER_19961119,Fred Warner,LB,2024,SF,97.0,88.0,92.0,84.0,83.0,99.0,94.0,76.0
T.J.WATT_19941011,T.J. Watt,LB,2024,PIT,97.0,84.0,88.0,84.0,71.0,99.0,88.0,85.0
ROQUANSMITH_19970408,Roquan Smith,LB,2024,BAL,95.0,87.0,90.0,88.0,82.0,90.0,81.0,80.0
DEMARIODAVIS_19890111,Demario Davis,LB,2024,NO,92.0,88.0,87.0,79.0,72.0,98.0,86.0,85.0
C.J.MOSLEY_19920619,C.J. Mosley,LB,2024,NYJ,90.0,85.0,87.0,85.0,71.0,89.0,85.0,75.0
ALEXHIGHSMITH_19970807,Alex Highsmith,LB,2024,PIT,89.0,85.0,87.0,82.0,74.0,93.0,81.0,85.0
BOBBYWAGNER_19900627,Bobby Wagner,LB,2024,WAS,87.0,84.0,85.0,80.0,70.0,92.0,89.0,78.0
BOBBYOKEREKE_19960729,Bobby Okereke,LB,2024,NYG,86.0,89.0,89.0,82.0,76.0,90.0,81.0,73.0
BRIANBURNS_19980423,Brian Burns,LB,2024,NYG,86.0,88.0,91.0,87.0,72.0,91.0,86.0,76.0
JEREMIAHOWUSU-KORAMOAH_19991104,Jeremiah Owusu-Koramoah,LB,2024,CLE,85.0,89.0,92.0,88.0,79.0,87.0,87.0,65.0
PATRICKQUEEN_19990813,Patrick Queen,LB,2024,PIT,85.0,88.0,89.0,86.0,78.0,87.0,84.0,71.0
JADEVEONCLOWNEY_19930214,Jadeveon Clowney,LB,2024,CAR,84.0,84.0,87.0,82.0,70.0,91.0,88.0,85.0
JAHLANITAVAI_19960928,Jahlani Tavai,LB,2024,NE,84.0,85.0,86.0,79.0,71.0,86.0,81.0,78.0
QUINCYWILLIAMS_19960828,Quincy Williams,LB,2024,NYJ,84.0,88.0,89.0,78.0,75.0,85.0,89.0,67.0
T.J.EDWARDS_19960812,T.J. Edwards,LB,2024,CHI,84.0,85.0,85.0,81.0,76.0,87.0,79.0,72.0
TREMAINEEDMUNDS_19980502,Tremaine Edmunds,LB,2024,CHI,84.0,87.0,87.0,86.0,78.0,88.0,85.0,75.0
LOGANWILSON_19960708,Logan Wilson,LB,2024,CIN,83.0,87.0,89.0,83.0,77.0,85.0,78.0,74.0
BRADLEYCHUBB_19960624,Bradley Chubb,LB,2024,MIA,82.0,85.0,87.0,79.0,68.0,87.0,86.0,91.0
JA'WHAUNBENTLEY_19960824,Ja'Whaun Bentley,LB,2024,NE,82.0,85.0,84.0,79.0,71.0,85.0,73.0,86.0
GERMAINEPRATT_19960521,Germaine Pratt,LB,2024,CIN,80.0,88.0,89.0,79.0,74.0,86.0,79.0,76.0
ROBERTSPILLANE_19951214,Robert Spillane,LB,2024,LV,80.0,88.0,87.0,77.0,72.0,86.0,79.0,71.0
SHAQUILBARRETT_19921117,Shaquil Barrett,LB,2024,MIA,80.0,84.0,86.0,81.0,69.0,81.0,74.0,74.0
AZEEZAL-SHAAIR_19970804,Azeez Al-Shaair,LB,2024,HOU,79.0,86.0,88.0,78.0,73.0,85.0,80.0,77.0
KADENELLISS_19950710,Kaden Elliss,LB,2024,ATL,79.0,85.0,87.0,86.0,76.0,84.0,83.0,72.0
KAYVONTHIBODEAUX_20001215,Kayvon Thibodeaux,LB,2024,NYG,79.0,88.0,90.0,84.0,72.0,81.0,87.0,81.0
JONATHANGREENARD_19970525,Jonathan Greenard,LB,2024,MIN,77.0,81.0,83.0,81.0,73.0,85.0,75.0,77.0
PETEWERNER_19980605,Pete Werner,LB,2024,NO,76.0,85.0,89.0,82.0,73.0,79.0,89.0,72.0
DAMONECLARK_20000628,Damone Clark,LB,2024,DAL,75.0,90.0,89.0,80.0,74.0,77.0,87.0,67.0
JONATHONCOOPER_19980108,Jonathon Cooper,LB,2024,DEN,75.0,82.0,85.0,75.0,67.0,78.0,80.0,77.0
BUDDUPREE_19930212,Bud Dupree,LB,2024,LAC,74.0,84.0,86.0,76.0,67.0,75.0,93.0,76.0
D.J.WONNUM_19971031,D.J. Wonnum,LB,2024,CAR,74.0,83.0,82.0,77.0,67.0,77.0,80.0,82.0
TERRELBERNARD_19990507,Terrel Bernard,LB,2024,BUF,74.0,86.0,91.0,83.0,79.0,78.0,85.0,67.0
MICAHMCFADDEN_20000103,Micah McFadden,LB,2024,NYG,73.0,85.0,91.0,83.0,75.0,76.0,84.0,72.0
ANFERNEEJENNINGS_19970501,Anfernee Jennings,LB,2024,NE,72.0,81.0,86.0,74.0,66.0,71.0,84.0,81.0
FOYESADEOLUOKUN_19950802,Foye Oluokun,LB,2024,JAX,78.83751347151826,85.5156401125704,86.88000342153364,80.55200564654092,72.66661886066157,84.93386596338394,83.7156814783848,73.19036563876739
HAASONREDDICK_19940922,Haason Reddick,LB,2024,NYJ,82.0717025509758,86.27657763337072,87.62558883766661,83.97852531665237,73.53542701843833,87.46169432526568,87.78877159304022,75.82545667631695
JERMAINEJOHNSONII_19990107,Jermaine Johnson II,LB,2024,NYJ,83.87768373751985,87.04843430661651,90.26947070068618,84.11398847781768,73.06878156218578,84.2509281294283,86.00209532287374,77.29461044171438
WILLIEGAY_19980215,Willie Gay Jr.,LB,2024,NO,80.42649032541806,89.23472507462327,90.07400341403482,84.93515004255676,74.75822230143967,83.11962133453687,92.45141329077808,74.01540668442817
EMMANUELMOSELEY_19960325,Emmanuel Moseley,DB,2024,DET,76.0,91.0,92.0,87.0,90.0,77.0,91.0,65.0
SHAQUILLGRIFFIN_19950720,Shaquill Griffin,DB,2024,MIN,75.0,91.0,92.0,85.0,87.0,74.0,91.0,63.0
JACKJONES_19971220,Jack Jones,DB,2024,LV,74.0,91.0,93.0,88.0,90.0,75.0,84.0,53.0
JEREMYREAVES_19960829,Jeremy Reaves,DB,2024,WAS,73.0,87.0,87.0,76.0,75.0,75.0,76.0,61.0
ERIKHARRIS_19900402,Erik Harris,DB,2024,SF,72.0,89.0,84.0,79.0,75.0,76.0,79.0,72.0
MARCOWILSON_19990303,Marco Wilson,DB,2024,NE,72.0,92.0,92.0,88.0,88.0,75.0,94.0,66.0
JOSIAHSCOTT_19990405,Josiah Scott,DB,2024,PIT,71.0,91.0,92.0,91.0,91.0,70.0,84.0,53.0
BRANDONFACYSON_19940908,Brandon Facyson,DB,2024,LV,70.0,88.0,91.0,82.0,78.0,76.0,86.0,59.0
CHRISTIANMATTHEW_19961026,Christian Matthew,DB,2024,BAL,70.0,89.0,88.0,80.0,87.0,73.0,94.0,57.0
NOAHIGBINOGHENE_19991127,Noah Igbinoghene,DB,2024,WAS,70.0,91.0,92.0,89.0,87.0,65.0,93.0,61.0
DANECRUIKSHANK_19950427,Dane Cruikshank,DB,2024,ATL,69.0,90.0,91.0,85.0,82.0,59.0,91.0,74.0
ROBERTROCHELL_19980426,Robert Rochell,DB,2024,GB,69.0,92.0,91.0,92.0,91.0,69.0,94.0,55.0
JAYLINNHAWKINS_19970825,Jaylinn Hawkins,DB,2024,NE,68.0,88.0,88.0,83.0,79.0,65.0,85.0,63.0
RODERICTEAMERJR_19970512,Roderic Teamer,DB,2024,NO,68.0,88.0,89.0,81.0,79.0,69.0,88.0,58.0
TEVAUGHNCAMPBELL_19930614,Tevaughn Campbell,DB,2024,JAX,68.0,89.0,90.0,82.0,79.0,68.0,90.0,56.0
C.J.GOODWIN_19900204,C.J. Goodwin,DB,2024,DAL,67.0,93.0,94.0,82.0,80.0,60.0,89.0,66.0
DAMARHAMLIN_19980324,Damar Hamlin,DB,2024,BUF,67.0,86.0,92.0,86.0,77.0,70.0,84.0,62.0
DAMARIONWILLIAMS_19980715,Damarion Williams,DB,2024,BAL,66.0,88.0,93.0,83.0,90.0,62.0,83.0,57.0
DEONBUSH_19930814,Deon Bush,DB,2024,KC,66.0,89.0,89.0,82.0,80.0,69.0,86.0,71.0
DWIGHTMCGLOTHERN_20020206,Dwight McGlothern,DB,2024,MIN,66.0,90.0,92.0,75.0,83.0,63.0,78.0,59.0
JALYNARMOUR-DAVIS_19990903,Jalyn Armour-Davis,DB,2024,BAL,66.0,93.0,94.0,81.0,82.0,56.0,87.0,60.0
JLSKINNER_20010416,JL Skinner,DB,2024,DEN,66.0,89.0,91.0,87.0,77.0,61.0,86.0,59.0
SAMWEBB_19980519,Sam Webb,DB,2024,LV,66.0,90.0,92.0,85.0,85.0,60.0,96.0,58.0
AR'DARIUSWASHINGTON_19991102,Ar'Darius Washington,DB,2024,BAL,65.0,85.0,88.0,82.0,85.0,62.0,89.0,57.0
BRANDONHILL_20000906,Brandon Hill,DB,2024,HOU,65.0,91.0,95.0,87.0,90.0,60.0,85.0,55.0
CHRISTIANBRASWELL_19990927,Christian Braswell,DB,2024,JAX,65.0,90.0,90.0,89.0,87.0,61.0,93.0,42.0
JARRICKBERNARD-CONVERSE_20000429,Jarrick Bernard-Converse,DB,2024,NYJ,65.0,93.0,93.0,85.0,82.0,59.0,95.0,61.0
JERRICKREEDII_20000807,Jerrick Reed II,DB,2024,SEA,65.0,91.0,93.0,78.0,81.0,62.0,90.0,59.0
JOSHUAHBLEDSOE_19981230,Joshuah Bledsoe,DB,2024,NE,65.0,88.0,87.0,79.0,77.0,70.0,82.0,69.0
STEVENGILMORE_19990917,Steven Gilmore,DB,2024,DET,65.0,91.0,92.0,83.0,82.0,67.0,87.0,54.0
TAYGOWAN_19980107,Tay Gowan,DB,2024,TEN,65.0,91.0,92.0,87.0,82.0,65.0,85.0,55.0
TYCENANDERSON_19990613,Tycen Anderson,DB,2024,CIN,65.0,92.0,95.0,92.0,82.0,60.0,88.0,59.0
BRANDONJOSEPH_20020501,Brandon Joseph,DB,2024,DET,64.0,85.0,88.0,89.0,85.0,65.0,83.0,60.0
BEAUBRADE_20020129,Beau Brade,DB,2024,BAL,63.0,84.0,91.0,87.0,81.0,62.0,79.0,61.0
CHRISLAMMONS_19960131,Chris Lammons,DB,2024,IND,63.0,91.0,92.0,81.0,84.0,60.0,84.0,55.0
LANCEBOYKIN_20000831,Lance Boykin,DB,2024,SEA,63.0,84.0,84.0,81.0,78.0,66.0,80.0,61.0
SHAUNJOLLY_19981017,Shaun Jolly,DB,2024,LAR,63.0,89.0,90.0,87.0,90.0,57.0,87.0,44.0
SHEMARJEAN-CHARLES_19980620,Shemar Jean-Charles,DB,2024,NO,63.0,88.0,88.0,85.0,85.0,64.0,84.0,61.0
SHYHEIMCARTER_19971215,Shyheim Carter,DB,2024,TEN,63.0,89.0,91.0,85.0,83.0,62.0,82.0,61.0
TRISTINMCCOLLUM_19990503,Tristin McCollum,DB,2024,PHI,62.0,90.0,93.0,92.0,90.0,51.0,89.0,57.0
ZAYNEANDERSON_19970103,Zayne Anderson,DB,2024,GB,62.0,91.0,90.0,90.0,85.0,51.0,82.0,59.0
TYOKADA_19990604,Ty Okada,DB,2024,SEA,59.0,90.0,91.0,88.0,90.0,50.0,94.0,62.0
A.J.GREENIII_19980609,A.J. Green,DB,2024,LAR,63.29729109199957,86.4038320085246,88.98497980419324,83.62667363179906,82.1199383324959,62.75007508743715,86.40202106350314,60.11931715904916
A.J.THOMAS_d_field,A.J. Thomas,DB,2024,NE,63.332703896564624,88.19489084930967,89.69222616070635,82.39848461923778,79.64301465746502,58.68948155215162,85.8202450454756,66.79604008543424
AMANIORUWARIYE_19960209,Amani Oruwariye,DB,2024,DAL,69.53014077900616,88.59161976447336,90.56927758630127,84.23233246234038,81.98715516146541,68.55003446199794,85.61155691077737,64.40520702688332
AMEERSPEED_19991011,Ameer Speed,DB,2024,CHI,64.32462452015955,89.00644485936544,90.24546308667635,82.28040868345595,80.06649400030261,60.850654548140255,87.84394424207923,66.61855356290351
ANTHONYBROWN_19931215,Anthony Brown,DB,2024,CAR,71.09265499326295,90.3830367258156,90.90750872580469,82.58423344877926,81.96740339744287,74.18921172705177,82.50492356493132,63.1755113821377
BEANIEBISHOPJR_19991217,Beanie Bishop Jr.,DB,2024,PIT,63.05177529350584,90.05188826856096,91.59611955801574,86.0458694756464,86.03954464081153,57.54272148204382,86.92219767046983,56.31630206668865
BENNYSAPPIII_20000627,Benny Sapp III,DB,2024,ATL,63.29899679880975,89.22729639155597,90.7784815329764,84.31358938032979,82.8890245453972,58.7609465862472,86.1525486260906,60.64180412729536
BOBBYMCCAIN_19930818,Bobby McCain,DB,2024,MIN,72.51205536426801,88.3148767887534,89.38806991799561,88.2741416270113,86.82250048397697,77.60943841872086,85.75048727540533,63.30020255588903
BOBBYPRICE_19980425,Bobby Price,DB,2024,WAS,63.24232766466156,88.3712808860152,89.90087360879619,82.4628050383275,80.36634165233949,60.910880192154536,86.19776531096126,63.469321644135505
BRANDONCODRINGTON_20001117,Brandon Codrington,DB,2024,BUF,62.601447124842764,90.09742583958337,91.43075514941944,85.77340237360185,85.50491513421849,56.473042865401794,86.11394500771456,57.570508268031574
BUMPCOOPERJR_20010831,Ryan Cooper Jr.,DB,2024,BAL,62.60813241014205,89.33403885854892,91.10844095236018,84.87748291000142,84.56369304445911,56.352085029864156,86.46627510685414,59.23578884074249
CADENSTERNS_19991102,Caden Sterns,DB,2024,PHI,67.43322836593956,89.78199703744963,90.71764562091306,84.55319416800785,83.79206424171377,63.35443676010891,91.06132327759629,62.08213686459749
CAMLAMPKIN_20010731,Cam Lampkin,DB,2024,LAR,61.761115434751446,90.0068975529735,91.77464409320777,85.61407112347811,86.21509014808464,55.697980981303544,86.44094121227135,55.21855419350862
CHARLESWOODS_20000617,Charles Woods,DB,2024,LAR,62.34740765475135,89.8686145052207,91.4722005502017,85.3671848232029,85.10864621413225,56.38427648569473,87.1534098066702,57.600655104567636
CHIGOZIEANUSIEM_20001105,Chigozie Anusiem,DB,2024,WAS,61.95467739415466,89.11685561259543,90.78996799234449,83.9827813256466,82.94438728637073,55.02385153963246,86.65625785262705,62.04243514243262
CHRISROLAND-WALLACE_20011123,Christian Roland-Wallace,DB,2024,KC,62.98356805465676,88.81614275867798,90.69456768057756,84.05598325458499,83.33501584616425,56.081097519706645,85.67148503554635,62.76833693102236
CRAIGJAMES_19960429,Craig James,DB,2024,DET,67.02863658591889,88.4344721810894,89.88719898418901,84.44868523659481,83.1870447216267,68.73980783898332,85.71396658863848,59.0746657804022
DARIUSRUSH_20000222,Darius Rush,DB,2024,KC,66.04229792520158,91.25273705660112,92.44862724994346,84.79612464658294,82.96865759769025,59.92593940617485,83.64378843140481,61.39180943622131
DARRELLLUTERJR_20000424,Darrell Luter Jr.,DB,2024,SF,66.48436693320315,90.41510240543693,92.11926648439157,84.15402287753763,82.35260623548226,61.369575720148305,89.98244890051285,57.38463280270332
DAVIDLONGJR_19980206,David Long,DB,2024,IND,72.92434191599074,89.48586112728344,91.48309975790289,88.95985709184458,88.0859763653113,70.56699944829188,86.5930955834648,59.54047295728577
DELLPETTUS_20010602,Dell Pettus,DB,2024,NE,62.67581884987504,89.29114640482516,90.79803309515592,84.53276858467532,83.45113715936816,56.05631416658616,86.39714161350005,61.68865478358441
DEMANIRICHARDSON_20001007,Demani Richardson,DB,2024,CAR,62.33697787404674,88.82574852379503,90.19166503043681,83.31951776771106,81.06423453942017,54.916307275766485,86.58534415918042,66.32270292146251
EKOWBOYE-DOE_19991104,Ekow Boye-Doe,DB,2024,NYG,61.60462309670777,90.20325830566202,91.7395280560981,85.10514276855247,84.9158416389264,57.101018711462984,86.21897219278652,55.18901683259969
ESSANGBASSEY_d_field,Essang Bassey,DB,2024,DET,64.71430386066635,89.39416629111605,90.30814894372747,85.59062231104906,85.41264031957223,63.80314467738526,89.05310439026638,55.33280414285298
ETHANBONNER_19991023,Ethan Bonner,DB,2024,MIA,61.28289568916449,90.09863292826395,91.38866584494912,84.44481759690396,83.38076757901808,56.18674922890932,86.26217927967826,58.17195564973673
GABEJEUDY-LALLY_20010216,Gabe Jeudy-Lally,DB,2024,TEN,60.9749229522605,89.9073077371745,91.27333006523213,84.51552281697289,83.75932166076632,53.878502022965904,86.54747498534782,59.77678336893223
GERVARRIUSOWENS_19991014,Gervarrius Owens,DB,2024,TEN,63.424379606881644,89.7140087620673,90.61105477571851,83.41697091889601,82.42007242522067,60.69091969411511,88.46212479490978,61.37425190578227
JA'MARCUSINGRAM_19970902,Ja'Marcus Ingram,DB,2024,BUF,61.88038912820565,90.33688903324895,91.17059765355566,84.29475699703038,82.05063285988473,58.07908573982445,87.82287036354663,59.87277327330577
JASONTAYLORII_19991230,Jason Taylor,DB,2024,KC,63.96728732799983,89.14865924671699,90.3796850951448,84.45486689481213,83.41571955431704,58.778713948472614,93.77729600610844,60.479744988492655
JAYLENMCCOLLOUGH_20001012,Jaylen McCollough,DB,2024,LAR,62.613383931144654,88.96128906010307,90.69846322545334,84.15296074013266,83.1463330795101,55.9583711290702,86.57406509507403,62.127661733524974
JOEJUANWILLIAMS_19971206,Joejuan Williams,DB,2024,NO,71.80765850190983,85.91811609448519,89.25211383274609,83.90864266843617,81.04848991277504,72.32943418580362,86.13605309110677,68.57186249003075
JOSHWALLACE_20000705,Josh Wallace,DB,2024,LAR,62.362816825987125,89.4122463721169,91.36388281862833,84.05202184404023,82.82137767404487,57.076482997240646,84.5552915041883,56.64661007733986
JTWOODS_20000610,JT Woods,DB,2024,PHI,68.48155897602959,91.73342590943554,92.57574933828943,85.74204267190512,84.34624291736401,63.68090304114526,89.20225287057366,59.97101772431756
JULIUSWOOD_20010502,Julius Wood,DB,2024,TEN,61.23244192545803,89.70295747769688,91.06559911825804,84.2858143990803,83.23747665190598,54.07035262508589,86.55374262497253,61.041125821580295
KEENANISAAC_20000217,Keenan Isaac,DB,2024,CAR,60.584119322731794,89.9123648412205,91.2261288688008,83.72323381332242,82.30848630111183,54.98631010942813,86.48409004823667,59.766499580625975
KELVINJOSEPH_19991111,Kelvin Joseph,DB,2024,MIN,69.54594046093439,91.9315172188243,92.30506956511937,84.24999028782453,82.96860130015295,68.20355368592823,84.48798995378165,61.769131369933405
KENDALLSHEFFIELD_19960530,Kendall Sheffield,DB,2024,NYJ,72.02167738711609,88.79213424181603,90.24647490683657,85.4061021092691,82.23637824100751,72.59079529568885,86.38242024785205,64.87698843346624
KIONDRETHOMAS_d_field,Kiondre Thomas,DB,2024,PIT,63.50394316836753,89.93616342424758,91.1096829135297,84.25248893746095,83.19852333930169,61.86587862599458,87.0434884301424,52.41058166525653
KRISBOYD_19960912,Kris Boyd,DB,2024,HOU,66.93082412455027,89.67073847152813,90.41206087951912,84.67533732684682,82.46119462777006,66.21796706714963,86.19298001295714,64.59981498345718
KYUBLUKELLY_20010522,Kyu Kelly,DB,2024,LV,65.05362179518494,90.03499553923308,91.82120540038176,85.11631313809119,84.56993336179579,60.85897385463795,86.07457212208658,58.354609977197754
LAMARJACKSON_19980413,Lamar Jackson,DB,2024,ATL,64.23276181009408,88.32827220207844,89.77697959077182,82.86736086551998,80.65251914365888,62.25936378926849,85.9687968945272,63.73084075067487
LEWISCINE_19991005,Lewis Cine,DB,2024,BUF,69.85387608557443,92.38405503927567,92.41056409239576,85.7748445984941,82.65141225646403,67.83865897550731,88.21870091158208,63.4173864725517
LORENSTRICKLAND_20000531,Loren Strickland,DB,2024,DET,63.617977283220625,89.23256222296766,90.76775171610012,84.85888791755201,83.61550850759693,57.6130730290447,87.05307783350632,61.67953746228699
MARIOGOODRICH_20000112,Mario Goodrich,DB,2024,NYG,62.54274080155324,88.81779599827638,90.76879746486583,84.46141064346676,83.923108732056,59.15518558522672,85.67688499264219,57.69852284114364
MORICENORRIS_20000927,Morice Norris Jr.,DB,2024,DET,62.493351104347425,89.42872817902918,91.11576150501168,84.88508929110205,84.47115842082087,56.15117442097403,86.43988786793624,59.37909484694421
NAHSHONWRIGHT_19970923,Nahshon Wright,DB,2024,MIN,65.83318306201846,90.27659461785322,91.13648660271588,82.11068494384675,78.71246249203597,68.91577160333941,82.91050548506448,54.89304717688276
PARRYNICKERSON_19941011,Parry Nickerson,DB,2024,PHI,69.3531864408248,91.80300758056285,92.09070340386552,86.35590060786441,85.27951637975133,70.42101086029334,85.95551379365678,54.903584901605825
RASHADWISDOM_20010606,Rashad Wisdom,DB,2024,TB,64.57772982559726,88.50753861931503,90.34817709864154,84.57922199753462,83.45089783174598,58.637759529339746,86.30360663934681,63.032384494063535
RICOPAYTON_19991128,Rico Payton,DB,2024,NO,61.7749348900752,89.95142392503243,91.59646684330596,85.23381943497452,85.12211097113061,55.652479506501095,87.26601372299992,57.09059281550367
SAMUELWOMACKIII_19990707,Samuel Womack,DB,2024,IND,67.22738151966678,90.1074490010709,91.36323942658953,85.34640877244163,84.56196534250802,66.11224458277388,87.13444016177709,58.88763953715778
SHELDRICKREDWINE_19961106,Sheldrick Redwine,DB,2024,WAS,70.44236257220365,89.6086014659349,90.58493207825603,85.443094667203,83.12045732052218,70.42199987799813,89.33307249450434,63.127024681158616
SHEMARBARTHOLOMEW_20000606,Shemar Bartholomew,DB,2024,CAR,61.68717902269805,89.66834672153493,90.88633003290647,84.17523187332066,82.46264664799753,54.68171988998256,87.26772808338038,62.635960059810316
STORMDUCK_20001215,Storm Duck,DB,2024,MIA,61.72486336201348,89.68295029758013,91.02296109341302,84.5095418782456,83.45125682317911,54.76559148520914,86.44390910057655,61.01678992834468
TAEHAYES_19970819,Tae Hayes,DB,2024,NYJ,66.37263661597939,88.9044974716706,90.30586290390482,84.99459926233196,84.08372643452128,67.04902670923752,85.49634373737462,57.64882187253181
THOMASHARPER_20001105,Thomas Harper,DB,2024,LV,63.06582386902312,89.34591875921734,90.9914952119073,85.01845467933053,84.45769366382245,56.88297140016698,86.32728395160659,59.88915713600818
TRESWILLING_19990326,Tre Swilling,DB,2024,NYJ,62.75211358001161,89.35043092950372,90.7538585901575,83.93125793491743,82.37292465394654,58.9271603093639,86.40136995716396,60.44163162028866
TROYPRIDEJR_19980119,Troy Pride,DB,2024,HOU,69.7911024125894,90.56015340179283,91.59365847415836,85.07390281472709,83.41820125867969,68.95502490440776,83.64927559051019,58.842917865588845
TYLEROWENS_20010512,Tyler Owens,DB,2024,WAS,60.72163590501623,89.79681529316031,90.20996086598933,85.11541509039304,80.95067482565054,53.23918080578278,94.62200334464198,64.72906256719568
TYREKFUNDERBURK_20001128,Tyrek Funderburk,DB,2024,TB,61.82964446690818,89.58032848594269,91.3988920030439,84.92788425608704,84.99463380854553,55.4668075689749,86.57386491148391,57.71425258955986
VINCENTGRAY_d_field,Vincent Gray,DB,2024,CLE,61.48517879306627,88.58475782258324,90.39952213155158,83.66309775441039,82.28437370245393,57.371120294864795,85.8431981239997,60.44682621269379
,Tayler Hawkins,DB,2024,SF,63.223624494217574,89.30683720223152,90.4587355998031,83.69197801574305,81.17394609635653,59.412545204864955,87.08745131264526,62.96703853754923
,Mekhi Garner,DB,2024,PHI,62.28405063438532,87.7088917838418,89.7221730408038,83.21243787315126,80.70769815082213,57.14938615300662,88.49787690594441,64.70172305952713
,Divaad Wilson,DB,2024,ARI,62.25621626631289,89.69485174069513,91.00926597335473,84.2964477787807,82.81511651029768,57.309495417758626,86.17820632203278,60.08458407701727
,Tanner McCalister,DB,2024,DEN,62.605900035465424,89.78450549957574,91.16703834283226,84.74227729473787,83.64327631406945,58.01379428465248,86.08849239692984,58.65259972493169
,Jaylin Williams,DB,2024,MIN,63.482395467527965,89.45250952281219,90.98512064450034,84.81296696096624,83.72901872730284,59.225964723826564,86.03519393414476,59.10025729088221
,Nick Whiteside,DB,2024,WAS,62.46307403729577,89.14769491980644,90.77773698281652,83.77120850240186,82.28974004876181,57.52757335040428,86.38527762629975,61.1388904923453
,Andre' Sam,DB,2024,PHI,63.22722376560978,87.9013949152532,90.32559446404548,85.15004763282083,84.17325266740568,58.32638565178809,87.03362554401009,60.53857883208997
,Jarius Monroe,DB,2024,NYJ,61.51875985268879,89.09995898639556,90.5994340966538,83.50013778343182,81.9008169324614,54.11683006249564,86.71556061895346,63.89925519248965
,Ro Torrence,DB,2024,CHI,60.8662357598933,89.24557064590215,90.80532865801734,83.45713448614015,82.14152661773153,53.34847496423254,86.83093492721665,62.85479472112581
,Miles Battle,DB,2024,NE,60.69674487726587,89.71135540547209,91.01022405093079,83.77067604612824,82.17646915667837,53.33323629286838,87.49669649981468,62.37444095327123
,Reddy Steward,DB,2024,CHI,61.68047293475894,90.07666036195036,91.70326459866004,85.53435796608211,85.8582967467193,55.45326424792688,86.40122868585235,55.9535807844905
,Te'Cory Couch,DB,2024,BUF,61.84509515070266,90.98223405356623,91.99318142297301,86.29937030294705,85.85919629343141,56.03403751905876,87.6043155713676,55.58891914156595
,Jordan Colbert,DB,2024,MIA,61.85253319994109,89.16999244369902,90.31309576948047,83.26998552157806,80.59079682650508,54.36112222732868,87.36997728773288,66.5966293171922
,Isaiah Johnson,DB,2024,MIA,60.2760064253884,87.31007885898015,89.45400135177664,83.71981265088367,81.09138933604402,53.23129742012361,90.26511179657427,65.41893784418994
,Mark Perry,DB,2024,NE,62.96154560523394,88.69510848280578,90.1788603107446,83.5770167206938,81.53043911028658,55.8946329896894,86.5164766891283,65.81620892777471
,Alex Johnson,DB,2024,IND,61.39347550488935,89.94014790376713,91.42671010311909,84.95678850426975,84.64300223872067,54.70334725519342,86.47359340359566,58.258815413125944
,Chris Edmonds,DB,2024,CLE,61.47784743082093,89.14180096016617,90.41073658657308,83.29020595640084,81.1383819021417,53.7863130815017,86.65322143739147,65.53619326126193
,Emany Johnson,DB,2024,LAC,62.05057161604907,88.68227549632968,90.06811829770265,82.91202355423161,80.43297836105859,54.3745488973384,86.70019179527633,67.35851277681667
,Phalen Sanford,DB,2024,LV,62.80475936231318,89.51073893114676,90.9838950511757,84.82653355380151,83.72666971977412,56.56344307833638,87.13151000728459,60.83570539960567
,Omar Brown,DB,2024,GB,62.23515262851163,88.89356748902179,90.58077293484024,83.75155163153386,82.44104920223805,55.255884263531016,86.66780294003544,63.27811639384055
,Marcus Banks,DB,2024,TB,62.08716344010617,89.37597822646535,91.19116105606997,84.69817583819444,84.4727887996853,55.65865817109534,86.58013255110885,58.978595042207985
,Millard Bradford,DB,2024,NO,63.43920526616455,90.4048087394043,91.60169321508533,85.42399608576477,85.4316255490283,56.84974066921427,88.6438164167103,57.66594726680057
,Michael Dowell,DB,2024,SEA,62.367910897655804,89.13104739948625,90.26899363410536,83.49219172452334,80.8230839225061,55.09654320923073,87.26542121112047,66.54363222271638
,PJ Jules,DB,2024,CIN,62.366456330718506,89.16661124145577,90.67595047295191,84.12679564741588,82.80137405627892,55.47437366638064,86.50671180181217,62.75312584017877
,Lance Robinson,DB,2024,CIN,62.53580642391904,90.09779388205561,91.48721393058423,85.6535880243683,85.22321921517351,56.599141885835934,86.98427082872966,57.63872393444575
,Ben Nikkel,DB,2024,WAS,62.46971534055018,88.70815509364036,90.37450609839647,83.52336448986145,81.9006972686501,55.40755274387243,86.6687931318768,64.57112004772915
,A.J. Woods,DB,2024,PHI,63.22685744845484,89.5831091852877,91.35260619676825,85.68942878452003,85.86321925063737,57.515966030275194,86.24713473022972,57.106846727553545
,Jaylen Mahoney,DB,2024,SF,62.606950066397985,89.34795999711332,90.80242542674682,84.53733241333575,83.39561638518529,55.935767801251586,86.38130927014929,61.7746383873054
,Quinton Newsome,DB,2024,DEN,60.814820296019775,90.03291221656468,91.43658660175089,84.69624699884682,84.21381151730975,53.8053857848256,86.55301576921514,58.70798700433306
,Jason Maitre,DB,2024,MIA,62.46075519624844,90.16456236732927,91.37721646770251,85.53097573583405,84.72504296258103,56.31243102932763,86.93525693466853,58.683941418437996
,Chase Williams,DB,2024,CLE,61.57239771690416,89.76303604201507,90.89365058555768,84.18283825442137,82.37011202435951,54.480809281093116,87.24134084446243,62.77926606601193
TREVONDIGGS_19970920,Trevon Diggs,DB,2024,DAL,89.0,92.0,90.0,87.0,87.0,93.0,95.0,69.0
C.J.GARDNER-JOHNSON_19971220,C.J. Gardner-Johnson,DB,2024,PHI,84.0,90.0,91.0,84.0,85.0,91.0,86.0,68.0
DARRICKFORREST_19990522,Darrick Forrest,DB,2024,WAS,80.0,91.0,93.0,86.0,79.0,81.0,92.0,67.0
AVONTEMADDOX_19960331,Avonte Maddox,DB,2024,PHI,76.0,90.0,92.0,92.0,93.0,76.0,88.0,55.0
ERICSTOKES_19990301,Eric Stokes,DB,2024,GB,76.0,95.0,94.0,85.0,84.0,70.0,91.0,58.0
KAIIRELAM_20010505,Kaiir Elam,DB,2024,BUF,75.0,93.0,90.0,85.0,86.0,75.0,89.0,60.0
MARCUSJONES_19981022,Marcus Jones,DB,2024,NE,75.0,93.0,95.0,92.0,93.0,73.0,87.0,48.0
ROCKYA-SIN_19960523,Rock Ya-Sin,DB,2024,SF,74.0,90.0,89.0,85.0,84.0,67.0,93.0,68.0
CAMSMITH_20001221,Cam Smith,DB,2024,MIA,72.0,91.0,95.0,90.0,87.0,72.0,90.0,45.0
JOSHUAWILLIAMS_19991017,Joshua Williams,DB,2024,KC,72.0,89.0,93.0,86.0,82.0,72.0,88.0,59.0
NIKNEEDHAM_19961104,Nik Needham,DB,2024,MIA,72.0,88.0,87.0,86.0,87.0,79.0,75.0,56.0
COBYBRYANT_19990329,Coby Bryant,DB,2024,SEA,71.0,88.0,90.0,83.0,83.0,74.0,80.0,63.0
GEORGEODUM_19931103,George Odum,DB,2024,SF,71.0,91.0,92.0,83.0,80.0,70.0,81.0,69.0
KINDLEVILDOR_19971211,Kindle Vildor,DB,2024,DET,71.0,89.0,89.0,89.0,88.0,77.0,93.0,56.0
ARTIEBURNS_19950501,Artie Burns,DB,2024,SEA,70.0,90.0,89.0,83.0,79.0,74.0,79.0,56.0
ISRAELMUKUAMU_19991128,Israel Mukuamu,DB,2024,DAL,70.0,88.0,90.0,79.0,77.0,72.0,87.0,65.0
RILEYMOSS_20000303,Riley Moss,DB,2024,DEN,70.0,91.0,95.0,95.0,89.0,71.0,92.0,53.0
UGOAMADI_19970516,Ugo Amadi,DB,2024,NO,70.0,90.0,89.0,82.0,85.0,68.0,82.0,62.0
JAYWARD_20000713,Jay Ward,DB,2024,MIN,69.0,87.0,93.0,79.0,83.0,69.0,86.0,58.0
TREMONSMITH_19960720,Tremon Smith,DB,2024,DEN,69.0,92.0,94.0,84.0,85.0,68.0,82.0,58.0
JAMMIEROBINSON_20010124,Jammie Robinson,DB,2024,CAR,68.0,86.0,93.0,87.0,81.0,66.0,81.0,67.0
THEOJACKSON_19981002,Theo Jackson,DB,2024,MIN,68.0,90.0,92.0,76.0,81.0,71.0,88.0,58.0
TONYBROWN_19950713,Tony Brown,DB,2024,CLE,68.0,92.0,92.0,89.0,86.0,64.0,77.0,58.0
TREYTAYLOR_20010130,Trey Taylor,DB,2024,LV,68.0,86.0,88.0,87.0,87.0,64.0,89.0,70.0
ALEXAUSTIN_20010522,Alex Austin,DB,2024,NE,67.0,88.0,93.0,82.0,83.0,71.0,80.0,49.0
DANIELTHOMAS_19980701,Daniel Thomas,DB,2024,JAX,67.0,88.0,90.0,82.0,82.0,67.0,88.0,65.0
MYLESHARDEN_20011213,Myles Harden,DB,2024,CLE,67.0,89.0,94.0,90.0,95.0,53.0,85.0,59.0
SIRANNEAL_19940804,Siran Neal,DB,2024,MIA,67.0,91.0,87.0,82.0,81.0,64.0,92.0,60.0
CAMLEWIS_19970413,Cam Lewis,DB,2024,BUF,66.0,90.0,91.0,90.0,84.0,70.0,78.0,51.0
DAIJAHNANTHONY_20000909,Daijahn Anthony,DB,2024,CIN,66.0,88.0,92.0,87.0,88.0,59.0,88.0,56.0
JADENDAVIS_20010718,Jaden Davis,DB,2024,ARI,66.0,91.0,95.0,79.0,76.0,62.0,85.0,58.0
JAYLENKEY_20000229,Jaylen Key,DB,2024,NYJ,66.0,87.0,91.0,82.0,88.0,66.0,87.0,53.0
JOSHHAYES_19990404,Josh Hayes,DB,2024,TB,66.0,91.0,91.0,81.0,77.0,68.0,78.0,58.0
JUANYEHTHOMAS_20000624,Juanyeh Thomas,DB,2024,DAL,66.0,87.0,92.0,76.0,84.0,64.0,82.0,65.0
MJDEVONSHIRE_20000912,MJ Devonshire,DB,2024,LV,66.0,91.0,93.0,83.0,84.0,64.0,91.0,51.0
SANOUSSIKANE_20011006,Sanoussi Kane,DB,2024,BAL,66.0,88.0,91.0,81.0,81.0,61.0,87.0,58.0
CHASELUCAS_19970304,Chase Lucas,DB,2024,SF,65.0,90.0,94.0,90.0,89.0,61.0,92.0,54.0
D.J.IVEY_20000225,D.J. Ivey,DB,2024,CIN,65.0,90.0,90.0,83.0,87.0,59.0,92.0,54.0
DEANELEONARD_19991120,Deane Leonard,DB,2024,LAC,65.0,93.0,94.0,82.0,86.0,55.0,80.0,60.0
DELARRINTURNER-YELL_19991216,Delarrin Turner-Yell,DB,2024,DEN,65.0,90.0,92.0,85.0,78.0,66.0,85.0,53.0
ELIRICKS_20010926,Eli Ricks,DB,2024,PHI,65.0,87.0,90.0,82.0,78.0,68.0,84.0,50.0
JOSHBLACKWELL_19990405,Josh Blackwell,DB,2024,CHI,65.0,94.0,92.0,91.0,84.0,56.0,88.0,53.0
KALENKING_20030128,Kalen King,DB,2024,GB,65.0,87.0,91.0,87.0,90.0,66.0,88.0,47.0
KHALILDORSEY_19980331,Khalil Dorsey,DB,2024,DET,65.0,92.0,92.0,88.0,87.0,59.0,84.0,51.0
ISAIAHPOLA-MAO_19990630,Isaiah Pola-Mao,DB,2024,LV,64.0,89.0,91.0,88.0,80.0,57.0,76.0,57.0
JOEYBLOUNT_19981116,Joey Blount,DB,2024,ARI,64.0,92.0,94.0,87.0,80.0,62.0,90.0,65.0
NICJONES_20021015,Nic Jones,DB,2024,KC,64.0,89.0,92.0,87.0,84.0,59.0,84.0,49.0
AJFINLEY_20010914,AJ Finley,DB,2024,LAC,63.0,87.0,87.0,86.0,84.0,61.0,85.0,56.0
D'SHAWNJAMISON_19990604,D'Shawn Jamison,DB,2024,CAR,63.0,89.0,91.0,91.0,85.0,61.0,80.0,55.0
ELIJAHCAMPBELL_19950824,Elijah Campbell,DB,2024,MIA,63.0,90.0,85.0,85.0,81.0,62.0,92.0,61.0
J.T.GRAY_19960118,J.T. Gray,DB,2024,NO,63.0,91.0,91.0,82.0,80.0,57.0,81.0,65.0
JALENDAVIS_19960202,Jalen Davis,DB,2024,CIN,63.0,89.0,89.0,81.0,78.0,61.0,86.0,53.0
,Mike Brown,DB,2024,TEN,63.0,86.0,85.0,83.0,78.0,62.0,80.0,66.0
ALEXCOOK_19990521,Alex Cook,DB,2024,CAR,62.0,82.0,86.0,84.0,85.0,61.0,79.0,56.0
KAHLEFHAILASSIE_20001109,Kahlef Hailassie,DB,2024,CLE,62.0,88.0,90.0,92.0,88.0,56.0,79.0,53.0
MICAHABERNATHY_19970210,Micah Abernathy,DB,2024,ATL,62.0,90.0,89.0,91.0,88.0,54.0,91.0,61.0
TREAVERY_19970226,Tre Avery,DB,2024,TEN,62.0,91.0,92.0,91.0,94.0,54.0,90.0,60.0
TREVORDENBOW_19990826,Trevor Denbow,DB,2024,IND,62.0,87.0,92.0,83.0,85.0,62.0,91.0,62.0
,NaJee Thompson,DB,2024,MIN,58.0,86.0,87.0,78.0,74.0,57.0,78.0,59.0
ADRIANAMOS_19930429,Adrian Amos,DB,2024,JAX,72.36815674122744,85.65885228871974,87.48352743935891,81.81358934358488,81.15318026340502,76.91125504939907,85.42721517617883,69.84933338872445
ANDREWBOOTHJR_20000928,Andrew Booth,DB,2024,DAL,71.74155384429395,90.60781613357744,91.76393659469375,87.75467390489996,86.44325504617275,69.3219658700242,87.19963871123042,59.49546016012273
ANTHONYKENDALL_19991217,Anthony Kendall,DB,2024,BAL,64.85994433397076,91.30965635998609,92.82587172589257,87.38366972497653,85.53028349017193,61.643249924705856,86.85442308993916,54.324689975727765
CHRISTIANHOLMES_19970914,Christian Holmes,DB,2024,NYG,65.4060095446008,89.66089474994124,90.91215601773592,83.77921875378968,82.25791084747136,61.88127676861495,87.1606918109621,64.9257270584486
CHRISTOPHERSMITHII_20000501,Chris Smith II,DB,2024,LV,66.91432350829666,87.71193505729963,90.33259423793999,85.35396581952136,84.90573286360872,64.04293307506066,82.65899228311443,62.95332840568874
D'ANGELOROSS_19961029,D'Angelo Ross,DB,2024,HOU,67.57116066370588,89.86410782409922,90.89151608991853,85.1345363462091,82.59881387209047,68.34211841856472,85.93299731294283,57.01338840177691
DALLISFLOWERS_19970604,Dallis Flowers,DB,2024,TB,64.73716595685818,89.76978896340682,91.5466199689971,84.89263523391122,82.93724122539079,61.11332440906574,87.41328867332578,62.17622705061798
DARNAYHOLMES_19980623,Darnay Holmes,DB,2024,LV,70.69273390542583,89.83371714286449,91.30975793102544,87.16675678216501,84.67105464209637,70.26657649019853,86.67229202362117,57.17890105697383
DARYLWORLEY_19950222,Daryl Worley,DB,2024,TEN,73.70897501500792,85.14608174697048,87.7175758759193,83.38044411252622,82.10415017752707,78.65055004084422,85.14671562557663,66.04757726913307
DESMONDKINGII_19941214,Desmond King,DB,2024,HOU,71.832843543531,88.48903685003711,89.878478653314,86.04401002844114,82.84532542507641,73.92702311896142,82.72895302166245,58.92264935076706
DICAPRIOBOOTLE_19970917,Dicaprio Bootle,DB,2024,LAC,66.03754200758618,92.57343904020235,92.74140987719505,87.65245640245055,85.95877190216213,64.27161066688484,86.4261655244832,54.52390870894074
DUKESHELLEY_19961008,Duke Shelley,DB,2024,NYG,69.20577739318776,90.4554067040794,92.0932379997169,87.17882275206742,85.04151934181375,72.00275542992188,86.83914484643972,54.61300546852421
ELIJAHRILEY_d_field,Elijah Riley,DB,2024,NYG,66.676068736444,89.11893233776163,90.32220187564025,83.67535756704439,81.57475074322748,65.11642270955485,86.39053057995918,62.37365943091767
ERICROWE_19921003,Eric Rowe,DB,2024,PIT,75.86579570096126,88.03124511717704,89.44010687873083,86.05924683758829,84.51971032032806,80.75703291577702,89.39777867657037,67.61924761742098
GREGORYJUNIOR_19990621,Gregory Junior,DB,2024,HOU,66.79621684628643,90.91744648588383,91.4828383849715,85.62037132163019,84.17502028246885,64.0869411825912,86.83539369587899,59.050241532307794
GREGSTROMAN_19960308,Greg Stroman,DB,2024,NYG,69.05053949730512,89.37767856138811,90.94318375657537,84.61342845550902,81.12515456687946,70.89325157828841,83.41561679261406,55.70620822594897
JAMESPIERRE_19960916,James Pierre,DB,2024,PIT,65.92324902013519,87.86576021475213,90.30198603503351,83.94898986048736,83.1785818347842,66.70221512749754,83.90362760479067,60.46977282417036
JAYLONJONES_20020403,Jaylon Jones,DB,2024,CHI,65.11480012906713,90.35942538919437,91.77305308504799,85.60608263572323,83.56753827692292,62.021021643258564,86.8449066288081,58.98419974215635
JOSHJOBE_19980409,Josh Jobe,DB,2024,SEA,65.00333585945378,90.63955842164364,91.52150055176355,85.28208602720875,83.3069845253843,61.72581048757672,86.58801394071276,58.654819546108186
JUSTINHARDEESR_19940207,Justin Hardee,DB,2024,TEN,68.1695776724248,88.55594529410178,89.78791536788225,83.21889293684927,80.69792779375003,70.36295859282438,86.66105711648217,61.95366628598116
KEVONSEYMOUR_19931130,Kevon Seymour,DB,2024,WAS,70.2109146235448,90.50456116502761,91.67199767207251,85.66126153738577,83.13452966536202,75.5664758663745,85.95236204887382,56.13722068486079
LONNIEJOHNSONJR_19951104,Lonnie Johnson,DB,2024,CAR,72.09301688676823,88.2835800493308,89.50407730916675,83.97151034411502,83.24400220370713,72.88468371604381,89.04239148004345,68.54015427368357
M.J.STEWARTJR_19950916,M.J. Stewart,DB,2024,HOU,74.10726249720722,87.715016419128,89.30754878446726,84.57056792810559,82.45452433654692,75.92950159280679,84.65568408767496,65.2282297251377
MATTHEWJACKSON_19981109,Matthew Jackson,DB,2024,JAX,64.18242755325753,89.81081249753095,90.67841788060673,83.45022724990116,81.78459993178022,58.31554206012265,86.69307433861255,64.7492140728951
QUINDELLJOHNSON_19991105,Quindell Johnson,DB,2024,LAR,64.49436920280823,89.8398087114179,91.07715760386338,84.1704714862588,82.5760884036073,59.14240608547516,86.83283478547588,63.21110180899343
RAHEEMLAYNE_19990702,Raheem Layne,DB,2024,NYG,65.30915020588225,90.37195249928482,91.5693258244471,85.39719406226536,83.46692521592998,62.13508174765184,86.60124609541728,58.82531440809383
TARIQCASTRO-FIELDS_19990114,Tariq Castro-Fields,DB,2024,CAR,66.26166040493956,92.22974584878591,92.01979418893399,84.69733996142,83.40386859138279,63.02027933555405,87.53703023390977,61.612864630045365
TERRELLBURGESS_19981112,Terrell Burgess,DB,2024,BUF,71.40770473863779,89.76163747388978,90.70036500477778,84.518081672721,83.5680057364389,71.4184200064119,83.77188004798694,67.03120197959915
TERRELLEDMUNDS_19970120,Terrell Edmunds,DB,2024,PIT,74.58730202273904,88.74899145441196,90.18437996262912,84.98763521970565,82.72624730613389,76.93961834839138,92.53770576752427,67.2242946157413
TRENTONTHOMPSON_d_field,Trenton Thompson,DB,2024,PIT,64.88014850552406,90.01541386362788,91.33932860305504,84.73021035264068,82.92229541887953,61.22512675645453,87.0887098242757,61.289977997319724
TYLERHALL_19981031,Tyler Hall,DB,2024,JAX,67.08379341389008,90.10094702433355,91.12217276754171,85.35725863490458,83.20122329509552,66.70586118335609,86.06010835269754,56.68048022038441
JAIREALEXANDER_19970209,Jaire Alexander,DB,2024,GB,93.0,92.0,93.0,93.0,95.0,92.0,85.0,60.0
JAYCEEHORN_19991126,Jaycee Horn,DB,2024,CAR,86.0,92.0,93.0,88.0,89.0,80.0,94.0,65.0
MARKQUESEBELL_19990106,Markquese Bell,DB,2024,DAL,81.0,92.0,94.0,77.0,79.0,77.0,87.0,68.0
CHRISTIANGONZALEZ_20020628,Christian Gonzalez,DB,2024,NE,80.0,93.0,93.0,92.0,91.0,72.0,95.0,59.0
CHUCKCLARK_19950419,Chuck Clark,DB,2024,NYJ,79.0,88.0,91.0,86.0,84.0,81.0,82.0,67.0
JI'AYIRBROWN_20000125,Ji'Ayir Brown,DB,2024,SF,76.0,86.0,91.0,85.0,84.0,76.0,85.0,64.0
TAYLORRAPP_19971222,Taylor Rapp,DB,2024,BUF,76.0,86.0,88.0,87.0,87.0,77.0,84.0,63.0
JAYLENWATSON_19980917,Jaylen Watson,DB,2024,KC,75.0,89.0,92.0,82.0,86.0,76.0,90.0,66.0
MEKHIBLACKMON_19990318,Mekhi Blackmon,DB,2024,MIN,75.0,90.0,95.0,90.0,89.0,73.0,86.0,55.0
TROYHILL_19910829,Troy Hill,DB,2024,CAR,75.0,89.0,90.0,90.0,85.0,85.0,86.0,60.0
ANDREWWINGARD_19961205,Andrew Wingard,DB,2024,JAX,74.0,87.0,90.0,87.0,83.0,77.0,87.0,55.0
BRYCEHALL_19971105,Bryce Hall,DB,2024,TB,74.0,90.0,90.0,85.0,83.0,77.0,90.0,57.0
KELEERINGO_20020627,Kelee Ringo,DB,2024,PHI,74.0,94.0,95.0,84.0,83.0,70.0,81.0,58.0
MARTEMAPU_19991108,Marte Mapu,DB,2024,NE,74.0,88.0,88.0,83.0,80.0,71.0,82.0,68.0
QUENTINLAKE_19990129,Quentin Lake,DB,2024,LAR,74.0,86.0,92.0,80.0,79.0,77.0,85.0,57.0
ANTHONYAVERETT_19941130,Anthony Averett,DB,2024,PIT,73.0,91.0,91.0,85.0,81.0,76.0,78.0,58.0
DANEJACKSON_19961129,Dane Jackson,DB,2024,CAR,73.0,89.0,89.0,87.0,89.0,77.0,84.0,54.0
SYDNEYBROWN_20000321,Sydney Brown,DB,2024,PHI,73.0,90.0,95.0,83.0,79.0,72.0,94.0,69.0
TAVIERRETHOMAS_19960311,Tavierre Thomas,DB,2024,TB,73.0,91.0,91.0,80.0,79.0,75.0,81.0,55.0
C.J.HENDERSON_19980930,C.J. Henderson,DB,2024,HOU,72.0,92.0,91.0,89.0,89.0,74.0,89.0,64.0
JOHNATHANABRAM_19961025,Johnathan Abram,DB,2024,NO,72.0,92.0,90.0,83.0,80.0,72.0,81.0,70.0
MIKEHUGHES_19970211,Mike Hughes,DB,2024,ATL,72.0,89.0,91.0,91.0,88.0,75.0,85.0,66.0
NICKCROSS_20010910,Nick Cross,DB,2024,IND,72.0,92.0,96.0,87.0,82.0,68.0,88.0,67.0
NICKMCCLOUD_19980709,Nick McCloud,DB,2024,NYG,72.0,90.0,92.0,89.0,86.0,73.0,82.0,58.0
AARONROBINSON_19971110,Aaron Robinson,DB,2024,NYG,71.0,92.0,91.0,87.0,84.0,70.0,87.0,59.0
ANTONIOJOHNSON_20011029,Antonio Johnson,DB,2024,JAX,71.0,88.0,92.0,80.0,80.0,69.0,76.0,55.0
BRANDINECHOLS_19971016,Brandin Echols,DB,2024,NYJ,71.0,93.0,93.0,89.0,88.0,69.0,95.0,52.0
CAMERONMITCHELL_20010908,Cameron Mitchell,DB,2024,CLE,71.0,90.0,93.0,87.0,89.0,68.0,84.0,61.0
CLARKPHILLIPSIII_20011219,Clark Phillips III,DB,2024,ATL,71.0,89.0,94.0,89.0,90.0,71.0,80.0,60.0
COREYBALLENTINE_19960413,Corey Ballentine,DB,2024,GB,71.0,90.0,90.0,88.0,85.0,73.0,91.0,61.0
DAMARRIMATHIS_19990412,Damarri Mathis,DB,2024,DEN,71.0,93.0,93.0,84.0,83.0,70.0,97.0,61.0
ERICMURRAY_19940107,Eric Murray,DB,2024,HOU,71.0,87.0,90.0,82.0,79.0,77.0,88.0,63.0
GARRETTWILLIAMS_20010601,Garrett Williams,DB,2024,ARI,71.0,88.0,90.0,90.0,90.0,71.0,86.0,63.0
JAKORIANBENNETT_20000823,Jakorian Bennett,DB,2024,LV,71.0,96.0,97.0,89.0,87.0,62.0,94.0,54.0
KEI'TRELCLARK_20010319,Kei'Trel Clark,DB,2024,ARI,71.0,92.0,95.0,90.0,87.0,70.0,83.0,51.0
KEVINKING_19950505,Kevin King,DB,2024,ATL,71.0,89.0,92.0,90.0,92.0,66.0,93.0,69.0
TERELLSMITH_19990727,Terell Smith,DB,2024,CHI,71.0,92.0,95.0,83.0,81.0,67.0,82.0,63.0
KRISABRAMS-DRAINE_20011004,Kris Abrams-Draine,DB,2024,DEN,70.0,91.0,93.0,91.0,90.0,59.0,81.0,40.0
MICHAELOJEMUDIA_19970912,Michael Ojemudia,DB,2024,ARI,70.0,90.0,92.0,86.0,85.0,67.0,86.0,66.0
CAMHART_20001205,Cam Hart,DB,2024,LAC,69.0,91.0,92.0,80.0,81.0,60.0,93.0,59.0
DANEBELTON_20001207,Dane Belton,DB,2024,NYG,69.0,91.0,93.0,87.0,86.0,70.0,87.0,61.0
DEMARCCOHELLAMS_20000605,DeMarcco Hellams,DB,2024,ATL,69.0,87.0,92.0,76.0,74.0,69.0,76.0,70.0
JA'QUANMCMILLIAN_20000604,Ja'Quan McMillian,DB,2024,DEN,69.0,88.0,84.0,91.0,86.0,72.0,87.0,56.0
JOSHNEWTON_20000914,Josh Newton,DB,2024,CIN,69.0,89.0,90.0,85.0,89.0,65.0,82.0,61.0
NEHEMIAHPRITCHETT_20010211,Nehemiah Pritchett,DB,2024,SEA,69.0,94.0,92.0,85.0,86.0,64.0,83.0,50.0
TARHEEBSTILL_20020609,Tarheeb Still,DB,2024,LAC,69.0,89.0,93.0,85.0,88.0,64.0,90.0,55.0
TARVARIUSMOORE_19960816,Tarvarius Moore,DB,2024,CHI,69.0,92.0,93.0,85.0,82.0,66.0,89.0,53.0
WILLHARRIS_19951219,Will Harris,DB,2024,NO,69.0,90.0,91.0,84.0,83.0,70.0,87.0,65.0
ADRIANCOLBERT_19931006,Adrian Colbert,DB,2024,CHI,68.0,89.0,91.0,80.0,78.0,68.0,81.0,61.0
CAELENCARSON_20020303,Caelen Carson,DB,2024,DAL,68.0,88.0,93.0,89.0,88.0,63.0,85.0,52.0
CHAUSMITH-WADE_20020917,Chau Smith-Wade,DB,2024,CAR,68.0,88.0,92.0,86.0,84.0,71.0,83.0,56.0
DANIELSCOTT_19981026,Daniel Scott,DB,2024,IND,68.0,91.0,93.0,91.0,86.0,64.0,93.0,67.0
DOMINIQUEHAMPTON_20000725,Dominique Hampton,DB,2024,WAS,68.0,91.0,91.0,89.0,85.0,60.0,92.0,70.0
STARLINGTHOMASV_20000125,Starling Thomas V,DB,2024,ARI,68.0,93.0,90.0,82.0,82.0,62.0,89.0,56.0
DE'ANTREPRINCE_20001012,Deantre Prince,DB,2024,JAX,67.0,93.0,93.0,85.0,80.0,59.0,89.0,53.0
HARRISONHAND_19981112,Harrison Hand,DB,2024,ATL,67.0,88.0,90.0,84.0,83.0,65.0,90.0,60.0
JAYLINSIMPSON_20000317,Jaylin Simpson,DB,2024,IND,67.0,90.0,92.0,83.0,80.0,60.0,93.0,53.0
KITANOLADAPO_20001020,Kitan Oladapo,DB,2024,GB,67.0,86.0,89.0,79.0,78.0,62.0,86.0,68.0
QWAN'TEZSTIGGERS_20010802,Qwan'tez Stiggers,DB,2024,NYJ,67.0,91.0,94.0,83.0,81.0,60.0,86.0,60.0
RYANWATTS_20110701,Ryan Watts,DB,2024,PIT,67.0,88.0,90.0,87.0,87.0,59.0,94.0,58.0
TREHAWKINSIII_20000801,Tre Hawkins III,DB,2024,NYG,67.0,92.0,94.0,91.0,87.0,61.0,89.0,63.0
CORNELLARMSTRONG_19950922,Cornell Armstrong,DB,2024,LV,66.0,89.0,92.0,82.0,81.0,62.0,88.0,62.0
DAEQUANHARDY_20010613,Daequan Hardy,DB,2024,BUF,66.0,93.0,93.0,85.0,89.0,60.0,96.0,53.0
MONTARICBROWN_19990824,Montaric Brown,DB,2024,JAX,65.0,87.0,90.0,78.0,79.0,67.0,82.0,57.0
NAZEEHJOHNSON_19980717,Nazeeh Johnson,DB,2024,KC,65.0,93.0,94.0,84.0,82.0,63.0,95.0,56.0
REJZOHNWRIGHT_20000904,Rejzohn Wright,DB,2024,NO,65.0,89.0,92.0,84.0,81.0,63.0,89.0,53.0
VERONEMCKINLEYIII_20000629,Verone McKinley III,DB,2024,ARI,65.0,83.0,88.0,80.0,83.0,70.0,84.0,57.0
C.J.MOORE_19951215,C.J. Moore,DB,2024,DET,64.0,90.0,92.0,80.0,76.0,60.0,88.0,61.0
ISAIAHBOLDEN_19991216,Isaiah Bolden,DB,2024,NE,64.0,95.0,93.0,80.0,79.0,53.0,90.0,63.0
KAEVONMERRIWEATHER_19991220,Kaevon Merriweather,DB,2024,TB,64.0,85.0,93.0,79.0,83.0,65.0,85.0,63.0
KALONBARNES_19981216,Kalon Barnes,DB,2024,PIT,64.0,96.0,93.0,86.0,82.0,54.0,93.0,50.0
PATRICKMCMORRIS_20011018,Patrick McMorris,DB,2024,MIA,64.0,87.0,91.0,81.0,82.0,64.0,79.0,65.0
BRENDENSCHOOLER_19970530,Brenden Schooler,DB,2024,NE,62.0,92.0,91.0,91.0,87.0,54.0,89.0,64.0
MACMCCAINIII_19980206,Mac McCain III,DB,2024,NO,62.0,90.0,91.0,81.0,87.0,54.0,85.0,52.0
KYRONBROWN_19960526,Kyron Brown,DB,2024,BUF,61.0,86.0,91.0,79.0,76.0,55.0,90.0,58.0
,Devon Key,DB,2024,DEN,60.0,87.0,89.0,79.0,83.0,51.0,90.0,66.0
JOSHDEBERRY_20081001,Josh DeBerry,DB,2024,DAL,59.0,87.0,89.0,78.0,83.0,61.0,78.0,61.0
LUKASDENIS_19970413,Lukas Denis,DB,2024,ATL,59.0,85.0,88.0,87.0,85.0,56.0,81.0,60.0
JALENELLIOTT_19980707,Jalen Elliott,DB,2024,PIT,57.0,83.0,84.0,86.0,81.0,56.0,82.0,61.0
ALLANGEORGE_19990716,Allan George,DB,2024,WAS,66.49890523201717,89.74969131833615,91.4456808592202,84.59304651359793,83.85303456333617,64.45458707412274,86.44230985472336,59.45994419712855
ANDRECHACHERE_19960210,Andre Chachere,DB,2024,JAX,70.8855015986758,88.47293000878466,90.52620150268177,85.37754827516204,83.74322518883366,74.71725736601377,87.49575945863108,59.279870398167816
ANTHONYJOHNSONJR_19990612,Anthony Johnson Jr.,DB,2024,NYG,65.95688261714508,88.71609213386557,90.64965962490396,83.79837936663199,83.0714755435107,62.89271130343093,87.36339643251148,62.21335347895052
ARTGREEN_20000429,Art Green,DB,2024,NYG,65.57889437548093,89.83502644797608,91.42219342505848,83.61146530085273,82.62729663998948,62.13162298942018,86.62466018721688,61.299694849019204
AVERYYOUNG_d_field,Christian Young,DB,2024,GB,65.60994344386663,88.08132033847812,89.76443500485709,80.34070935643268,78.52723331911767,61.354543196493864,85.70060060338812,69.10667886528319
BRADYBREEZE_d_field,Brady Breeze,DB,2024,CLE,68.86723465849829,88.60002575060895,90.54172221629995,83.06903021093325,82.28289628736098,68.10800223074659,90.11647274875071,66.33450717487295
CALEBFARLEY_19981102,Caleb Farley,DB,2024,CAR,73.64700813600496,90.607610271868,92.22742042439751,86.89018024185941,85.062248699419,72.39126873629459,87.97402737937105,62.73123569584021
CHRISWILCOX_19971030,Chris Wilcox,DB,2024,CAR,67.36572561896827,90.07494778901668,91.79605352852133,84.43382994051183,82.98643694843759,66.50253200584632,87.88821153500143,60.42078120220134
CORYTRICEJR_20000530,Cory Trice Jr.,DB,2024,PIT,66.2876476337085,89.7657428536063,91.25449049813056,83.06675374756344,81.23380421633391,63.10006826546862,85.70181996916548,64.59870606081239
D.J.JAMES_20010305,DJ James,DB,2024,NE,66.67022123967377,91.66473645698505,92.36223420592569,86.56564207179565,85.4654792292738,62.95296672573306,86.83084249982718,57.213867390749726
DARRELLBAKER_19980327,Darrell Baker Jr.,DB,2024,TEN,67.9729091254151,90.74963045785108,92.1278585508959,85.42801384386894,84.51515469295782,68.15329984909738,87.60578588785276,58.518005433137944
DARRENHALL_20000502,Darren Hall,DB,2024,IND,71.21160232782628,90.77033004543938,92.36240221076667,86.58251476581455,84.87191309925561,70.53410760326358,89.34761260296855,58.44232687312484
DEEDELANEY_19950220,Dee Delaney,DB,2024,DAL,71.55470716125251,88.1856112984496,90.1548128358221,83.6410366245621,82.17088867684862,75.90474305391137,81.35878579751198,61.95656434848428
DELONTEHOOD_d_field,Delonte Hood,DB,2024,ARI,66.52763195520907,90.60365392025346,92.26156759059768,85.80749875718703,85.07816252599264,64.49291362630413,87.04370118162876,55.53451222722077
ELIAPPLE_19950809,Eli Apple,DB,2024,LAC,79.09919812011589,89.66034273355268,91.31757704864634,86.35502927892736,83.06442906789476,84.48269022030638,86.9177144808626,63.75948334969979
EMMANUELFORBESJR_20010113,Emmanuel Forbes,DB,2024,WAS,74.59240714981422,94.08975255293973,94.3365500365212,90.06056140412903,89.08245292644818,73.77640696122273,88.60488760478671,55.584819539742114
ERICGARROR_20000331,Eric Garror,DB,2024,SEA,68.22585188170734,91.98385553940318,93.10814549742986,88.61636321868986,89.19428105647125,68.23242484742525,87.74412660348037,51.55229331428052
ERICKHALLETTII_20000424,Erick Hallett,DB,2024,DET,67.89632916451109,90.76995746657985,92.16208129655996,86.48831307240476,86.38329833492838,65.47097609807554,87.23422283481972,57.90672444255307
ERICSCOTTJR_19990807,Eric Scott Jr.,DB,2024,KC,67.62724344984224,90.07179851130417,91.6143400033692,84.70173483207634,83.91004128088599,64.28062089248817,86.83339183701588,62.49335953187955
FAIONHICKS_d_field,Faion Hicks,DB,2024,SEA,67.60933296135713,90.51996047172935,92.07767477040437,86.107398073544,85.80199101157797,65.9766436469364,87.70086989306006,57.819407684141936
GAREONCONLEY_19950629,Leon Jones,DB,2024,CHI,60.96582140344282,89.15215244277857,90.89200539446938,83.95651208009076,83.19478103582236,52.608906411128714,85.79667022092852,59.71916185045649
ISAIAHRODGERS_19980107,Isaiah Rodgers,DB,2024,PHI,70.07997607998936,90.58758400063914,92.33751707583679,88.2239527616149,87.99529027974313,71.28834142204857,87.26897702532611,53.92442232229445
JAMALADAMS_19951017,Jamal Adams,DB,2024,DET,79.20457098666375,86.32249669030011,88.72169365836533,84.08796353085359,81.92941997632738,83.983460937009,80.86188090205775,73.21803868608043
JARTAVIUSMARTIN_20000417,Quan Martin,DB,2024,WAS,73.31577893460914,91.99623215280315,92.9046270881276,88.90390606019281,87.48865099048851,72.59764809274327,95.32870339831769,58.53734989632477
JARVISBROWNLEEJR_20010713,Jarvis Brownlee Jr.,DB,2024,TEN,66.10572805491788,90.08481462870247,91.44187936870549,86.20554280290673,85.31030721315523,59.85785952008803,86.45400471177342,59.490565462924735
JAVELINGUIDRY_d_field,Javelin Guidry,DB,2024,DET,68.90035393288215,91.57268440136153,92.30222119192064,85.06135475100439,84.57100117248717,68.1109245632664,86.78713558591267,58.14209529253293
JONATHANSUTHERLAND_19980809,Jonathan Sutherland,DB,2024,NYG,66.04416788451462,89.81995040960129,91.34262607918004,84.44564925598331,84.21730571788072,63.06369115456562,86.80801053676379,60.87733774840291
JOSHBUTLER_19961125,Josh Butler,DB,2024,DAL,65.83360177439184,91.06673061529744,92.5398053347638,86.91174248493371,87.40216736627292,63.65865148388764,87.1257700149961,55.36816250973453
JOSHTHOMPSON_19981020,Josh Thompson,DB,2024,ATL,66.601264479228,90.92762737817912,92.14287454170216,84.8135881507643,84.1690249492396,64.20891433666304,86.64146546255719,57.970943359588716
KA'DARHOLLMAN_19940918,Ka'dar Hollman,DB,2024,HOU,72.14770838095106,89.70013336534782,91.44018004541545,85.63320307077919,83.89854253333147,75.24382829997842,87.73957675748466,61.29011044954012
KAMALHADDEN_20010117,Kamal Hadden,DB,2024,GB,66.41962313018351,90.27152284579012,91.29922581259785,85.28284442695059,83.91415067551196,63.05014259026041,86.62499966272279,60.93732823214492
KEIDRONSMITH_19991101,Keidron Smith,DB,2024,DEN,65.51141781399463,89.39111594364948,90.99970228408256,82.42911923936975,81.04250695963975,61.670549299703566,86.72850370235722,63.935569242666645
KEIONCROSSEN_19960417,Keion Crossen,DB,2024,ARI,70.26869553762108,89.21134471725293,91.30290478481919,85.8287501062731,84.47695302406845,72.80974236358077,87.46865016311278,58.023642971585275
KEITHTAYLORJR_19981120,Keith Taylor,DB,2024,KC,69.66261276899317,89.08357464356169,91.43410126283186,85.4227002678237,82.99599110147409,69.10944036543958,83.32783968274103,60.48741475097921
KEMONHALL_19970602,Kemon Hall,DB,2024,DAL,68.9911063630563,88.86588216952242,90.94331232108738,85.45941492601895,84.52919786726846,70.35269105165924,86.03126893107657,57.9056933261856
KENDALLWILLIAMSON_20000824,Kendall Williamson,DB,2024,LAC,66.39540283311715,90.12364399005543,91.5447586881221,83.96113817240496,83.09542384604111,63.505401030277085,87.68561602468617,61.85119471572858
KENDELLBROOKS_20000303,Kendell Brooks,DB,2024,TEN,65.8563068269246,89.63511329079239,91.19953958550781,83.41934806098834,82.50079299548503,62.31566115041289,86.8134182403401,62.020114402193656
KENNYLOGANJR_20001025,Kenny Logan,DB,2024,LAR,61.13077161495153,88.92503221962176,90.68198260853478,83.87363497127257,83.10267117923775,52.74888553937251,85.30007328918512,59.70081515587816
KEVINBYARD_19930817,Kevin Byard,DB,2024,CHI,77.9235589332626,87.48987142169301,89.66286189810245,85.10266855639281,82.43020766781194,83.57688744579912,86.26938399981029,67.55073890325622
KYLERMCMICHAEL_20000322,Kyler McMichael,DB,2024,PIT,66.8104818174167,88.65528790952362,90.39268724088487,82.80356009179553,81.63533749293782,64.23173485528753,85.87109366948542,63.57474616545602
LUQBARCOO_d_field,Luq Barcoo,DB,2024,DAL,67.8811477310114,89.94321599415963,91.88216451006969,86.30001650358543,85.53575420664544,68.35102387549011,86.43331304092459,55.263419268305086
MARCELLASDIALJR_20001206,Marcellas Dial Jr.,DB,2024,NE,66.64568007757865,90.97636377802672,91.91965550740656,86.57017204285319,84.99028281918231,62.8445642718965,90.66307420669102,57.97253229557458
MARQUISEBLAIR_19970718,Marquise Blair,DB,2024,NYJ,74.49660490635361,89.48417578790611,91.46348242011999,86.65213582815369,84.7460011732689,75.42538694563416,85.40171091289261,62.79133818128827
MICAHABRAHAM_20001211,Micah Abraham,DB,2024,CIN,66.77026550938581,90.83298454269772,91.83098198722882,86.7044932392754,85.78976145588143,63.56078535219274,86.9217117314443,57.86908028713805
MIKEFORD_19950804,Mike Ford,DB,2024,CLE,70.86882785179006,89.12586775913877,91.05950641291776,84.81299797897248,82.90038850615548,75.00338306607011,87.32847215693269,60.16308105976435
MIKEJACKSONSR_d_field,Mike Jackson,DB,2024,CAR,72.5002568542931,89.40676570816595,90.69138917769675,83.74927966792933,81.8908658804009,75.4507309146253,91.00572409401147,64.49569117646712
NATEBROOKS_19960905,Nate Brooks,DB,2024,CIN,68.58331787208877,88.71275944287578,90.80796836097608,84.2510477627319,82.80094790568836,69.53639111398991,86.63294395002634,60.61101647964682
NATEMEADORS_19970213,Nathan Meadors,DB,2024,PIT,68.89696616409987,89.06598979883535,91.13510644246577,85.55919009606481,84.56652422282758,70.21839176459764,86.33295614714518,57.500816165082995
NATRONEBROOKS_19991211,Natrone Brooks,DB,2024,ATL,66.04810792354928,91.4208873166076,92.88547010913788,87.53362878854938,87.90021519665157,63.72480037295634,87.12010439134494,52.65188468999605
RACHADWILDGOOSE_d_field,Rachad Wildgoose,DB,2024,DET,69.15444407986433,89.19145438682091,91.02869750534563,85.64481935178486,86.00198412940273,69.35422550369583,85.75179368576107,57.54356104173729
RODNEYMCLEODJR_19900623,Rodney McLeod Jr.,DB,2024,CLE,75.27695018124885,87.62127871558465,90.33252953009799,86.00485140709907,83.29338594817858,86.0058527871928,87.15753040971819,58.011754105131956
RONNIEHARRISONJR_19970418,Ronnie Harrison,DB,2024,IND,75.63288454252472,88.03982274232493,89.966680745372,82.98906033948566,79.96029696215948,78.78174362187781,84.09806234748714,69.94445241189868
SAMFRANKLINJR_19960202,Sam Franklin Jr.,DB,2024,CAR,69.03214821067357,88.77526794946328,90.52177144515514,82.28544283324425,79.94536886705873,70.44181296273734,87.07409997590824,65.79641414327858
STANTLEYTHOMAS-OLIVERIII_19980604,Stantley Thomas-Oliver,DB,2024,DET,69.18383088523376,89.2804650373269,91.25559493048394,85.50257952171512,84.34520743956654,69.48283026071601,83.44946261913182,59.075439992745885
THOMASGRAHAMJR_19990626,Thomas Graham Jr.,DB,2024,PIT,69.10065342592662,89.46903794569852,91.06571682379251,84.61766042740805,84.61875348667974,69.22225694115843,84.80595917821671,60.28628953225535
TONYJEFFERSON_19920127,Tony Jefferson,DB,2024,LAC,72.97093009938112,82.10460664147439,86.68683652288274,82.68032905628195,79.52069726552969,80.97885570861115,86.00335348094714,68.24686235066491
TRACYWALKER_19950201,Tracy Walker III,DB,2024,SF,75.80903762378412,88.89541500040082,90.74338913453806,85.30039454950003,82.7478574523982,79.5693792898004,87.33755575770869,65.96758473355936
TRAYVONMULLENJR_19970920,Trayvon Mullen,DB,2024,BAL,74.6523869807155,89.49802290888135,91.41623181289793,86.48972312251891,84.66678243657913,75.30935566932146,84.11356687914969,62.496060562531
TRE'DAVIOUSWHITE_19950116,Tre'Davious White,DB,2024,BAL,79.27888369656856,89.24730861581719,91.25761315782069,87.24670123717902,84.90823766223212,84.93916304786137,82.56924503442283,63.41995457535103
TRE'VIUSHODGES-TOMLINSON_20011001,Tre Tomlinson,DB,2024,LAR,66.5587851472304,91.1166992370159,92.5608887874813,87.93019191624819,88.75558529459556,64.4848195678843,86.63625900223755,52.424808969610524
TREFLOWERS_19950602,Tre Flowers,DB,2024,IND,73.76057104628475,89.14525768241913,90.9197385406311,84.13740658950934,81.7381173767792,77.1526159683923,85.05115952941594,65.79176776653793
TREHERNDON_19960305,Tre Herndon,DB,2024,NO,71.46260664856447,88.76128041842748,90.69926887739695,85.56302080976963,84.21915544543259,76.00901197005544,86.10734586949138,58.86726237232273
TREYDEANIII_20000228,Trey Dean III,DB,2024,CLE,65.93566172039388,86.34004551256731,89.42092089051596,83.24267749452144,82.39011052098658,63.44060289415745,88.26559637093428,68.41285731387501
TYLERCOYLE_19981115,Tyler Coyle,DB,2024,CLE,67.05361850561525,88.39534836699715,90.28607247135426,81.7884193006089,79.78858137118124,65.04076755266499,86.5459657845995,65.39256875412462
TYREEGILLESPIE_d_field,Tyree Gillespie,DB,2024,KC,70.75991818859603,90.7540268504348,91.66074161305266,84.12688818922976,83.35698716432142,69.71636924008442,87.43450248865682,64.24395747060413
ZECHMCPHEARSON_19980321,Zech McPhearson,DB,2024,JAX,70.78381023563475,91.00198748175137,92.42617307921864,89.12811752535112,89.1373496893089,70.34285944987107,91.2501641752975,55.599014871017914
,Douglas Coleman III,DB,2024,CHI,67.85824680994455,88.76826790683748,90.76223198131362,83.71207657960525,82.18745109480147,67.55832779740774,86.27254467738089,61.26092070644921
,Zyon Gilbert,DB,2024,PIT,66.65864503914767,89.89053802190051,91.56370584259156,85.08421134758674,84.56483240792102,64.75395178734891,86.52392029676713,58.488216498332406
,Quandre Mosely,DB,2024,CAR,66.29854725416928,89.86559357012817,91.55833913611713,84.1436370842847,83.08193890982454,63.97621887441221,87.02506878250088,60.14256509517969
,Matt Hankins,DB,2024,LAC,66.25626170585713,90.71412596185547,92.36777377677288,85.80802493917986,85.18028265250308,64.38711087058675,87.3057574975391,56.18118790686873
,Arnold Tarpley,DB,2024,ATL,69.19467996115117,87.92413119730594,90.20162948297127,83.21622309185346,81.13960470075142,70.85646233367345,86.18476836456193,62.63449683068717
,Ayo Oyelola,DB,2024,PIT,67.68842551113613,88.08834621557116,89.95747086875326,82.61069439669882,81.31097608261035,66.14000767453024,85.71428050602782,64.39887046433188
,Marcel Dabo,DB,2024,IND,66.6730202168421,88.98011104817789,90.70385015300661,83.01890873916909,81.77937089740709,64.05590112967832,86.31785540941391,62.820992957488386
,Tanner Ingle,DB,2024,LAR,66.84808042531006,89.85642149334336,91.34170525019198,85.88081174810202,86.32722210738945,64.26978274857413,86.08726300411135,57.61858605167123
,Gemon Green,DB,2024,GB,66.046466841008,89.89502230033133,91.44558726201166,84.64318099446808,84.25891587720633,63.00416992917792,86.32065895146997,59.51406868628163
,Reese Taylor,DB,2024,DEN,66.31136358279392,90.80126217710671,92.25453351222319,86.56797939436547,86.91072998630858,63.78130592998525,87.25977578581904,55.66477992309143
,William Hooper,DB,2024,ATL,65.8994098430469,90.84053673749105,92.3483092417136,86.14260934639805,86.04252902292785,63.182778850593536,86.92349526248282,55.74373830998144
,Kaleb Hayes,DB,2024,DEN,65.76112326900858,90.42363882700818,91.94404676529416,84.94336522368752,84.51252284360373,62.71602531969404,87.22224849329771,58.802836559309924
,Anthony Johnson,DB,2024,ATL,65.54911567243971,89.6198287237467,91.20906004599613,83.22019976989964,82.24054278092046,62.08820797897545,86.65841854267762,62.67154489537978
,Jaydon Grant,DB,2024,LV,65.82423052612319,90.61465554711964,92.1171918618902,85.74234490785801,85.74524901155996,63.18006642322405,87.07385698751384,57.566812769141904
,Azizi Hearn,DB,2024,CAR,65.59972048917226,89.86213627788464,91.42499223052869,83.54839620471591,82.63749149654234,62.1508125852032,87.0647925374877,61.880689900736286
,Cameron McCutcheon,DB,2024,LAR,65.91712709269763,89.40883969481308,90.99769345268942,83.5129140177425,82.75352372001066,62.56908625899439,86.098357529118,62.030346548870455
,LJ Davis,DB,2024,GB,65.61201204971294,89.82874961060912,91.40756468122083,83.88495784658636,83.15567183890113,62.390742453076996,86.52242135482874,61.23517078936101
,Nehemiah Shelton,DB,2024,LAC,65.39393992297977,91.07655339772026,92.60784077060293,85.6186240109102,85.02841635606063,62.394720457824974,87.37972564688673,56.27768924155379
,Michael Tutsie,DB,2024,IND,65.91294944085956,90.80041901127885,92.27880504844671,86.08239007313557,86.19423324719509,63.31224466583819,87.36277146316729,56.817958610176504
,Andrew Whitaker,DB,2024,SEA,65.39268258341377,91.98267097873293,93.4489113441785,87.35526413109818,87.33038787089106,62.89922367187921,88.04985537079489,52.6184324508917
,Al Blades Jr.,DB,2024,NYJ,60.915002606104,89.22754456275032,90.96443072510436,83.94071377280926,83.12540034247132,52.516141562612916,85.95328291313734,59.66316073621903
,Myles Jones,DB,2024,NYJ,60.851689989272245,89.30388054596386,91.02960284976933,84.05518749619074,83.35627158575801,52.56169213139867,86.1366544604632,59.793509659272615
,Carlton Johnson,DB,2024,SEA,60.76254621408793,89.4537209226653,91.1817067170092,83.8933188509643,82.9172582624185,52.23784701706688,86.42312098976362,59.49515739350642
,D.J. Miller,DB,2024,KC,60.99123080211223,89.11445638279275,90.85579272915209,83.96441123373165,83.22947138249788,52.65528883538616,85.7183638748242,59.74716240757533
,Chelen Garnes,DB,2024,DET,61.07995281761305,89.00042433959345,90.75440793916977,83.8578366639909,83.03329048588677,52.65612069085785,85.45668598139392,59.64481404164047
,Keni-H Lovely,DB,2024,BUF,60.73713681541841,89.49141698265106,91.21791938232656,83.88541969732353,82.88256791574298,52.191464592808984,86.50142733586799,59.46715683638746
,Willie Drew,DB,2024,CAR,60.81336501142647,89.37832880269372,91.10928138637428,83.9091171582458,82.98663895576948,52.33061186558177,86.2665082975548,59.55115850774388
,Clayton Isbell,DB,2024,NYG,60.94041200477335,89.18984850276433,90.9282180597869,83.94861292644998,83.1600906891469,52.56252398687059,85.87497656703286,59.691161293337984
,Demarcus Governor,DB,2024,LV,61.041838719608904,89.0569684295723,90.80872693714599,83.84598793352961,82.9812549658734,52.58654705447145,85.57414550055046,59.60281320596238
,Ja'Quan Sheppard,DB,2024,LV,60.978526102777664,89.13330441278578,90.87389906181073,83.96046165691115,83.2121262091602,52.63209762325721,85.75751704787643,59.733162129015966
,Rayshad Williams,DB,2024,LV,60.978526102777664,89.13330441278578,90.87389906181073,83.96046165691115,83.2121262091602,52.63209762325721,85.75751704787643,59.733162129015966
,Josh Proctor,DB,2024,JAX,60.800871191933425,89.37927266593556,91.10202818040415,84.03938918890913,83.28689089240703,52.468927282883556,86.29326715267197,59.737508545034814
,Chris McDonald,DB,2024,TB,61.11827779545911,88.92597608286377,90.67472940256476,84.00390700193577,83.40292311587541,52.887200956674974,85.32683214430227,59.88716519316921
,Lawrence Johnson,DB,2024,NO,61.04226047929251,89.02116009607022,90.75800785988827,84.11443114849692,83.61644918582425,52.9095603133311,85.54935686468039,60.00351383766332
,Keaton Ellis,DB,2024,TEN,60.86397292892343,89.32084084947292,91.06221559436801,83.79069385804388,82.73842253914512,52.261870084667066,86.1222899232811,59.406809306130924
,Robert Javier,DB,2024,TEN,60.80066031209168,89.39717683268645,91.12738771903298,83.90516758142553,82.9692937824318,52.30742065345305,86.30566147060705,59.53715822918451
,Akeem Dent,DB,2024,LAC,60.83877441009582,89.34063274270778,91.0730687210567,83.91701631188675,83.021329302445,52.37699428983967,86.18820195145042,59.57915906486261
,Robert Kennedy,DB,2024,LAC,60.83877441009582,89.34063274270778,91.0730687210567,83.91701631188675,83.021329302445,52.37699428983967,86.18820195145042,59.57915906486261
,Jalyn Phillips,DB,2024,LAC,60.90208702692763,89.2642967594943,91.0078965963919,83.80254258850505,82.79045805915837,52.33144372105414,86.00483040412445,59.44881014180925
,Zamari Walton,DB,2024,LAC,60.775461793264355,89.41696872592121,91.13824084572155,84.03149003526829,83.25220054573157,52.422544858625656,86.37157349877626,59.70950798791608
,Kaleb Ford-Dement,DB,2024,NO,61.04226047929245,89.0211600960701,90.75800785988832,84.11443114849698,83.6164491858242,52.9095603133311,85.54935686468039,60.003513837663434
,Mikey Victor,DB,2024,NE,60.889593207434814,89.26524062273609,91.00064339042177,83.93281461916843,83.09070999579603,52.46975913835524,86.03158925924168,59.635160179100296
,Jayden Price,DB,2024,ATL,60.8897852978759,90.0527501193435,91.75113917098622,85.60706010073204,85.24120779049377,52.95470180315658,86.19220249833145,55.72595793432566
,Trey Vaval,DB,2024,ATL,60.953116704108254,89.17100047277165,90.91011172712808,83.95256250327049,83.17743586248469,52.58571519899954,85.8358233939808,59.70516157189735
,Paul Moala,DB,2024,CHI,60.96582140344282,89.15215244277857,90.89200539446938,83.95651208009076,83.19478103582236,52.608906411128714,85.79667022092852,59.71916185045649
,Andrew Hayes,DB,2024,TB,61.18159041229035,88.84964009965012,90.60955727789991,83.88943327855418,83.17205187258867,52.84165038788831,85.14346059697635,59.756816270115735
,Shon Stephens,DB,2024,PHI,60.991441681953916,89.09655221604174,90.8304331905232,84.0986328412153,83.54706849247322,52.816795464816664,85.70596955688913,59.94751272342586
,Clay Fields III,DB,2024,IND,60.87688850810008,89.284088652729,91.01874972308053,83.92886504234804,83.07336482245825,52.44656792622652,86.07074243229386,59.62115990054093
,Willie Roberts,DB,2024,SEA,60.82585883091929,89.3773849394517,91.11653459234424,83.77884512758271,82.68638701913193,52.1922964482809,86.23974944243764,59.36480847045283
TALANOAHUFANGA_20000201,Talanoa Hufanga,DB,2024,SF,88.0,90.0,89.0,86.0,80.0,88.0,85.0,58.0
KYLERGORDON_19991217,Kyler Gordon,DB,2024,CHI,79.0,88.0,92.0,93.0,92.0,81.0,93.0,66.0
MICHAELCARTERII_19990308,Michael Carter II,DB,2024,NYJ,79.0,93.0,93.0,87.0,83.0,79.0,85.0,55.0
BRANDONJONES_19980402,Brandon Jones,DB,2024,DEN,78.0,90.0,92.0,88.0,85.0,79.0,88.0,58.0
JEREMYCHINN_19980226,Jeremy Chinn,DB,2024,WAS,78.0,92.0,92.0,87.0,86.0,80.0,92.0,70.0
JORDANBATTLE_20001214,Jordan Battle,DB,2024,CIN,78.0,88.0,92.0,77.0,79.0,79.0,75.0,63.0
DARNELLSAVAGE_19970730,Darnell Savage,DB,2024,JAX,77.0,92.0,91.0,85.0,84.0,83.0,93.0,59.0
JOURDANLEWIS_19950831,Jourdan Lewis,DB,2024,DAL,76.0,90.0,89.0,86.0,84.0,79.0,85.0,67.0
RONALDDARBY_19940102,Ronald Darby,DB,2024,JAX,76.0,90.0,91.0,86.0,86.0,76.0,89.0,70.0
ANTONIOHAMILTON_19930124,Antonio Hamilton,DB,2024,ATL,75.0,91.0,90.0,82.0,82.0,78.0,88.0,59.0
IFEATUMELIFONWU_19990502,Ifeatu Melifonwu,DB,2024,DET,75.0,89.0,91.0,83.0,83.0,77.0,95.0,64.0
JEFFOKUDAH_19990202,Jeff Okudah,DB,2024,HOU,75.0,91.0,90.0,89.0,86.0,74.0,91.0,66.0
MIKEEDWARDS_19960518,Mike Edwards,DB,2024,BUF,75.0,89.0,91.0,85.0,82.0,79.0,88.0,63.0
ARTHURMAULET_19930713,Arthur Maulet,DB,2024,BAL,74.0,89.0,88.0,82.0,81.0,79.0,86.0,59.0
ASHTYNDAVIS_19961010,Ashtyn Davis,DB,2024,NYJ,74.0,93.0,93.0,89.0,84.0,76.0,88.0,60.0
CHAMARRICONNER_20000711,Chamarri Conner,DB,2024,KC,74.0,89.0,92.0,86.0,81.0,72.0,94.0,66.0
JULIUSBRENTS_20000118,Julius Brents,DB,2024,IND,74.0,88.0,95.0,94.0,89.0,70.0,96.0,52.0
TREBROWN_19970924,Tre Brown,DB,2024,SEA,74.0,92.0,91.0,84.0,85.0,75.0,90.0,55.0
CHRISTIANIZIEN_20000608,Christian Izien,DB,2024,TB,73.0,92.0,90.0,85.0,83.0,72.0,95.0,52.0
CORDALEFLOTT_20010824,Cordale Flott,DB,2024,NYG,73.0,89.0,92.0,86.0,92.0,75.0,82.0,50.0
DEEALFORD_19971105,Dee Alford,DB,2024,ATL,73.0,89.0,91.0,86.0,85.0,75.0,85.0,49.0
ISAIAHOLIVER_19960930,Isaiah Oliver,DB,2024,NYJ,73.0,90.0,89.0,84.0,87.0,74.0,93.0,59.0
K'VONWALLACE_19970725,K'Von Wallace,DB,2024,SEA,73.0,87.0,91.0,89.0,87.0,74.0,90.0,64.0
AMBRYTHOMAS_19990909,Ambry Thomas,DB,2024,SF,72.0,92.0,91.0,82.0,82.0,72.0,90.0,61.0
CALENBULLOCK_20030430,Calen Bullock,DB,2024,HOU,72.0,90.0,92.0,87.0,88.0,69.0,80.0,54.0
COBIEDURANT_19980209,Cobie Durant,DB,2024,LAR,72.0,93.0,94.0,86.0,84.0,73.0,85.0,50.0
TYKEESMITH_20010218,Tykee Smith,DB,2024,TB,72.0,90.0,92.0,83.0,80.0,71.0,86.0,57.0
CARRINGTONVALENTINE_20010909,Carrington Valentine,DB,2024,GB,71.0,91.0,94.0,88.0,89.0,69.0,92.0,49.0
ELIJAHJONES_20000108,Elijah Jones,DB,2024,ARI,71.0,91.0,93.0,82.0,86.0,61.0,96.0,48.0
P.J.LOCKE_19970212,P.J. Locke,DB,2024,DEN,71.0,89.0,87.0,81.0,82.0,75.0,86.0,66.0
ANDRUPHILLIPS_20011130,Andru Phillips,DB,2024,NYG,70.0,90.0,90.0,89.0,88.0,67.0,95.0,62.0
DADRIONTAYLOR-DEMERSON_20010120,Dadrion Taylor-Demerson,DB,2024,ARI,70.0,92.0,93.0,85.0,86.0,65.0,90.0,57.0
JADENHICKS_20020816,Jaden Hicks,DB,2024,KC,70.0,89.0,91.0,87.0,84.0,65.0,89.0,67.0
JARRIANJONES_20010508,Jarrian Jones,DB,2024,JAX,70.0,93.0,93.0,88.0,84.0,64.0,93.0,43.0
JORDANHOWDEN_20000514,Jordan Howden,DB,2024,NO,70.0,89.0,93.0,88.0,84.0,68.0,93.0,58.0
KAMRENKINCHENS_20020929,Kamren Kinchens,DB,2024,LAR,70.0,86.0,88.0,84.0,80.0,70.0,84.0,59.0
PERCYBUTLER_20000529,Percy Butler,DB,2024,WAS,70.0,92.0,95.0,83.0,84.0,71.0,84.0,57.0
DECAMERIONRICHARDSON_20010316,Decamerion Richardson,DB,2024,LV,69.0,94.0,92.0,85.0,86.0,57.0,84.0,52.0
EVANWILLIAMS_20010728,Evan Williams,DB,2024,GB,69.0,86.0,90.0,81.0,85.0,64.0,94.0,62.0
MALIKMUSTAPHA_20020625,Malik Mustapha,DB,2024,SF,69.0,88.0,91.0,84.0,82.0,63.0,95.0,66.0
T.J.TAMPA_20020313,T.J. Tampa,DB,2024,BAL,69.0,88.0,88.0,86.0,87.0,68.0,91.0,60.0
D'ANTHONYBELL_19961017,D'Anthony Bell,DB,2024,CLE,68.0,89.0,89.0,83.0,81.0,65.0,86.0,66.0
JA'SIRTAYLOR_19990108,Ja'Sir Taylor,DB,2024,LAC,68.0,92.0,93.0,89.0,86.0,68.0,88.0,53.0
ELIJAHHICKS_19991016,Elijah Hicks,DB,2024,CHI,65.0,88.0,90.0,77.0,75.0,67.0,84.0,58.0
JOHNJOHNSONIII_19951219,John Johnson,DB,2024,LAR,78.79911259284194,85.92406120162164,88.45596323017821,86.37069925115053,83.77260398880702,85.43070597142355,87.13371006622808,63.77846707642101
KAREEMJACKSON_19880410,Kareem Jackson,DB,2024,BUF,87.04021622275724,88.60589819626276,88.73804290590084,88.54737426938297,87.5340159178468,102.66784336792352,88.33882605673027,57.48623853829645
MARCUSMAYE_19930309,Marcus Maye,DB,2024,LAC,79.31547388077007,88.25352365061784,89.4758655650304,85.58874907574248,83.61819958003514,85.75787402943843,88.07115809073898,65.6960602566511
RONNIEHICKMAN_20011011,Ronnie Hickman Jr.,DB,2024,CLE,68.3300222999963,89.41679592533578,90.46511980072296,83.30601148999004,81.1412780747331,67.0526569446381,84.72669059472216,64.51946567240998
RUDYFORD_19941101,Rudy Ford,DB,2024,CAR,75.77089213309102,87.44699324383956,88.82807330806213,83.52891601694037,80.81918385147682,81.8373229328522,86.30850228100238,69.65216138825866
RUSSYEAST_19990508,Russ Yeast,DB,2024,HOU,70.73157469399445,89.91141143246509,91.1037327999091,85.77361081809224,84.10818785915419,71.76404401858986,85.56946882322336,59.85199506085394
SHAUNWADE_19980916,Shaun Wade,DB,2024,LAC,72.63673060398816,90.22589626236217,91.3373778783548,85.71153008807525,84.75772762837423,74.29879571263814,86.65144431018696,60.45032574655704
MARLONHUMPHREY_19960708,Marlon Humphrey,DB,2024,BAL,91.0,91.0,93.0,86.0,89.0,90.0,85.0,74.0
MARSHONLATTIMORE_19960520,Marshon Lattimore,DB,2024,NO,90.0,91.0,93.0,90.0,90.0,89.0,91.0,72.0
,Marcus Williams,DB,2024,BAL,86.0,88.0,90.0,86.0,84.0,89.0,97.0,70.0
BRIANBRANCH_20011022,Brian Branch,DB,2024,DET,85.0,88.0,92.0,85.0,83.0,82.0,89.0,60.0
CHIDOBEAWUZIE_19950524,Chidobe Awuzie,DB,2024,TEN,85.0,91.0,93.0,87.0,86.0,86.0,91.0,69.0
RASULDOUGLAS_19950829,Rasul Douglas,DB,2024,BUF,85.0,90.0,91.0,83.0,82.0,88.0,83.0,73.0
JIMMIEWARD_19910718,Jimmie Ward,DB,2024,HOU,84.0,90.0,89.0,85.0,81.0,87.0,90.0,54.0
MALIKHOOKER_19960402,Malik Hooker,DB,2024,DAL,84.0,88.0,90.0,86.0,84.0,85.0,89.0,76.0
TYSONCAMPBELL_20000317,Tyson Campbell,DB,2024,JAX,82.0,92.0,93.0,87.0,87.0,81.0,85.0,58.0
DONOVANWILSON_19950221,Donovan Wilson,DB,2024,DAL,81.0,88.0,89.0,83.0,80.0,84.0,86.0,64.0
NATEHOBBS_19990624,Nate Hobbs,DB,2024,LV,81.0,90.0,91.0,88.0,86.0,84.0,93.0,65.0
ROGERMCCREARY_20000210,Roger McCreary,DB,2024,TEN,80.0,89.0,91.0,87.0,87.0,80.0,77.0,65.0
VONNBELL_19941212,Vonn Bell,DB,2024,CIN,79.0,88.0,87.0,82.0,79.0,86.0,82.0,74.0
JUANTHORNHILL_19951019,Juan Thornhill,DB,2024,CLE,78.0,90.0,89.0,84.0,83.0,83.0,93.0,66.0
BENJAMINST-JUSTE_19970908,Benjamin St-Juste,DB,2024,WAS,77.0,91.0,91.0,92.0,91.0,76.0,83.0,60.0
REEDBLANKENSHIP_19990302,Reed Blankenship,DB,2024,PHI,77.0,87.0,93.0,81.0,83.0,81.0,81.0,61.0
DAMONTAEKAZEE_19930605,Damontae Kazee,DB,2024,PIT,76.0,88.0,87.0,87.0,86.0,80.0,82.0,68.0
ISAACYIADOM_19960220,Isaac Yiadom,DB,2024,SF,76.0,89.0,91.0,85.0,86.0,76.0,83.0,54.0
LEVIWALLACE_19950612,Levi Wallace,DB,2024,DEN,76.0,89.0,93.0,84.0,86.0,81.0,80.0,56.0
QUINYONMITCHELL_20010718,Quinyon Mitchell,DB,2024,PHI,76.0,94.0,94.0,90.0,89.0,66.0,90.0,66.0
TERRIONARNOLD_20020322,Terrion Arnold,DB,2024,DET,76.0,90.0,94.0,93.0,90.0,68.0,88.0,58.0
TYLERNUBIN_20001101,Tyler Nubin,DB,2024,NYG,76.0,87.0,85.0,82.0,83.0,72.0,77.0,62.0
COOPERDEJEAN_20020903,Cooper DeJean,DB,2024,PHI,75.0,92.0,90.0,90.0,86.0,70.0,91.0,65.0
DJTURNERII_20001109,DJ Turner II,DB,2024,CIN,75.0,96.0,97.0,92.0,93.0,69.0,91.0,43.0
JAVONBULLARD_20020905,Javon Bullard,DB,2024,GB,75.0,89.0,91.0,85.0,89.0,71.0,80.0,70.0
JONATHANOWENS_19950722,Jonathan Owens,DB,2024,CHI,75.0,91.0,92.0,84.0,85.0,76.0,93.0,66.0
NATEWIGGINS_20030828,Nate Wiggins,DB,2024,BAL,75.0,96.0,95.0,92.0,90.0,66.0,86.0,49.0
COLEBISHOP_20021024,Cole Bishop,DB,2024,BUF,74.0,91.0,93.0,84.0,81.0,71.0,92.0,64.0
KOOL-AIDMCKINSTRY_20020930,Kool-Aid McKinstry,DB,2024,NO,74.0,90.0,92.0,91.0,87.0,71.0,83.0,53.0
DERIONKENDRICK_20000824,Derion Kendrick,DB,2024,LAR,73.0,85.0,90.0,87.0,85.0,77.0,81.0,59.0
KRISTIANFULTON_19980903,Kristian Fulton,DB,2024,LAC,73.0,90.0,90.0,87.0,87.0,77.0,85.0,59.0
MIKESAINRISTIL_20001003,Mike Sainristil,DB,2024,WAS,73.0,90.0,94.0,94.0,94.0,65.0,93.0,51.0
MAXMELTON_20020415,Max Melton,DB,2024,ARI,72.0,93.0,94.0,85.0,85.0,66.0,94.0,60.0
MYLESBRYANT_19980102,Myles Bryant,DB,2024,HOU,72.0,89.0,88.0,89.0,92.0,76.0,77.0,52.0
RENARDOGREEN_20001109,Renardo Green,DB,2024,SF,72.0,89.0,91.0,88.0,85.0,67.0,89.0,59.0
KAMARILASSITER_20030123,Kamari Lassiter,DB,2024,HOU,71.0,87.0,89.0,94.0,88.0,71.0,87.0,52.0
NICKSCOTT_19950517,Nick Scott,DB,2024,CAR,71.0,90.0,93.0,83.0,82.0,75.0,92.0,64.0
ZYONMCCOLLUM_19990503,Zyon McCollum,DB,2024,TB,69.0,93.0,95.0,97.0,93.0,64.0,93.0,60.0
,Jaylon Jones,DB,2024,IND,69.0,89.0,93.0,87.0,81.0,67.0,90.0,62.0
EDDIEJACKSON_19931210,Eddie Jackson,DB,2024,BAL,78.97087888222836,88.95689411498142,90.09542631967827,86.3403498143827,84.48217895522069,84.95001307590246,87.10212347138885,61.77284725792326
ELIJAHMOLDEN_19990130,Elijah Molden,DB,2024,LAC,76.28808930805752,88.00937140550684,90.65997287562311,87.67594607301137,86.37040239604403,77.95975514028123,86.99398715582902,60.159270835548924
ENNISRAKESTRAWJR_20020605,Ennis Rakestraw Jr.,DB,2024,DET,71.7106559357992,90.04807680325729,90.85369198109754,87.53676671306962,87.14746416926602,65.96958868032516,86.26546703057481,61.8542998425469
FABIANMOREAU_19940409,Fabian Moreau,DB,2024,MIN,79.84546903790198,91.7404399944013,91.99479975290802,87.1651342510186,85.64978349493558,85.05700636047277,90.13454888754893,65.11654328615349
JALENMILLS_19940406,Jalen Mills,DB,2024,NYJ,76.61632713982476,86.01260485699959,88.19920293246128,84.61264854342335,83.3191528953013,83.53712735216413,85.44895089911826,64.63287246601836
JAMESBRADBERRYIV_19930804,James Bradberry,DB,2024,PHI,80.88209112734859,87.73656875633753,89.03583088126669,84.47804144763083,81.78418118880043,87.17984515805506,87.01799324078848,70.3392837783558
JOEYPORTER_20000726,Joey Porter Jr.,DB,2024,PIT,76.01956732361037,91.3297847261577,91.755436021413,87.5448450249996,86.70283308848408,77.10562362847213,87.12363046428943,62.86308738546675
KAMRENCURL_19990331,Kam Curl,DB,2024,LAR,74.10640753838766,87.14387760737003,88.72608424931252,82.85918477978592,81.37121604680758,76.0139998256293,84.17276038205368,70.25099472451978
QUANDREDIGGS_19911107,Quandre Diggs,DB,2024,TEN,78.2445686748718,87.05087342306075,88.75491111416846,83.97096154402294,83.40464887305896,86.08245782963786,84.65711827381416,64.91944566896365
STEPHONGILMORE_19900919,Stephon Gilmore,DB,2024,MIN,83.65042804835991,90.2202672282965,90.48787806261385,89.2377850824835,88.36275588305631,92.34428115893093,85.91154821780759,62.733797657965454
TARIQWOOLEN_19990502,Riq Woolen,DB,2024,SEA,72.08780242514973,93.33179019005513,90.88599370064117,84.61944153361674,82.14117228422637,72.24485907720737,92.0140938839358,65.9594638983608
BUDDABAKER_19960110,Budda Baker,DB,2024,ARI,90.0,91.0,92.0,91.0,90.0,91.0,86.0,72.0
JEVONHOLLAND_20000303,Jevon Holland,DB,2024,MIA,88.0,91.0,93.0,84.0,86.0,87.0,87.0,65.0
HARRISONSMITH_19890202,Harrison Smith,DB,2024,MIN,87.0,87.0,88.0,88.0,82.0,90.0,85.0,73.0
KENDALLFULLER_19950213,Kendall Fuller,DB,2024,MIA,87.0,89.0,90.0,87.0,88.0,92.0,87.0,67.0
JAMELDEAN_19950101,Jamel Dean,DB,2024,TB,86.0,91.0,91.0,86.0,86.0,87.0,90.0,66.0
JORDANPOYER_19910425,Jordan Poyer,DB,2024,MIA,86.0,87.0,89.0,86.0,83.0,92.0,79.0,66.0
JONATHANJONES_19930920,Jonathan Jones,DB,2024,NE,85.0,92.0,94.0,85.0,87.0,87.0,87.0,63.0
JAQUANBRISKER_19990420,Jaquan Brisker,DB,2024,CHI,83.0,89.0,91.0,86.0,84.0,83.0,91.0,68.0
DEOMMODORELENOIR_19991006,Deommodore Lenoir,DB,2024,SF,82.0,91.0,94.0,83.0,81.0,82.0,83.0,59.0
JALENTHOMPSON_19980718,Jalen Thompson,DB,2024,ARI,82.0,90.0,93.0,84.0,85.0,83.0,81.0,60.0
XAVIERWOODS_19950726,Xavier Woods,DB,2024,CAR,82.0,89.0,90.0,88.0,84.0,82.0,82.0,71.0
ALOHIGILMAN_19970917,Alohi Gilman,DB,2024,LAC,81.0,88.0,84.0,89.0,86.0,83.0,78.0,63.0
MIKEHILTON_19940309,Mike Hilton,DB,2024,CIN,80.0,88.0,89.0,86.0,86.0,86.0,81.0,65.0
AMANIHOOKER_19980614,Amani Hooker,DB,2024,TEN,79.0,88.0,90.0,88.0,83.0,80.0,88.0,62.0
CAMTAYLOR-BRITT_19991015,Cam Taylor-Britt,DB,2024,CIN,79.0,93.0,93.0,86.0,85.0,79.0,81.0,64.0
DONTEJACKSON_19951108,Donte Jackson,DB,2024,PIT,79.0,94.0,94.0,93.0,91.0,79.0,97.0,49.0
CHRISTIANBENFORD_20000921,Christian Benford,DB,2024,BUF,78.0,88.0,92.0,80.0,80.0,78.0,84.0,63.0
DESHONELLIOTT_19970421,DeShon Elliott,DB,2024,PIT,78.0,88.0,89.0,79.0,79.0,84.0,86.0,57.0
CAMERONSUTTON_19950227,Cameron Sutton,DB,2024,PIT,77.0,89.0,89.0,88.0,84.0,85.0,82.0,69.0
DEONTEBANKS_20010303,Deonte Banks,DB,2024,NYG,77.0,94.0,97.0,90.0,91.0,72.0,96.0,60.0
KERBYJOSEPH_20001114,Kerby Joseph,DB,2024,DET,77.0,88.0,90.0,86.0,84.0,79.0,91.0,62.0
KADERKOHOU_19981128,Kader Kohou,DB,2024,MIA,76.0,93.0,93.0,80.0,83.0,77.0,91.0,63.0
BRYANCOOK_19990907,Bryan Cook,DB,2024,KC,75.0,90.0,92.0,79.0,82.0,77.0,83.0,67.0
JASONPINNOCK_19990630,Jason Pinnock,DB,2024,NYG,74.0,89.0,93.0,87.0,86.0,74.0,93.0,61.0
MICHAELDAVIS_19950106,Michael Davis,DB,2024,WAS,74.0,92.0,89.0,82.0,81.0,80.0,81.0,63.0
AKAYLEBEVANS_19990602,Akayleb Evans,DB,2024,MIN,73.0,90.0,93.0,81.0,86.0,75.0,86.0,65.0
AMIKROBERTSON_19980706,Amik Robertson,DB,2024,DET,73.0,89.0,91.0,91.0,90.0,79.0,86.0,56.0
TONYADAMS_19990124,Tony Adams,DB,2024,NYJ,73.0,90.0,94.0,84.0,86.0,74.0,95.0,60.0
ADOREE'JACKSON_19950918,Adoree' Jackson,DB,2024,NYG,82.8587891881512,91.635841643574,92.2795995172309,88.99921398903396,88.10948461848729,88.76226389332669,87.16968233370517,61.34769029746307
BYRONMURPHYJR_19980118,Byron Murphy,DB,2024,MIN,81.26290427300916,89.29012391183926,91.14893246061257,87.91608152598232,86.49776821560913,85.42941503523048,86.53102640815932,61.446433408025094
CARLTONDAVISIII_19961231,Carlton Davis,DB,2024,DET,82.26634781746611,88.78555096967267,90.50983520904288,85.86852196369736,83.89975993593642,86.55050588799395,85.05595666016825,69.15428637815565
D.J.REEDJR_19961111,D.J. Reed,DB,2024,NYJ,80.38358986994359,89.97418569513889,92.05740941677635,88.49649771597896,87.13278821905458,85.16381355177259,86.43909289200539,57.27455570429571
DEREKSTINGLEYJR_20010620,Derek Stingley Jr.,DB,2024,HOU,79.69558067905382,91.38384674322884,92.25443645046573,88.09465701308767,87.29572458957288,80.43692759707073,87.79332842976943,64.02954297129725
MICAHHYDE_19901231,Micah Hyde,DB,2024,BUF,84.53107331133629,86.95920710049143,89.53008129398171,86.19639421883338,82.76468806430505,95.20281968717632,82.88468885418214,63.75406288040804
RODNEYTHOMASII_19990626,Rodney Thomas,DB,2024,IND,75.13038801809148,90.03753170702072,90.9083145604277,85.49568254860469,84.0561738683361,79.62093261389191,86.87896411350293,61.939039289682924
RYANNEAL_19951224,Ryan Neal,DB,2024,TB,77.04788901005821,89.39300670517741,89.85752345229685,84.24526042596767,82.1116473828706,83.62944107427575,86.16933742948505,64.2077385569409
TASHAUNGIPSON_19900807,Tashaun Gipson,DB,2024,SF,82.54514037362082,87.42366774873761,88.86972382114101,83.04507573207576,79.49505508536824,93.35863555147671,85.81877576073553,69.08435661018036
SAUCEGARDNER_20000831,Sauce Gardner,DB,2024,NYJ,97.0,93.0,94.0,91.0,91.0,95.0,92.0,65.0
JALENRAMSEY_19941024,Jalen Ramsey,DB,2024,MIA,96.0,92.0,94.0,90.0,90.0,95.0,94.0,71.0
MINKAHFITZPATRICK_19961117,Minkah Fitzpatrick,DB,2024,PIT,93.0,91.0,92.0,91.0,87.0,91.0,90.0,64.0
L'JARIUSSNEED_19970121,L'Jarius Sneed,DB,2024,TEN,92.0,95.0,93.0,88.0,87.0,96.0,93.0,60.0
CHARVARIUSWARD_19960516,Charvarius Ward,DB,2024,SF,91.0,91.0,87.0,86.0,85.0,96.0,89.0,65.0
TYRANNMATHIEU_19920513,Tyrann Mathieu,DB,2024,NO,91.0,88.0,90.0,89.0,88.0,96.0,88.0,61.0
DENZELWARD_19970428,Denzel Ward,DB,2024,CLE,90.0,94.0,95.0,95.0,95.0,89.0,92.0,61.0
TRENTMCDUFFIE_20000913,Trent McDuffie,DB,2024,KC,90.0,91.0,93.0,94.0,91.0,91.0,91.0,61.0
JAYLONJOHNSON_19990419,Jaylon Johnson,DB,2024,CHI,89.0,90.0,91.0,86.0,91.0,91.0,88.0,67.0
KYLEHAMILTON_20010316,Kyle Hamilton,DB,2024,BAL,89.0,88.0,91.0,87.0,79.0,87.0,90.0,72.0
DARONBLAND_19990712,DaRon Bland,DB,2024,DAL,88.0,90.0,92.0,84.0,86.0,88.0,86.0,60.0
KENNYMOOREII_19950823,Kenny Moore II,DB,2024,IND,86.0,91.0,92.0,88.0,90.0,89.0,94.0,61.0
TARONJOHNSON_19960727,Taron Johnson,DB,2024,BUF,86.0,91.0,93.0,84.0,85.0,88.0,81.0,63.0
DARIOUSWILLIAMS_19930315,Darious Williams,DB,2024,LAR,85.0,91.0,93.0,85.0,83.0,90.0,92.0,54.0
DEVONWITHERSPOON_20001211,Devon Witherspoon,DB,2024,SEA,85.0,91.0,93.0,91.0,90.0,81.0,89.0,60.0
GREGNEWSOMEII_20000518,Greg Newsome II,DB,2024,CLE,85.0,93.0,93.0,92.0,90.0,84.0,90.0,60.0
JABRILLPEPPERS_19951004,Jabrill Peppers,DB,2024,NE,85.0,89.0,91.0,87.0,82.0,84.0,86.0,73.0
XAVIERMCKINNEY_19980808,Xavier McKinney,DB,2024,GB,85.0,88.0,90.0,88.0,85.0,84.0,86.0,67.0
KYLEDUGGER_19960322,Kyle Dugger,DB,2024,NE,84.0,90.0,89.0,87.0,84.0,85.0,92.0,74.0
JULIANLOVE_19980319,Julian Love,DB,2024,SEA,83.0,91.0,89.0,89.0,87.0,85.0,86.0,60.0
JUSTINREID_19970215,Justin Reid,DB,2024,KC,83.0,91.0,91.0,91.0,86.0,87.0,87.0,66.0
PAULSONADEBO_19990703,Paulson Adebo,DB,2024,NO,83.0,91.0,91.0,92.0,87.0,82.0,87.0,64.0
GRANTDELPIT_19980920,Grant Delpit,DB,2024,CLE,82.0,89.0,91.0,87.0,84.0,83.0,89.0,60.0
ANDRECISCO_20000323,Andre Cisco,DB,2024,JAX,81.0,92.0,91.0,88.0,86.0,80.0,87.0,65.0
BRANDONSTEPHENS_19971229,Brandon Stephens,DB,2024,BAL,81.0,91.0,88.0,85.0,83.0,83.0,90.0,68.0
CAMRYNBYNUM_19980719,Camryn Bynum,DB,2024,MIN,81.0,86.0,90.0,84.0,88.0,81.0,82.0,66.0
GENOSTONE_19990419,Geno Stone,DB,2024,CIN,81.0,87.0,90.0,87.0,85.0,85.0,82.0,58.0
TRE'VONMOEHRIG_19990616,Tre'von Moehrig,DB,2024,LV,81.0,90.0,90.0,82.0,81.0,84.0,80.0,61.0
JALENPITRE_19990603,Jalen Pitre,DB,2024,HOU,80.0,90.0,93.0,91.0,89.0,80.0,84.0,62.0
JULIANBLACKMON_19980824,Julian Blackmon,DB,2024,IND,79.0,89.0,89.0,89.0,86.0,84.0,87.0,57.0
RAYSHAWNJENKINS_19940125,Rayshawn Jenkins,DB,2024,SEA,79.0,89.0,88.0,81.0,82.0,83.0,88.0,72.0
SEANMURPHY-BUNTING_19970619,Sean Murphy-Bunting,DB,2024,ARI,79.0,91.0,92.0,89.0,88.0,83.0,94.0,59.0
JORDANFULLER_19980304,Jordan Fuller,DB,2024,CAR,78.0,89.0,86.0,80.0,82.0,85.0,85.0,59.0
JORDANWHITEHEAD_19970318,Jordan Whitehead,DB,2024,TB,78.0,87.0,88.0,81.0,80.0,85.0,82.0,67.0
MARCUSEPPS_19960127,Marcus Epps,DB,2024,LV,78.0,88.0,89.0,89.0,83.0,79.0,91.0,63.0
TYRIQUESTEVENSON_20000526,Tyrique Stevenson,DB,2024,CHI,78.0,91.0,95.0,82.0,79.0,75.0,91.0,60.0
JOSHMETELLUS_19980121,Josh Metellus,DB,2024,MIN,77.0,90.0,89.0,84.0,81.0,75.0,87.0,66.0
DAXTONHILL_20000929,Daxton Hill,DB,2024,CIN,75.0,93.0,94.0,96.0,92.0,73.0,88.0,56.0
ALONTAETAYLOR_19981203,Alontae Taylor,DB,2024,NO,74.0,94.0,94.0,81.0,83.0,75.0,92.0,60.0
RICHIEGRANT_19971109,Richie Grant,DB,2024,ATL,74.0,87.0,92.0,89.0,82.0,76.0,83.0,58.0
KEISEANNIXON_19970622,Keisean Nixon,DB,2024,GB,73.0,93.0,92.0,81.0,78.0,75.0,79.0,54.0
MILESKILLEBREW_19930510,Miles Killebrew,DB,2024,PIT,68.0,87.0,86.0,83.0,76.0,70.0,86.0,76.0
A.J.TERRELLJR_19980923,A.J. Terrell,DB,2024,ATL,83.00724327463152,91.63664567506981,92.86880282542599,88.82878734578469,87.84892582424335,83.8029705894765,87.7502636581116,65.68633379087908
AHKELLOWITHERSPOON_19950321,Ahkello Witherspoon,DB,2024,LAR,81.05300155476195,89.63290973451302,90.69172127089193,86.93015118011266,85.23884574054149,86.58830981130785,91.68018397225808,62.789070129191714
ANTOINEWINFIELDJR_19980816,Antoine Winfield Jr.,DB,2024,TB,90.03064454661902,91.89857314034208,92.60573088972583,88.89424058671318,88.08626427310467,90.61999326002109,87.06556914080853,65.80731038621684
ASANTESAMUELJR_19991003,Asante Samuel Jr.,DB,2024,LAC,82.43964420540044,92.43860758960346,93.5854306758982,90.9168007205131,91.61702275164568,84.56707694991832,86.49660800126807,57.527202193283415
DARIUSSLAYJR_19910101,Darius Slay,DB,2024,PHI,83.84951498032726,89.82146554943648,91.17504907136693,87.30813012828992,85.59690458105278,91.61917267215398,87.91079049882096,61.01176232889918
DERWINJAMESJR_19960803,Derwin James,DB,2024,LAC,82.43936438988766,89.66019108186612,90.18750630336216,85.76906646581341,83.43078520501145,83.704662302695,91.82334556903167,70.88202579388656
JESSIEBATESIII_19970226,Jessie Bates,DB,2024,ATL,88.51353684102838,88.44105438758174,90.48414871087563,87.06476302000152,82.74344268584893,89.82380774721031,87.64596154967975,69.82563904076108
JUSTINSIMMONS_19931119,Justin Simmons,DB,2024,ATL,83.84708174186036,87.06191164492219,88.8122423321586,88.23621542686357,84.8859683023169,90.9680311009401,89.69925301545256,68.14612088190847
MARTINEMERSONJR_20000927,Martin Emerson,DB,2024,CLE,81.49845098763822,89.90535731673208,91.62496929551655,87.81473127445366,86.48218927338293,81.27128318172498,88.53654753683087,66.16762232143776
PATRICKSURTAINII_20000414,Pat Surtain II,DB,2024,DEN,84.39979986005858,92.32531079796917,92.78396096856913,89.2304937132808,87.86918366245028,83.94864005016626,92.16986017495682,67.52438171882534
STEVENNELSON_19930122,Steven Nelson,DB,2024,KC,82.40689794224579,87.72143292830015,89.28884751062718,86.30928203166758,84.4809071096402,89.4152716216193,84.46067131491706,63.33168004561958
JACKCONKLIN_19940817,Jack Conklin,OL,2024,CLE,80.0,70.0,70.0,60.0,51.0,91.0,74.0,88.0
BRADYCHRISTENSEN_19960927,Brady Christensen,OL,2024,CAR,73.0,75.0,79.0,71.0,55.0,80.0,82.0,88.0
BRIANALLEN_19951011,Brian Allen,OL,2024,CLE,73.0,66.0,63.0,56.0,51.0,86.0,67.0,83.0
NETANEMUTI_19990327,Netane Muti,OL,2024,DET,71.0,67.0,57.0,63.0,52.0,66.0,68.0,96.0
JALENMAYFIELD_20000523,Jalen Mayfield,OL,2024,NYG,68.0,59.0,69.0,56.0,50.0,64.0,71.0,91.0
NICKLEVERETT_19970111,Nick Leverett,OL,2024,NE,68.0,67.0,61.0,56.0,46.0,76.0,73.0,85.0
NICKSALDIVERI_20000814,Nick Saldiveri,OL,2024,NO,67.0,65.0,78.0,61.0,61.0,66.0,76.0,84.0
DONOVANJENNINGS_19991124,Donovan Jennings,OL,2024,GB,64.0,72.0,73.0,65.0,57.0,65.0,70.0,86.0
MATTWALETZKO_19991215,Matt Waletzko,OL,2024,DAL,64.0,71.0,80.0,74.0,59.0,68.0,68.0,85.0
SHANELEMIEUX_19970512,Shane Lemieux,OL,2024,NO,64.0,70.0,67.0,49.0,50.0,76.0,65.0,84.0
HAKEEMADENIJI_19971208,Hakeem Adeniji,OL,2024,CLE,63.0,67.0,72.0,43.0,45.0,75.0,82.0,84.0
NICKBROEKER_20001007,Nick Broeker,OL,2024,HOU,63.0,63.0,74.0,60.0,56.0,72.0,68.0,81.0
NICKZAKELJ_19990622,Nick Zakelj,OL,2024,SF,63.0,68.0,83.0,60.0,57.0,70.0,71.0,85.0
AVIANTECOLLINS_19930421,Aviante Collins,OL,2024,CHI,62.0,76.0,77.0,61.0,54.0,52.0,62.0,86.0
DOUGKRAMER_19980604,Doug Kramer,OL,2024,CHI,62.0,74.0,80.0,57.0,57.0,74.0,73.0,81.0
JOVAUGHNGWYN_19990318,Jovaughn Gwyn,OL,2024,ATL,62.0,68.0,77.0,57.0,54.0,71.0,69.0,89.0
SPENCERANDERSON_20000607,Spencer Anderson,OL,2024,PIT,62.0,67.0,70.0,63.0,50.0,72.0,75.0,88.0
CONNORGALVIN_20000311,Connor Galvin,OL,2024,DET,61.0,56.0,71.0,52.0,48.0,66.0,75.0,87.0
MCCLENDONCURTIS_19990916,McClendon Curtis,OL,2024,SEA,61.0,64.0,67.0,61.0,48.0,61.0,67.0,83.0
JIMMYMORRISSEY_19980609,Jimmy Morrissey,OL,2024,NYG,59.0,62.0,82.0,69.0,60.0,70.0,76.0,81.0
JULIANGOOD-JONES_19970302,Julian Good-Jones,OL,2024,WAS,59.0,66.0,72.0,65.0,52.0,60.0,72.0,80.0
KINGSLEYEGUAKUN_20010323,Kingsley Eguakun,OL,2024,DET,59.0,61.0,68.0,65.0,64.0,63.0,78.0,84.0
ANDREWRAYM_20050201,Andrew Raym,OL,2024,CAR,58.0,58.0,56.0,56.0,61.0,64.0,63.0,83.0
ANDREWCOKER_20010323,Andrew Coker,OL,2024,CIN,59.05717287887097,61.8412779262909,70.42841963115325,57.10588508898044,52.15643749050855,59.782089605542126,70.60621725675946,83.9545501890149
ANDREWMEYER_20000114,Andrew Meyer,OL,2024,MIA,60.16140671410983,68.92762905447898,74.57388348473683,61.72519667019779,57.052428745024145,60.932485797564425,74.24804899500577,83.65763949018768
ARLINGTONHAMBRIGHT_19960130,Arlington Hambright,OL,2024,TEN,61.80802393126754,66.3517396415383,71.03499438962194,60.706952161593165,52.553014863054614,68.71036816642612,71.67456465430223,83.6621462132166
BENBROWN_19980519,Ben Brown,OL,2024,NE,60.369562276673776,65.57893099735986,71.7889663331598,59.543019760829424,52.342397687484436,63.84958955763199,74.84125873916855,83.3240829474149
BRANDONWALTON_19980318,Brandon Walton,OL,2024,CAR,60.636923639396684,66.87313026519121,71.79401228658935,61.261456365443934,52.7705861982231,66.16753689889566,72.49288946545221,83.48291059611736
BRETTTOTH_19960901,Brett Toth,OL,2024,PHI,60.451628424637704,64.36707257221042,69.48601872710492,60.579429106795345,52.22511982437095,67.14063347718019,69.93457905717969,82.72312053911259
CALEBJONES_19990210,Caleb Jones,OL,2024,NE,61.941771775404504,60.88575113095396,66.72959545381241,54.22994277055557,45.4951705541157,65.39902488085824,78.60214124118147,86.48278350826538
CAMERONTOM_19950721,Cameron Tom,OL,2024,CLE,61.839605319576776,65.92266316022199,68.77832509081395,60.15509376277862,50.416529873456966,71.0782244888108,69.79242228014255,84.3261064670763
CHANDLERBREWER_19970612,Chandler Brewer,OL,2024,TEN,61.56138503369516,64.73435641977414,68.86542389416877,58.878477293877125,49.53058524402127,68.4244279254113,72.76060074845054,84.78494166632416
CHRISGLASER_19991001,Chris Glaser,OL,2024,CHI,60.09277217344112,67.41889189640813,73.90410190584862,62.00636044416376,55.02736105088661,62.405983278186625,74.52956686516245,82.62858941324677
CHRISREED_19920722,Chris Reed,OL,2024,NO,62.71039893922085,62.15980300175568,64.66667404524219,58.06230222587908,48.71250608497121,73.41589405820099,67.34644518900996,84.03992281516196
DALTONTUCKER_20000318,Dalton Tucker,OL,2024,IND,59.789358771083585,66.95581438391173,73.03695060214181,60.98450515907402,55.820398918495584,60.88477325754894,73.60391787585877,83.69200983428976
DAVIDSHARPE_19951021,David Sharpe,OL,2024,HOU,66.44089730457142,59.480734549940394,63.32184663782368,56.657162568937,45.96179870840592,79.86336185127533,61.37379318163221,84.56678504744826
ETHANDRISKELL_20000629,Ethan Driskell,OL,2024,KC,59.3878913507715,65.59924802676812,72.13824448938885,60.80255852379284,55.45661074914278,60.582717164491044,72.79867116057949,83.41210190010395
FRANKCRUM_20000514,Frank Crum,OL,2024,DEN,61.0686244596036,70.96329151846544,75.56351025895901,64.11792118838278,55.84420479924188,60.347015969190636,74.51191578088401,84.89368470649217
IKEBOETTGER_19951207,Ike Boettger,OL,2024,CAR,61.47509444549411,64.20991542592594,67.88235864444073,58.82843189078355,49.298200758395524,70.04092341904976,70.62954539154134,84.37975815204527
ISAIAHPRINCE_19970729,Isaiah Prince,OL,2024,TEN,62.562310309672625,70.84522653633906,72.07854584490633,60.700408886022046,52.09288131740436,71.12795010480914,67.56178152979192,84.37380645625876
JACKANDERSON_o_line,Jack Anderson,OL,2024,CAR,61.941316414645826,64.8929996564874,70.44616813223661,57.38206199652427,51.551866583428364,67.83013540580095,77.11185905149932,85.36074990323598
JACKSONBARTON_19950808,Jackson Barton,OL,2024,ARI,61.319503704503575,66.7766522129914,69.28160174690333,60.306531404669414,52.36044657181992,71.9202614238979,68.84537309396956,83.31262282195632
JACKSONCARMAN_20000122,Jackson Carman,OL,2024,MIA,69.07066331137008,68.08481718770452,72.76858419022801,62.62194197599942,54.110391147281916,74.12812197051852,74.05724617353962,87.00707777434567
JAKEKUBAS_20000813,Jake Kubas,OL,2024,NYG,60.2400748357673,67.0576889239527,73.14064466860441,60.74792889454952,56.20135234622626,60.63381328039401,74.26894822384929,83.67335449471679
JALENSUNDELL_19991018,Jalen Sundell,OL,2024,SEA,59.89832751269921,68.16822433653397,73.8943823370671,61.40240973285182,56.203611622474,61.156303991071866,73.89680305550155,83.82538375425975
JAVIONCOHEN_20020808,Javion Cohen,OL,2024,CLE,61.41119624965734,68.08125219432713,73.20317009094174,60.69668389937016,54.35620711611659,60.71310541876022,73.61011720880197,85.2615728710644
JESSEDAVIS_19910915,Jesse Davis,OL,2024,NO,61.74611999211868,61.87685718898467,64.71718130289469,58.990068656618234,49.00716371602675,73.25888657567685,65.63243746824764,83.48312441401356
JOHNLEGLUE_19960417,John Leglue,OL,2024,PIT,60.53558180424608,63.90854424042732,68.8874038881163,59.945448248045864,51.175911877158796,67.56255402677976,70.25843335312129,83.18927393065303
JULIANPEARL_19991006,Julian Pearl,OL,2024,CLE,60.75218464459874,66.1325037155591,71.60001685145471,58.75468501214576,53.08972170710581,62.03224588136385,75.73868823326166,85.25302743830551
JUSTINDEDICH_20000421,Justin Dedich,OL,2024,LAR,60.209377963693555,67.57121879816953,73.96280561041044,61.62626270348892,57.947644379652274,59.80911699133213,73.86659339313883,82.87419035313602
JUSTINMURRAY_19930401,Justin Murray,OL,2024,CLE,62.47699749675769,63.58678664659192,65.76238994217488,57.7871625618524,47.42483151323063,73.47251476685977,69.23786743020946,85.17277209909167
KARSENBARNHART_20010302,Karsen Barnhart,OL,2024,LAC,60.17672454933853,66.71651310997913,72.05874410701654,58.77909699953011,55.17080825789003,61.75864949417479,76.78719725223164,84.68191127764439
KYLEHERGEL_19991007,Kyle Hergel,OL,2024,NO,60.80571589396095,66.29307331056862,72.6157157460541,60.0523040720301,56.35573046585182,60.13227552418169,75.03077804724671,83.60128792863972
LEROYWATSON_19980610,Leroy Watson IV,OL,2024,TEN,60.4534165932526,66.01937265491767,71.96855936738802,59.47741544167141,52.03833502432303,64.20788684763914,75.13252081513201,83.61986003242015
MICHAELNIESE_19980113,Michael Niese,OL,2024,DET,59.667085136194146,65.95367146332808,72.70290891044601,61.11316206201127,54.36392281734061,62.89841114557959,73.23725772333273,82.11465441890144
OLISAEMEKAUDOH_19970214,Oli Udoh,OL,2024,NO,63.64466833776203,64.35411608867912,69.03327386748902,60.63402325815193,52.231169642116356,70.54715117696804,70.98263584206006,84.27546510442102
RAIQWONO'NEAL_20000112,Raiqwon O'Neal,OL,2024,TB,59.75209832960712,66.37639401796923,73.86990833213622,61.482796398201174,55.474357679215245,60.71156291592098,75.12707384566102,82.0349520698876
RICKYLEE_19990611,Ricky Lee,OL,2024,MIN,59.52655339483687,66.72215771633228,73.81108883962293,61.35863974541243,54.37199127110898,61.553828583561824,75.09296738730063,82.61845596621919
RICKYSTROMBERG_20001110,Ricky Stromberg,OL,2024,CHI,66.16726995454201,66.44208981169527,73.61627349153059,61.68476351622053,57.138480865683505,71.42637170202914,80.36083449017406,85.21863186423997
SEANHARLOW_19950328,Sean Harlow,OL,2024,MIA,64.9840414173247,69.97972993001974,71.2713658786081,60.341496547691264,53.94856515125366,77.52947942450675,73.42259165347969,84.98545690492807
TYNSEKHE_19851027,Ty Nsekhe,OL,2024,LAR,62.70358543950107,57.41295504617824,58.36521803266328,54.87347036116691,43.37743821835625,79.65838870709985,61.9900264460598,84.56358506001627
TYRONEWHEATLEYJR._19970204,Tyrone Wheatley Jr.,OL,2024,ATL,58.277728347426546,68.13575111528826,74.62122218200557,64.67691526590966,57.383194223822784,63.579374559676864,68.85656830837797,80.39628578133875
WARRENMCCLENDON_20041101,Warren McClendon Jr.,OL,2024,LAR,64.09612462138261,68.24486734863422,74.2580878960091,62.711667257548896,56.69866314224305,67.2897460905653,76.47300928356754,84.09304661525303
XAVIERNEWMAN_19990804,Xavier Newman-Johnson,OL,2024,NYJ,60.481590150920795,67.77130200663896,73.96532379004111,61.42409913296595,54.93520409221696,62.883728243051166,75.0032549698517,82.71941719224145
ZACHARYTHOMAS_19980526,Zach Thomas,OL,2024,NE,63.096269223817956,72.56276872503406,76.75984742929268,68.57627505983572,56.316008057772024,64.72916913964713,61.49269246220183,80.94689760816203
,Austen Pleasants,OL,2024,ARI,61.42487482092952,63.778251854870064,68.43861646959976,57.605170748069185,48.50366706861769,67.6219434004575,74.08171656739523,85.0544848750124
,Tyler Vrabel,OL,2024,ATL,60.437173349114346,65.6128233728989,72.00428802024317,60.144325200076565,52.52385573808965,63.08782129914135,75.41678272264926,83.61670818682461
,Alex Akingbulu,OL,2024,WAS,59.64890716875374,65.90143146944763,72.68970493349411,61.13824072298013,54.42424491401903,62.84255214672754,73.18301149006129,82.06402938115073
,J.D. DiRenzo,OL,2024,CAR,60.02020171257021,65.40735830463791,72.03833516231589,58.913944063547746,51.84121312381171,63.097390113217955,75.81437482596857,83.4365640901043
,Corey Luciano,OL,2024,LV,59.93497093817376,65.76416819721464,72.82088417326804,59.86751385539404,53.76847144727344,62.105116827597556,75.24928129544742,82.4855248352709
,Jaylon Thomas,OL,2024,HOU,60.32685683011562,67.32834552094846,73.62780087084138,60.17169169329094,52.79645312167827,62.64167643453976,76.91557643989745,83.86798148070045
,Corey Bullock,OL,2024,BAL,60.65344109443913,67.29073924644786,73.62078683633263,61.357629345490096,57.060469948419495,59.499794641975484,75.27833320819536,83.77950299830206
,Darrian Dalcourt,OL,2024,BAL,60.86185585532843,66.32349786774262,72.5878269058303,60.138189171292964,55.948338296235306,60.05292561392747,75.48339043474061,84.0193425696163
,Gottlieb Ayedze,OL,2024,LV,60.88423482836674,71.71179651716636,75.00908150762325,63.04790818632429,57.51368672983858,59.60179979532194,70.50657020609287,83.73370354513003
,Anim Dankwah,OL,2024,WAS,61.655703592753696,62.70021575985527,68.31672042792752,56.48048085228581,50.400782373583525,61.53833555276498,75.15647588150114,86.18884704298475
,Garret Greenfield,OL,2024,TB,58.70680023578774,61.78232795761028,70.86931772928506,55.78477927150834,53.9371979212533,61.40917812571962,86.2072768461685,84.36412031211825
,Mike Novitsky,OL,2024,SEA,60.11528479022894,67.79441583454684,73.4585563592334,60.852678194730004,55.612651554528384,61.3198825008746,74.33911084014062,84.11837465051184
,McKade Mettauer,OL,2024,KC,60.373078733689,67.1424087537489,73.30343352975888,60.83217821517718,56.65960022549348,60.37547124059705,74.38740171254813,83.5001919994285
,Bryan Hudson,OL,2024,NE,59.98543908796859,67.79068707206602,73.83648534681788,61.663227132869196,56.61885209196498,60.40445575216057,74.12236062245938,83.72387377719184
,Theo Benedet,OL,2024,CHI,59.430090809089336,67.55808207526786,74.01035109542272,62.6254846888784,57.186229284759065,59.71684568370898,73.2747953804469,83.35600138494428
,Mike Edwards,OL,2024,BUF,62.61641117231068,63.04404602293664,67.91941421315983,53.86587270212735,48.233891002355676,63.6859479724788,79.25266149347772,87.50656961834932
,Matthew Jones,OL,2024,ARI,59.52706385532338,66.45931681892137,71.25514862334876,55.27833036269922,53.30853370267164,61.903282507061874,78.34413459701409,84.228786346947
,Marcellus Johnson,OL,2024,NYG,60.19668338026105,67.13245062434976,73.2278098641707,60.85787520217352,56.319544359815154,60.60109757843344,74.18048666692039,83.61475631546642
,Lorenzo Thompson,OL,2024,CLE,59.88435553447903,67.62773772350772,73.34332076279088,60.95361116463366,55.45356197888714,61.37793184215349,73.96945709470401,84.08106385329717
,Jake Johanning,OL,2024,LV,59.9546431528654,69.20318693562467,75.43685416184121,63.10993748140038,59.110289409441066,59.51613620350594,73.68741357177123,82.75433332907593
,Will Putnam,OL,2024,LV,59.88180074490299,67.42430084509408,73.71118910671703,61.592789030826765,57.209662731385606,60.237226370112865,73.48697862554263,83.1112921267115
,Steven Jones,OL,2024,JAX,61.4885619934127,64.75983636959677,70.30214269878229,57.20518671562786,51.958507852340745,62.01806007867225,77.00129546645621,85.76431062226976
,Sincere Haynesworth,OL,2024,NO,60.4558852567086,68.15208809776902,74.56160201005036,62.135249383973445,58.63035771930049,59.28251289215899,74.45346678705528,82.92200057903727
,Cole Spencer,OL,2024,TEN,60.59381427315333,67.40733748562945,72.99152442693071,59.8962359721927,55.35178920466342,61.57019298357392,74.87538309657884,84.14781806150276
,Tyler McLellan,OL,2024,LAC,61.37653411916506,62.567465360317556,68.12578524190167,55.324107343491136,49.36570144760799,62.983921393252956,76.83929923577216,86.36897637744306
,Bucky Williams,OL,2024,LAC,60.287474154435984,68.29262058309143,74.07203762214476,61.30085843692052,56.7630791604729,60.81676931310432,74.41912561329445,83.69750519768556
,Drake Nugent,OL,2024,SF,61.39484602668165,65.57984559186343,74.04255191687184,64.5377474122945,57.923671538422695,61.05905606269533,74.20192569214714,83.22685956353473
,Matthew Cindric,OL,2024,ATL,59.60587397460216,67.45867985891823,73.75061947691938,61.64254722618469,57.395191048913375,60.50948691624359,72.73898963549345,82.74920362252234
,Jeremy Flax,OL,2024,MIN,60.40858039302037,51.86921734558473,62.871920632442425,51.62938563446011,49.310503613018,64.97278016038348,75.03802956628533,85.06672449704655
,Doug Nester,OL,2024,PIT,59.56418764117018,66.5081761455084,72.99207602819206,61.34523807638743,56.54181189887163,60.29346756706258,72.97299398622908,83.12716127753097
,Spencer Rolland,OL,2024,GB,59.84824286625502,65.15992968397086,71.65800858013495,59.871194962224564,55.25607049595692,60.77716864833809,73.28069718374809,83.39092027334385
,Ryan Coll,OL,2024,IND,60.8280547100224,66.42245475839559,72.1935506080008,59.54916862703715,54.312881737093676,61.08191308826275,75.85737643736047,84.88786422070052
,Blake Larson,OL,2024,LAR,59.22419058077571,66.02805807118852,72.79761657004042,61.596643012104636,56.74465490330181,60.0163629152259,72.27786284117064,82.78610025381147
,Laekin Vakalahi,OL,2024,PHI,60.503865288121915,67.02748399830489,73.37729322714813,61.459579768000566,56.436118286249894,59.455350776107764,75.39550717390921,84.1682199835638
,Bayron Matos,OL,2024,MIA,60.90917855822727,65.65492149562374,71.17065132115772,58.50109952478698,52.45084986984671,61.860322783541335,76.32816191538723,85.70297464528045
ALIJAHVERA-TUCKER_19990617,Alijah Vera-Tucker,OL,2024,NYJ,80.0,68.0,73.0,61.0,55.0,82.0,78.0,91.0
AUSTINCORBETT_19950905,Austin Corbett,OL,2024,CAR,76.0,69.0,71.0,57.0,52.0,86.0,70.0,85.0
RYANBATES_19970214,Ryan Bates,OL,2024,CHI,73.0,68.0,79.0,68.0,56.0,82.0,68.0,86.0
DAVIDEDWARDS_19970320,David Edwards,OL,2024,BUF,72.0,69.0,70.0,62.0,54.0,83.0,65.0,82.0
KENDRICKGREEN_19981222,Kendrick Green,OL,2024,HOU,71.0,76.0,81.0,58.0,56.0,79.0,85.0,86.0
WESSCHWEITZER_19930911,Wes Schweitzer,OL,2024,NYJ,70.0,69.0,71.0,56.0,51.0,79.0,69.0,82.0
NICHOLASPETIT-FRERE_19990915,Nicholas Petit-Frere,OL,2024,TEN,69.0,68.0,73.0,56.0,52.0,76.0,75.0,86.0
SEANRHYAN_19980920,Sean Rhyan,OL,2024,GB,69.0,64.0,73.0,66.0,59.0,69.0,83.0,84.0
TYLERSTEEN_20000624,Tyler Steen,OL,2024,PHI,69.0,64.0,73.0,59.0,59.0,75.0,73.0,91.0
DANIELFAALELE_19991109,Daniel Faalele,OL,2024,BAL,67.0,52.0,46.0,39.0,38.0,55.0,73.0,90.0
LUKEWYPLER_20010503,Luke Wypler,OL,2024,CLE,67.0,68.0,77.0,63.0,59.0,72.0,75.0,85.0
MATTPEART_19970611,Matt Peart,OL,2024,DEN,67.0,70.0,74.0,55.0,49.0,75.0,74.0,86.0
MATTPRYOR_19941216,Matt Pryor,OL,2024,CHI,67.0,60.0,54.0,57.0,50.0,73.0,63.0,86.0
ASIMRICHARDS_20001002,Asim Richards,OL,2024,DAL,66.0,67.0,73.0,59.0,51.0,67.0,72.0,87.0
JAKEANDREWS_19991111,Jake Andrews,OL,2024,NE,66.0,67.0,72.0,56.0,54.0,69.0,66.0,87.0
LUCASNIANG_19980819,Lucas Niang,OL,2024,KC,66.0,66.0,58.0,61.0,51.0,75.0,70.0,86.0
NATHANTHOMAS_20010822,Nathan Thomas,OL,2024,DAL,66.0,66.0,74.0,52.0,55.0,62.0,64.0,85.0
NICKALLEGRETTI_19960421,Nick Allegretti,OL,2024,WAS,66.0,67.0,69.0,64.0,55.0,78.0,73.0,83.0
NICKGARGIULO_20000719,Nick Gargiulo,OL,2024,DEN,66.0,64.0,72.0,71.0,58.0,70.0,79.0,87.0
JORDANMCFADDEN_19991116,Jordan McFadden,OL,2024,LAC,65.0,73.0,76.0,61.0,54.0,73.0,71.0,82.0
JUSTINHERRON_19951127,Justin Herron,OL,2024,NO,65.0,64.0,62.0,46.0,50.0,75.0,79.0,84.0
KTLEVESTON_19991028,KT Leveston,OL,2024,LAR,65.0,60.0,65.0,55.0,52.0,68.0,69.0,85.0
MICHAELDUNN_19940828,Michael Dunn,OL,2024,CLE,65.0,63.0,76.0,59.0,49.0,70.0,67.0,85.0
C.J.HANSON_20010303,C.J. Hanson,OL,2024,KC,64.0,72.0,74.0,55.0,57.0,69.0,81.0,82.0
JOSIAHEZIRIM_20010521,Josiah Ezirim,OL,2024,NO,64.0,67.0,65.0,66.0,59.0,65.0,73.0,88.0
JUSTINSKULE_19961123,Justin Skule,OL,2024,TB,64.0,65.0,65.0,65.0,55.0,72.0,65.0,85.0
ANDREWRUPCICH_19990401,Andrew Rupcich,OL,2024,TEN,63.0,62.0,69.0,54.0,51.0,70.0,76.0,85.0
KEITHISMAEL_19980725,Keith Ismael,OL,2024,ARI,63.0,61.0,69.0,52.0,57.0,73.0,78.0,83.0
LADARIUSHENDERSON_20011211,LaDarius Henderson,OL,2024,HOU,63.0,64.0,60.0,51.0,57.0,64.0,69.0,83.0
LUKEWATTENBERG_19970910,Luke Wattenberg,OL,2024,DEN,63.0,66.0,78.0,69.0,62.0,72.0,73.0,79.0
TRAVISCLAYTON_20010217,Travis Clayton,OL,2024,BUF,63.0,79.0,82.0,72.0,58.0,51.0,66.0,79.0
MATTLEE_20010606,Matt Lee,OL,2024,CIN,62.0,71.0,74.0,53.0,55.0,70.0,76.0,82.0
NICKSAMAC_20010821,Nick Samac,OL,2024,BAL,62.0,65.0,72.0,64.0,54.0,70.0,63.0,84.0
FREDJOHNSON_19970605,Fred Johnson,OL,2024,PHI,61.0,63.0,61.0,54.0,43.0,72.0,63.0,85.0
JOHNOJUKWU_19990109,John Ojukwu,OL,2024,TEN,61.0,64.0,74.0,65.0,58.0,64.0,71.0,86.0
MICHAELJURGENS_20000101,Michael Jurgens,OL,2024,MIN,61.0,58.0,70.0,67.0,54.0,69.0,78.0,80.0
MIKECALIENDO_19971021,Mike Caliendo,OL,2024,KC,61.0,60.0,71.0,59.0,55.0,58.0,71.0,82.0
RYANVANDEMARK_19980322,Ryan Van Demark,OL,2024,BUF,61.0,63.0,75.0,66.0,58.0,64.0,75.0,83.0
JORDANMEREDITH_19980104,Jordan Meredith,OL,2024,LV,60.0,69.0,75.0,70.0,57.0,61.0,78.0,83.0
JOSHSILLS_19980126,Josh Sills,OL,2024,IND,60.0,64.0,66.0,64.0,53.0,61.0,64.0,78.0
KYLEHINTON_19980227,Kyle Hinton,OL,2024,ATL,60.0,76.0,77.0,60.0,56.0,63.0,83.0,87.0
COLEVANLANEN_19980423,Cole Van Lanen,OL,2024,JAX,59.0,69.0,80.0,72.0,59.0,67.0,74.0,79.0
DANSKIPPER_19940920,Dan Skipper,OL,2024,DET,59.0,71.0,64.0,57.0,48.0,71.0,66.0,82.0
JAKEHANSON_19970429,Jake Hanson,OL,2024,NYJ,59.0,56.0,55.0,59.0,51.0,72.0,71.0,85.0
KIONSMITH_19981007,Kion Smith,OL,2024,MIA,58.0,61.0,68.0,61.0,55.0,62.0,63.0,75.0
TRENTSCOTT_19940125,Trent Scott,OL,2024,WAS,57.0,68.0,59.0,54.0,44.0,65.0,66.0,80.0
FOSTERSARELL_19980828,Foster Sarell,OL,2024,LAC,55.0,54.0,61.0,54.0,49.0,65.0,68.0,86.0
MATTNELSON_19951219,Matt Nelson,OL,2024,NYG,55.0,68.0,64.0,65.0,58.0,68.0,75.0,75.0
AUSTINDECULUS_19990312,Austin Deculus,OL,2024,NO,63.66479903462988,68.48803873508427,72.84308345775617,61.55545255020826,51.826610602128994,68.40103527685505,74.00413279702752,85.51001076674777
BRANDONPARKER_19951021,Brandon Parker,OL,2024,ATL,68.97813796808191,60.33098628351263,67.48153106305563,59.408956526926204,50.83752314577407,81.12493608405202,69.86537062716343,86.53495240878502
CALVINANDERSON_19960325,Calvin Anderson,OL,2024,PIT,62.628516493581856,66.27045598149539,70.58699435998096,61.40358986893699,53.2809617707145,72.75813033417091,72.47440264538955,82.82547429643
CAMERONERVING_19920823,Cameron Erving,OL,2024,SF,74.16802512505035,66.0107363244108,71.15397958015046,64.35765413884008,51.32538153223982,88.26118330121096,66.85399997299692,89.55793168840663
CAMERONFLEMING_19920903,Cameron Fleming,OL,2024,DEN,70.55694348987947,63.074439109152536,67.65684105184346,54.25447045666863,44.17814357805503,86.21053643350729,58.66889290337849,87.3707260448843
COREYLEVIN_19940812,Corey Levin,OL,2024,TEN,66.62595479329332,66.39150363264753,71.57115218844137,62.38196603398916,51.36869215624324,79.42055862740813,65.8085042301932,85.34476067653671
COREYLINSLEY_19910727,Corey Linsley,OL,2024,LAC,70.14675242138617,63.73758737105641,68.44248297250806,61.08391939860962,49.49152689778293,85.09852877048343,61.918810918193685,89.65758992414044
DENNISDALEY_19960807,Dennis Daley,OL,2024,JAX,64.55793457074606,64.47874655544138,69.99849621683643,56.58010866422097,48.64216911339008,74.80475938642076,68.33913539628384,83.73550471306353
DIETEREISELEN_19960610,Dieter Eiselen,OL,2024,DEN,61.65116506943025,66.85946640906582,71.9325824472271,61.694150122786255,54.17921753251551,70.50404276403117,73.56442784002729,82.6526138324079
JASONPETERS_19820122,Jason Peters,OL,2024,SEA,75.78975141518089,66.73052934116072,65.53533231763413,55.86030207752384,41.65194588701286,102.40561763336768,55.20258617282707,88.16195371405988
MAXSCHARPING_19960810,Max Scharping,OL,2024,PIT,69.95980732396538,66.27882198226757,71.6625803326283,61.153538492772896,51.51455391031959,78.4165093224675,69.7630531296536,87.8491043260444
OLUSEGUNOLUWATIMI_19990805,Olu Oluwatimi,OL,2024,SEA,63.32128574407807,68.23540621018242,74.97667294527582,63.16208320680386,56.526923963111926,67.94655488386945,76.7573962098013,84.09231802816447
TREMAYNEANCHRUMJR_19980624,Tremayne Anchrum,OL,2024,HOU,64.28851396768073,66.29074187728929,72.44699782865064,60.39899758461729,53.03997437853377,72.74912600698008,67.96914000454717,85.43729209239382
TRENTBROWN_19930413,Trent Brown,OL,2024,CIN,88.0,70.0,60.0,54.0,52.0,95.0,70.0,91.0
KELVINBEACHUM_19890608,Kelvin Beachum,OL,2024,ARI,74.0,64.0,62.0,57.0,45.0,85.0,70.0,86.0
JOSHJONES_19970622,Josh Jones,OL,2024,BAL,72.0,68.0,68.0,60.0,53.0,79.0,71.0,85.0
EVANNEAL_20000919,Evan Neal,OL,2024,NYG,71.0,76.0,79.0,61.0,54.0,66.0,84.0,91.0
BENCLEVELAND_19980825,Ben Cleveland,OL,2024,BAL,70.0,71.0,73.0,65.0,49.0,74.0,70.0,90.0
JUICESCRUGGS_20000119,Juice Scruggs,OL,2024,HOU,70.0,65.0,74.0,60.0,58.0,77.0,78.0,87.0
YOSHNIJMAN_19960102,Yosh Nijman,OL,2024,CAR,70.0,74.0,77.0,71.0,58.0,82.0,75.0,87.0
CODYFORD_19961228,Cody Ford,OL,2024,CIN,69.0,68.0,67.0,56.0,53.0,70.0,71.0,87.0
DANFEENEY_19940529,Dan Feeney,OL,2024,MIN,69.0,68.0,66.0,64.0,52.0,80.0,70.0,88.0
CALVINTHROCKMORTON_19960816,Calvin Throckmorton,OL,2024,DEN,68.0,65.0,58.0,51.0,48.0,78.0,68.0,84.0
CHRISTIANMAHOGANY_20001011,Christian Mahogany,OL,2024,DET,68.0,68.0,76.0,60.0,63.0,61.0,79.0,89.0
MAXMITCHELL_19991012,Max Mitchell,OL,2024,NYJ,68.0,62.0,72.0,55.0,58.0,75.0,64.0,85.0
SATAOALAUMEA_20010113,Sataoa Laumea,OL,2024,SEA,68.0,67.0,70.0,66.0,55.0,70.0,66.0,84.0
BENBARTCH_19980722,Ben Bartch,OL,2024,SF,67.0,68.0,62.0,69.0,53.0,75.0,70.0,85.0
CHRISTIANJONES_20000512,Christian Jones,OL,2024,ARI,67.0,71.0,72.0,54.0,56.0,65.0,71.0,84.0
ELIJAHKLEIN_20000408,Elijah Klein,OL,2024,TB,67.0,62.0,64.0,59.0,57.0,73.0,67.0,83.0
JOSHUAEZEUDU_19990919,Joshua Ezeudu,OL,2024,NYG,67.0,66.0,72.0,57.0,58.0,70.0,71.0,81.0
BEAUXLIMMER_20010610,Beaux Limmer,OL,2024,LAR,66.0,65.0,75.0,67.0,59.0,74.0,86.0,85.0
CARTERWARREN_19990119,Carter Warren,OL,2024,NYJ,66.0,64.0,73.0,67.0,57.0,73.0,69.0,82.0
HUNTERNOURZAD_19991126,Hunter Nourzad,OL,2024,KC,66.0,67.0,73.0,66.0,55.0,75.0,65.0,83.0
MARCUSMCKETHAN_19990519,Marcus McKethan,OL,2024,NYG,66.0,62.0,65.0,58.0,46.0,69.0,69.0,87.0
SEDRICKVANPRAN-GRANGER_20011023,Sedrick Van Pran-Granger,OL,2024,BUF,66.0,66.0,73.0,69.0,53.0,78.0,68.0,82.0
TREVORKEEGAN_20000830,Trevor Keegan,OL,2024,PHI,66.0,64.0,72.0,60.0,54.0,70.0,75.0,85.0
WANYAMORRIS_20001010,Wanya Morris,OL,2024,KC,66.0,69.0,70.0,63.0,57.0,69.0,71.0,83.0
AUSTINSCHLOTTMANN_19950918,Austin Schlottmann,OL,2024,NYG,65.0,70.0,76.0,59.0,47.0,74.0,74.0,86.0
BLAKEBRANDEL_19970123,Blake Brandel,OL,2024,MIN,65.0,69.0,64.0,53.0,48.0,75.0,76.0,85.0
JACOBMONK_20010604,Jacob Monk,OL,2024,GB,65.0,69.0,76.0,67.0,57.0,72.0,73.0,83.0
MICHAELJERRELL_19990818,Michael Jerrell,OL,2024,SEA,65.0,74.0,81.0,53.0,54.0,53.0,79.0,82.0
BLAKEHANCE_19960111,Blake Hance,OL,2024,JAX,64.0,70.0,63.0,61.0,53.0,75.0,68.0,85.0
CHANDLERZAVALA_19990402,Chandler Zavala,OL,2024,CAR,64.0,66.0,72.0,65.0,57.0,64.0,78.0,88.0
NATEHERBIG_19980710,Nate Herbig,OL,2024,PIT,64.0,66.0,64.0,54.0,39.0,75.0,62.0,84.0
TRAVISGLOVER_20000817,Travis Glover,OL,2024,GB,64.0,63.0,69.0,50.0,51.0,69.0,69.0,86.0
CADEMAYS_19990426,Cade Mays,OL,2024,CAR,63.0,64.0,69.0,60.0,55.0,76.0,66.0,82.0
COLBYSORSDAL_20000301,Colby Sorsdal,OL,2024,DET,63.0,67.0,66.0,59.0,57.0,71.0,69.0,80.0
JAYLONMOORE_19980109,Jaylon Moore,OL,2024,SF,63.0,63.0,68.0,59.0,53.0,72.0,75.0,84.0
TYLANGRABLE_19991004,Tylan Grable,OL,2024,BUF,63.0,74.0,81.0,73.0,65.0,68.0,87.0,81.0
WALTERROUSE_20010309,Walter Rouse,OL,2024,MIN,63.0,64.0,66.0,55.0,53.0,64.0,80.0,83.0
NASHJENSEN_19990507,Nash Jensen,OL,2024,CAR,62.0,62.0,65.0,52.0,49.0,63.0,68.0,90.0
STORMNORTON_19940516,Storm Norton,OL,2024,ATL,62.0,66.0,72.0,68.0,54.0,79.0,71.0,82.0
BRENDENJAIMES_19990528,Brenden Jaimes,OL,2024,LAC,61.0,66.0,70.0,69.0,55.0,71.0,75.0,82.0
JAELYNDUNCAN_20000708,Jaelyn Duncan,OL,2024,TEN,61.0,69.0,77.0,54.0,52.0,69.0,77.0,85.0
KAYODEAWOSIKA_19981027,Kayode Awosika,OL,2024,DET,61.0,66.0,65.0,49.0,50.0,64.0,74.0,86.0
RYANNEUZIL_19970731,Ryan Neuzil,OL,2024,ATL,61.0,70.0,73.0,68.0,58.0,59.0,72.0,85.0
BROCKHOFFMAN_19990702,Brock Hoffman,OL,2024,DAL,60.0,56.0,72.0,60.0,57.0,70.0,70.0,79.0
JAKECURHAN_19980209,Jake Curhan,OL,2024,CHI,60.0,57.0,61.0,51.0,53.0,70.0,62.0,81.0
WESLEYFRENCH_19961130,Wesley French,OL,2024,IND,59.0,66.0,69.0,69.0,55.0,63.0,72.0,87.0
QUINNBAILEY_19951018,Quinn Bailey,OL,2024,DEN,55.0,67.0,63.0,46.0,46.0,54.0,70.0,86.0
ATONIOMAFI_20001020,Atonio Mafi,OL,2024,IND,66.54569263988259,67.18580915833513,72.67039665503125,60.8510262336128,54.80301544655572,69.56280720740108,76.97578705051546,86.38137086659879
CHARLIEHECK_19961120,Charlie Heck,OL,2024,ARI,66.60547899084878,67.51563986522342,72.259894875383,60.41904044941009,52.5220558135386,77.43555458116634,71.39218997503531,82.92438968127391
CONORMCDERMOTT_19921019,Conor McDermott,OL,2024,LAR,66.3841648845596,64.56083736988307,68.75358537783632,62.06910192609581,51.02076906983211,79.6651144425241,67.32569776185892,83.62853794873845
DYLANMCMAHON_20010122,Dylan McMahon,OL,2024,LAR,62.57745772373778,69.2016914642486,75.92557558373665,66.6026782816437,60.90792617778811,65.83096247799529,82.49538299384903,82.94152203730647
JA'TYRECARTER_19990115,Ja'Tyre Carter,OL,2024,CAR,63.594007378353695,68.00059728791348,72.58821732523984,60.388675538313464,53.52634186049295,69.30047310939483,75.93277254586883,84.25840851657597
JACKDRISCOLL_19970401,Jack Driscoll,OL,2024,PHI,67.84669438508655,69.9486609037574,74.249909951895,62.99491745099397,54.71864985406569,77.18864192955482,72.1733528693162,84.7046246171816
JARRETTKINGSTON_19991202,Jarrett Kingston,OL,2024,CAR,61.806477857605614,71.36813203884208,76.57245092813992,63.80261903681918,58.70419536251552,64.27762032770647,79.24114288583087,83.31386616833203
MARKGLOWINSKI_19920503,Mark Glowinski,OL,2024,IND,71.81915399458535,64.0956847791897,69.0610794528161,61.731922876255226,51.80275832489224,86.60062085265304,64.98434801044777,88.85837956087414
NICKHARRIS_19981113,Nick Harris,OL,2024,CLE,67.54438339807228,70.24313152291779,75.6326629835894,63.886386863957284,56.845215056206825,78.20750614633948,74.93029166609313,81.71785359228221
ROYCENEWMAN_19970817,Royce Newman,OL,2024,TB,65.93050127792083,67.33988127947578,73.01035315296986,60.295043397990526,54.442560852418865,73.88963292542644,71.78987609428714,83.53556730427465
SAMMUSTIPHER_19960813,Sam Mustipher,OL,2024,LAC,64.75107483457555,66.23164220602393,70.99513864363189,60.18490086408468,53.69964378439704,74.41754714339993,72.07326996040592,84.21569249110865
T.J.BASS_19990331,TJ Bass,OL,2024,DAL,60.98632975919736,57.524014660904186,66.73126461047241,55.96086596886852,52.85750048426985,65.95342981285637,74.44730734732775,85.0701690580911
,Carter O'Donnell,OL,2024,ARI,64.32823039686929,67.09087271233466,70.55088926226745,61.509184766630824,52.720553213580615,73.52254272084735,73.50845756401759,83.32599952959148
ABRAHAMLUCAS_19981025,Abraham Lucas,OL,2024,SEA,77.0,75.0,81.0,75.0,59.0,81.0,72.0,85.0
COLESTRANGE_19980731,Cole Strange,OL,2024,NE,75.0,71.0,79.0,68.0,59.0,81.0,70.0,87.0
EZRACLEVELAND_19980508,Ezra Cleveland,OL,2024,JAX,74.0,76.0,78.0,70.0,55.0,80.0,74.0,88.0
CHRISTIANHAYNES_20000413,Christian Haynes,OL,2024,SEA,72.0,71.0,75.0,68.0,56.0,76.0,80.0,87.0
COOPERBEEBE_20010519,Cooper Beebe,OL,2024,DAL,72.0,71.0,75.0,69.0,60.0,72.0,69.0,87.0
BRANDONCOLEMAN_20001012,Brandon Coleman,OL,2024,WAS,71.0,73.0,77.0,71.0,60.0,65.0,82.0,84.0
CHUKWUMAOKORAFOR_19970808,Chukwuma Okorafor,OL,2024,NE,71.0,68.0,64.0,57.0,52.0,85.0,61.0,85.0
TREVORPENNING_19990515,Trevor Penning,OL,2024,NO,71.0,76.0,83.0,74.0,60.0,61.0,70.0,88.0
TYTUSHOWARD_19960523,Tytus Howard,OL,2024,HOU,71.0,73.0,69.0,61.0,52.0,82.0,73.0,85.0
DOMINICKPUNI_20000224,Dominick Puni,OL,2024,SF,70.0,61.0,64.0,68.0,63.0,73.0,74.0,86.0
ISAIAHADAMS_20000721,Isaiah Adams,OL,2024,ARI,70.0,65.0,70.0,59.0,56.0,74.0,63.0,86.0
MASONMCCORMICK_20000525,Mason McCormick,OL,2024,PIT,70.0,70.0,79.0,61.0,61.0,65.0,85.0,90.0
TANORBORTOLINI_20020618,Tanor Bortolini,OL,2024,IND,70.0,74.0,82.0,78.0,70.0,77.0,79.0,82.0
ZAKZINTER_20010417,Zak Zinter,OL,2024,CLE,70.0,63.0,65.0,54.0,49.0,74.0,65.0,88.0
CHRISHUBBARD_19910423,Chris Hubbard,OL,2024,SF,69.0,67.0,75.0,62.0,50.0,78.0,70.0,83.0
DJGLAZE_20020804,DJ Glaze,OL,2024,LV,69.0,65.0,73.0,56.0,51.0,72.0,65.0,88.0
LAYDENROBINSON_20010503,Layden Robinson,OL,2024,NE,69.0,69.0,72.0,60.0,56.0,71.0,67.0,87.0
MATTGONCALVES_20010126,Matt Goncalves,OL,2024,IND,69.0,66.0,71.0,54.0,51.0,73.0,75.0,84.0
CAEDANWALLACE_20000418,Caedan Wallace,OL,2024,NE,68.0,67.0,76.0,59.0,49.0,74.0,76.0,87.0
DAVIDQUESSENBERRY_19900824,David Quessenberry,OL,2024,MIN,68.0,68.0,69.0,63.0,54.0,83.0,73.0,85.0
KIRANAMEGADJIE_20020102,Kiran Amegadjie,OL,2024,CHI,68.0,70.0,74.0,69.0,55.0,69.0,72.0,88.0
GIOVANNIMANU_20010126,Giovanni Manu,OL,2024,DET,67.0,70.0,75.0,50.0,52.0,49.0,81.0,86.0
JAVONFOSTER_20000331,Javon Foster,OL,2024,JAX,67.0,62.0,71.0,61.0,50.0,72.0,79.0,83.0
SUAOPETA_19960815,Sua Opeta,OL,2024,TB,66.0,71.0,83.0,58.0,52.0,70.0,80.0,92.0
ROBERTJONES_19990128,Robert Jones,OL,2024,MIA,65.0,62.0,67.0,48.0,53.0,70.0,76.0,88.0
JARRETTPATTERSON_19990901,Jarrett Patterson,OL,2024,HOU,64.0,61.0,71.0,54.0,52.0,76.0,73.0,83.0
VEDERIANLOWE_19990417,Vederian Lowe,OL,2024,NE,63.0,65.0,75.0,57.0,54.0,72.0,65.0,82.0
CHRISPAUL_19981119,Chris Paul,OL,2024,WAS,61.0,76.0,83.0,60.0,53.0,55.0,68.0,82.0
LANDONYOUNG_19970821,Landon Young,OL,2024,NO,59.0,66.0,78.0,61.0,44.0,68.0,75.0,90.0
CORNELIUSLUCASIII_19910718,Cornelius Lucas,OL,2024,WAS,69.74852148796975,58.837871373327175,65.13662941973575,57.13633401966473,45.34201803938413,84.77790682522118,62.634973271324725,85.63746558067137
JAMESHUDSONIII_19990513,James Hudson,OL,2024,CLE,66.79707346414222,64.90985166700818,69.48546851465062,58.69181992246183,53.23117478444237,75.30931712231768,74.00287420069526,83.5973767747297
JEDRICKWILLSJR_19990517,Jedrick Wills,OL,2024,CLE,71.93394797263522,72.6611881827481,76.96210840874642,67.31189692262473,55.24989649358531,80.9781077761329,83.8050472341024,86.18476315063447
TYREPHILLIPS_19970129,Tyre Phillips,OL,2024,NYG,67.53493571877237,60.626127927789526,67.4277574407829,55.7534082727376,47.914501065409695,77.21731977024479,67.9105244435732,86.4295971623379
LA'ELCOLLINS_19930726,La'el Collins,OL,2024,BUF,78.0,68.0,60.0,57.0,55.0,74.0,68.0,86.0
,Connor McGovern,OL,2024,BUF,78.0,70.0,63.0,62.0,55.0,84.0,67.0,87.0
DYLANPARHAM_19990824,Dylan Parham,OL,2024,LV,72.0,75.0,82.0,59.0,57.0,78.0,67.0,82.0
GERMAINIFEDI_19940602,Germain Ifedi,OL,2024,CLE,69.0,65.0,66.0,60.0,52.0,77.0,79.0,84.0
KENYONGREEN_20010315,Kenyon Green,OL,2024,HOU,69.0,64.0,74.0,56.0,46.0,74.0,71.0,85.0
ANDREWVORHEES_19990121,Andrew Vorhees,OL,2024,BAL,67.0,65.0,74.0,51.0,48.0,70.0,72.0,97.0
JONGAINESII_20000524,Jon Gaines II,OL,2024,ARI,66.0,72.0,85.0,72.0,64.0,71.0,79.0,77.0
ALEXLEATHERWOOD_19990105,Alex Leatherwood,OL,2024,LAC,65.0,72.0,72.0,68.0,49.0,59.0,83.0,88.0
DARIANKINNARD_19991229,Darian Kinnard,OL,2024,PHI,65.0,62.0,72.0,50.0,49.0,55.0,64.0,86.0
MALAESALAAUMAVAE-LAULU_19990525,Malaesala Aumavae-Laulu,OL,2024,BAL,65.0,69.0,77.0,63.0,56.0,62.0,71.0,80.0
CHASENHINES_20000403,Chasen Hines,OL,2024,MIA,64.0,65.0,76.0,40.0,47.0,65.0,75.0,84.0
COOPERHODGES_20000713,Cooper Hodges,OL,2024,JAX,64.0,69.0,60.0,55.0,55.0,70.0,72.0,87.0
DANNYPINTER_19960619,Danny Pinter,OL,2024,IND,64.0,75.0,76.0,61.0,56.0,72.0,73.0,82.0
ALECANDERSON_19991003,Alec Anderson,OL,2024,BUF,63.0,60.0,56.0,49.0,46.0,67.0,62.0,85.0
ALEXFORSYTH_19990213,Alex Forsyth,OL,2024,DEN,63.0,66.0,65.0,54.0,50.0,72.0,55.0,86.0
RYANHAYES_20000228,Ryan Hayes,OL,2024,MIA,63.0,66.0,78.0,71.0,58.0,70.0,74.0,78.0
TREYHILL_20000123,Trey Hill,OL,2024,CIN,63.0,57.0,63.0,44.0,49.0,73.0,62.0,84.0
WYATTDAVIS_19990217,Wyatt Davis,OL,2024,CLE,63.0,65.0,61.0,61.0,49.0,62.0,65.0,83.0
YODNYCAJUSTE_19960221,Yodny Cajuste,OL,2024,NYG,63.0,64.0,57.0,58.0,49.0,73.0,62.0,88.0
DYLANCOOK_19980111,Dylan Cook,OL,2024,PIT,62.0,69.0,65.0,62.0,51.0,65.0,76.0,80.0
JASONPOE_19980727,Jason Poe,OL,2024,PHI,62.0,74.0,75.0,67.0,59.0,63.0,77.0,88.0
MATTFARNIOK_19970926,Matt Farniok,OL,2024,DET,62.0,66.0,72.0,71.0,55.0,72.0,80.0,85.0
TOMMYDOYLE_19980506,Tommy Doyle,OL,2024,BUF,62.0,68.0,74.0,68.0,52.0,74.0,81.0,86.0
A.J.ARCURI_19970813,A.J. Arcuri,OL,2024,LAR,61.0,56.0,61.0,58.0,53.0,66.0,81.0,87.0
D'ANTESMITH_19980609,D'Ante Smith,OL,2024,CIN,61.0,61.0,67.0,55.0,56.0,71.0,72.0,84.0
JAKEWITT_20000207,Jake Witt,OL,2024,IND,61.0,76.0,79.0,69.0,60.0,54.0,68.0,79.0
KADEEMTELFORT_19981110,Kadeem Telfort,OL,2024,GB,61.0,58.0,61.0,47.0,44.0,63.0,63.0,86.0
MARKEVANSII_19991011,Mark Evans II,OL,2024,NO,61.0,58.0,69.0,61.0,55.0,70.0,67.0,79.0
ALEXPALCZEWSKI_19990803,Alex Palczewski,OL,2024,DEN,60.0,63.0,75.0,60.0,58.0,67.0,71.0,82.0
JAXSONKIRKLAND_19980730,Jaxson Kirkland,OL,2024,CIN,60.0,63.0,59.0,54.0,51.0,72.0,66.0,80.0
DEVINCOCHRAN_19980717,Devin Cochran,OL,2024,CIN,59.0,69.0,74.0,61.0,53.0,64.0,74.0,83.0
LECITUSSMITH_19980713,Lecitus Smith,OL,2024,GB,59.0,66.0,71.0,53.0,53.0,68.0,65.0,83.0
TRYSTANCOLON-CASTILLO_19980323,Trystan Colon,OL,2024,ARI,59.0,72.0,62.0,60.0,50.0,73.0,64.0,80.0
KEATONSUTHERLAND_19970212,Keaton Sutherland,OL,2024,JAX,58.0,64.0,72.0,54.0,50.0,52.0,86.0,86.0
LACHAVIOUSSIMMONS_19960912,Lachavious Simmons,OL,2024,TEN,58.0,62.0,58.0,56.0,50.0,65.0,69.0,86.0
NATEGILLIAM_19970706,Nate Gilliam,OL,2024,CIN,56.0,71.0,66.0,60.0,41.0,53.0,72.0,83.0
JOSHUAMILES_19960104,Joshua Miles,OL,2024,NYG,55.0,65.0,75.0,57.0,53.0,58.0,86.0,85.0
BADARATRAORE_19970312,Badara Traore,OL,2024,CAR,54.0,66.0,59.0,61.0,50.0,46.0,74.0,85.0
JARYDJONES-SMITH_19950903,Jaryd Jones-Smith,OL,2024,ATL,54.0,66.0,71.0,49.0,47.0,50.0,68.0,83.0
RYANMCCOLLUM_19980304,Ryan McCollum,OL,2024,PIT,51.0,62.0,61.0,61.0,54.0,54.0,73.0,80.0
DAKODASHEPLEY_19950313,Dakoda Shepley,OL,2024,DAL,50.0,71.0,71.0,51.0,47.0,51.0,79.0,89.0
ADRIANEALY_o_line,Vitaliy Gurman,OL,2024,NYJ,59.58590249725722,67.59406628739976,73.07838505782229,60.54769368000848,55.37224636665934,62.48933229145405,76.9084140880077,82.77871629929513
ALECLINDSTROM_19980707,Alec Lindstrom,OL,2024,NYJ,59.34811950705341,67.52764320499705,73.54255914718078,62.70265308117973,55.32877383124418,63.035273611219736,77.32039292005902,81.96826112113354
ALEXTAYLOR_19970429,Armani Taylor-Prioleau,OL,2024,WAS,60.46697044224915,64.67687126370834,68.59337824847535,57.51881903132505,47.86878735520298,64.85051496375866,73.73741269030916,83.81419089926851
ANDREWSTUEBER_19990701,Andrew Stueber,OL,2024,CIN,60.244899709771104,64.3938297695222,68.1828116922552,55.51264864374923,50.029290196333534,61.439984049718305,67.02583377223391,85.77126777440208
BILLMURRAY_19970703,Bill Murray,OL,2024,CHI,61.088295353034255,66.75867018237363,71.26522610737857,59.33620789508575,52.25166739826187,66.14265562837363,74.25397265398124,83.5300595046912
BOBBYHART_19940821,Bobby Hart,OL,2024,WAS,66.29233123487958,53.80905358547079,61.19625496097433,51.616508858486895,42.92189113970602,78.93932751820125,64.62377910357782,88.54949346908512
BRAEDENDANIELS_20000822,Braeden Daniels,OL,2024,DAL,64.35959282649283,73.60379068331599,77.20863239226128,66.92508669269193,59.36430808272422,66.35829319502511,80.61190720572995,82.91003678678857
COHLCABRAL_19980211,Cohl Cabral,OL,2024,DAL,60.90027449428895,67.2153224597946,71.40453423710642,59.204799853175246,51.46777860557137,65.72437395539146,75.51352943554184,81.40834586375667
CONNORMCGOVERN_19930427,Connor McGovern,OL,2024,NYJ,63.64438686727672,65.53834134756357,68.96833502493246,58.009334576716924,47.26043506266666,73.88663019935711,68.87779303023763,84.62792554540704
COYCRONK_o_line,Coy Cronk,OL,2024,MIN,60.92651197641675,66.39633789151367,70.95533555918973,58.76703239885774,52.252246905093386,64.2698788530463,74.55900982416279,84.3870902343233
DARRYLWILLIAMS_19970610,Darryl Williams,OL,2024,JAX,61.47037648415973,67.49331655680089,72.13496183647294,59.9786412481202,53.96863454338808,66.93194794464898,74.04096393832106,83.74739112650497
DEMONTREYJACOBS_19981122,Demontrey Jacobs,OL,2024,NE,58.34587284806116,66.19475616203408,71.36194954352959,59.559872790616964,53.22290742744343,59.7814419418022,77.65115916844934,82.7028806492174
GRANTHERMANNS_o_line,Grant Miller,OL,2024,LAR,59.20577866219193,68.09160596980632,74.07011451163135,60.743867554963,56.71682382820683,60.228218502837194,78.53735760524432,82.60736657373181
JAMARCOJONES_19960604,Jamarco Jones,OL,2024,DET,63.71310887687811,59.38778750027541,67.29254543120578,53.345980190890145,50.99942629852836,72.51476958044634,65.59765662153904,85.40998316263725
JOSHBALL_19980515,Josh Ball,OL,2024,NO,63.00202691747353,65.82457774096747,70.33936333198562,61.02349090001621,53.42881148949738,68.78164650315159,72.53950356565201,83.84147734666493
JULIE'NDAVENPORT_19950109,Julie'n Davenport,OL,2024,ATL,67.13435326964905,65.41600279890667,68.01025086524442,59.629443125548164,47.40339280771485,77.22466875394116,68.36871241661402,86.06188445123439
KAHLILMCKENZIE_d_line,Jalen McKenzie,OL,2024,NE,59.69020748873157,66.42201349746347,71.07037738697545,59.23855266786006,53.033518113635694,62.1966727445199,76.15916530312279,83.48305886395173
KELLENDIESCH_o_line,Kellen Diesch,OL,2024,TEN,58.047710838718274,72.39591860677046,74.14357466038518,62.44988659187641,53.58573808005514,61.788885496701596,82.57538369153917,80.5859450282257
LE'RAVENCLARK_19930422,Le'Raven Clark,OL,2024,PHI,69.90015866748575,66.63770970073983,70.2681738495844,60.26677228442463,46.14247255280469,80.2111604623949,68.79234785450853,85.13079107991527
LEWISKIDD_19970915,Lewis Kidd,OL,2024,SF,58.7505032706231,66.05054016832105,70.95188768413936,59.56430210779263,52.3548540128574,61.79458209872928,76.56197412382244,82.57536136211004
LOGANBRUSS_19991007,Logan Bruss,OL,2024,TEN,64.6607489225441,63.621611743608355,69.1416227049458,62.15950007045558,54.57814027555713,71.68227023101724,75.87982291829894,85.37172396362382
LUKEHAGGARD_20000103,Luke Haggard,OL,2024,TB,58.1622812861106,66.9013212959278,72.03748874607618,60.012012807693395,54.16795507941748,59.27456551817352,79.1258106273749,81.60534757942906
LUKETENUTA_19990901,Luke Tenuta,OL,2024,ARI,59.00948601897758,59.11403461153304,65.46785353362111,57.41479707660403,50.63814623827915,64.8392575478291,70.14060028263066,82.93742291533997
MARQUISHAYES_19990214,Marquis Hayes,OL,2024,GB,59.5589480315128,62.9768804224625,68.56152928810161,57.62418137674581,54.490650590994676,63.67613966505803,66.07365875844562,83.7882349711293
MASONBROOKS_19991011,Mason Brooks,OL,2024,IND,58.649417741403624,66.32747276224018,71.0710844052337,59.43857689773813,53.517503334330684,60.050062977742186,77.56810725467767,82.90147347575478
MATTHENNESSY_19971117,Matt Hennessy,OL,2024,ATL,68.5852357002299,68.10282528797597,72.6811591966275,64.16350309799486,53.905848169772696,74.92184994469005,74.4310045437528,85.69950548141301
MICHAELJORDAN_19980125,Mike Jordan,OL,2024,GB,66.02499037287231,64.77343053929417,68.4343582986844,59.83639681113732,48.94098158880223,74.4809377523934,76.4251487458755,84.48610733484702
RYANJENSEN_19910527,Ryan Jensen,OL,2024,TB,68.85644706429812,64.76456464088096,66.75131851464994,56.7612598305559,43.652532838974764,82.44998816543989,62.65790157122274,87.86272700058953
SCOTTQUESSENBERRY_19950323,Scott Quessenberry,OL,2024,HOU,66.76677931808706,68.45177292014978,70.99258314586314,62.99769735240204,50.27617590261383,76.0203458701784,75.06210833853265,85.78966324464238
TYLERSMITH_20040301,Tyler Smith,OL,2024,CAR,58.98483717081409,66.58622334505685,71.71316890679509,59.364736545557435,54.63954061229464,56.74456954648417,79.85581343026797,82.91162159182187
TYRESEROBINSON_19990821,Tyrese Robinson,OL,2024,MIN,59.19932792725062,65.17326368641307,71.9011045154466,53.90172917936468,54.60491390992814,59.51581684105054,69.5384651818672,84.49584153625159
WILLIAMSHERMAN_o_line,Will Sherman,OL,2024,DEN,60.15697812209628,67.35631042399086,71.56290327118813,60.2424887193589,54.41203058411287,64.83284125215812,75.78166859536213,82.66172397213319
ZACKBAILEY_19951108,Zack Bailey,OL,2024,NYJ,60.82704056989478,66.2324290558563,70.44477210396735,59.1300570100359,51.04117876021661,67.78638720097206,71.92501836320253,82.00132058417074
,Zack Johnson,OL,2024,SF,59.89964867298397,66.15156548394339,70.27116202197158,59.57915550641508,51.24732015756041,65.89495157679505,74.69207700664765,82.32181296684979
,Mike Panasiuk,OL,2024,IND,60.99858891516912,67.78542504913457,72.0218246601089,60.45414079429611,54.526719680228155,66.91675503999431,74.89209324884177,82.71947400884449
,Isaac Alarcon,OL,2024,SF,60.85929388237494,64.90488711006901,68.25536558369959,57.64743983812309,48.710280150625124,65.76924150138518,73.13539061390884,84.26123891916035
,Devery Hamilton,OL,2024,PIT,59.986057425614845,66.16130668054802,70.66497825543956,58.999510089631144,51.60227344150434,63.58892351702809,75.55726451701503,83.1049410226262
,Max Pircher,OL,2024,WAS,60.72652174185518,65.22801061954738,69.06632542572106,57.48591553042775,49.64761338236957,63.42973357994492,74.48825882519895,84.51838826258714
,Jake Burton,OL,2024,DET,60.56730986554838,66.3617449322162,70.97994325237505,58.836943619191516,51.988966869217904,63.82218816499028,75.15339801824257,83.79986120915066
,Roy Mbaeteka,OL,2024,CLE,60.52040693689982,64.27391519521234,67.04595064930572,56.90281556549178,48.29151264458682,64.01664472843038,73.42254744162437,84.92591706047236
,Sebastian Gutierrez,OL,2024,SF,58.59499240805786,66.21313966358798,71.15119209091927,59.8229085383723,52.68472873872582,61.80955352244598,76.81655945944658,82.25720210166341
,Obinna Eze,OL,2024,NYJ,57.90974272304669,65.06266192830662,70.07938222573694,54.57563000145524,47.38013985707363,58.02248037524157,75.8460784991621,81.82573424158372
,Kevin Jarvis,OL,2024,BUF,59.619750011437986,65.2549265075686,69.3910569251916,58.28773463972175,50.97967958027931,62.22706542879689,75.0373700775981,84.24155051715323
,Kohl Levao,OL,2024,NYJ,60.87215417845276,64.0427046150844,68.57335438913015,56.17019448890255,48.14795442163148,61.453873004074694,73.41079428126841,86.72214855223595
,Liam Fornadel,OL,2024,NE,59.88350037859472,66.95540274049927,71.77483664941883,59.66329334257796,54.12211652517448,62.4819401454464,76.3066972295428,83.44121848809127
,Barry Wesley,OL,2024,ATL,58.833424907411086,66.05739104594022,70.60466568008133,59.30507087585306,52.14733379712476,61.534952576624505,76.95601053478231,82.4108724650217
,Mike Mcallister,OL,2024,LAR,59.65825632299726,68.35399605406405,74.4423997627755,60.73759751204955,57.255631029966196,60.48853353090169,78.26058063895834,83.09579163194897
,Lorenz Metz,OL,2024,TB,56.75321805548033,65.42701810984909,71.44014604245149,59.63195569323466,51.16804567060211,57.99080643487605,79.06970658206365,80.98076668212994
,Tashawn Manning,OL,2024,CIN,59.11815246341037,61.046811745433615,68.90757622574256,54.70623011853752,51.390285470519586,59.51526853512155,73.37423302122534,85.54641726774764
,Tykeem Doss,OL,2024,PIT,62.56764290504138,63.387189216361094,67.68282510026074,53.93712376994017,47.291884982974636,59.70381693508352,72.26189728139843,90.09267661199087
,Chuck Filiaga,OL,2024,MIN,58.43623451679366,66.50046871756558,72.27600368642379,59.85696598288894,53.771132285103306,59.73683133484667,77.70147760172404,82.77713902280607
,Chim Okorafor,OL,2024,CLE,58.47975420449089,66.35769481615694,71.43283616598501,59.81945254554773,53.853901394854404,60.385261895263284,77.20650893452603,82.94786815811162
,Brent Laing,OL,2024,LAC,57.874896559376964,67.9897658162538,73.59745090781144,61.728165510038934,56.98430040381783,60.54369833130795,79.09240608296841,81.0198301518073
,Jerome Carvin,OL,2024,NE,58.92707463145862,67.30696091835716,71.90182213793878,60.16014278866635,55.483077600557465,60.57047155293458,78.12026796825148,82.53224721408213
,Anderson Hardy,OL,2024,MIA,57.19347837552536,67.51293593975538,72.39207607272283,61.64518892007561,56.13610443114413,60.408553780188186,79.43616448532794,80.23299941845428
,Richard Gouraige,OL,2024,BUF,57.98812074604372,66.7990454710366,71.9552000360145,60.579163977758526,54.77572286259152,60.44724559737199,77.9276309167999,81.99900142209572
,Tyler Beach,OL,2024,PIT,58.87979298240694,66.78152635710353,72.28253213851622,59.690556460106336,54.17978877506431,59.80093954991469,77.84022701671984,82.9907353753915
,Kilian Zierer,OL,2024,HOU,57.257986195182994,65.55716723066325,70.75217705216755,59.863868129744446,52.27134139460503,59.666521994113964,77.65224716951207,81.87980262555112
,Earl Bostick Jr.,OL,2024,DAL,59.62094853300904,68.80817174560366,72.71749805840182,59.813106553413604,52.20923055507302,59.114747454828375,80.21617520876498,84.08867473336616
,Henry Byrd,OL,2024,MIN,58.495497646234526,66.90011979972428,72.32673280637255,60.13768333957205,54.58030542992566,59.98904194007093,78.06347236428155,82.45536418231771
,Joey Fisher,OL,2024,PIT,58.91400589763268,66.22296310368529,72.03280431067788,59.19232948877243,53.04768246461964,59.514454622926905,77.28661245610783,83.54012520188655
,Ilm Manning,OL,2024,SEA,58.452492430859195,68.60419584950819,74.35285182737925,62.09910282394935,58.40398156109694,61.25958698933243,78.68818383990265,81.55960775579561
,Dalton Wagner,OL,2024,LV,57.90641935292598,65.27036522223875,70.58205448211766,58.52424863547424,52.18509046417711,58.44385070359033,71.93775422918861,82.3193813077383
,Silas Dzansi,OL,2024,TB,59.76790375214506,65.709089484287,71.55151506893708,58.01369838448079,51.7648746402877,59.186633398081085,76.46858247206,84.93810557826444
,Chukwuebuka Godrick,OL,2024,KC,58.36137278398668,68.2352911793148,73.17178775858929,61.31541436385862,57.15284794002338,60.4066092588065,79.56182010070233,81.06465088557661
,Darrell Simpson,OL,2024,BAL,59.08133105538727,66.87733828579644,72.85373001761991,59.35713635299419,54.67083208561684,55.89162616519536,80.572583426233,82.75589598256403
,Brady Latham,OL,2024,NYJ,58.97676240163214,63.60627106870629,70.1101587126177,59.19023435357553,55.64029296743746,58.50367465665374,80.39053900812496,82.42093667341632
,Willie Tyler,OL,2024,NYJ,58.82130584974213,66.60184778418193,72.3014276354761,59.44091880853159,54.459005288480796,56.27143568967233,80.16066667280802,82.72803229133217
,Griffin McDowell,OL,2024,KC,59.26486431535531,66.88290542371897,72.30795608756625,59.274509285748195,54.867661778441686,56.33554390474035,80.29941608780337,82.94162864391765
,Nick Torres,OL,2024,KC,58.94131748311672,66.72899724646595,72.55633642723342,59.40224998289909,54.55677150254343,56.09613898606722,80.35078209746416,82.74089245651612
,Duke Clemens,OL,2024,DET,59.62841502538548,67.07919675506764,72.14454534515153,59.133878980053396,55.21114079236037,56.516516588877266,80.31142188635977,83.14665155304718
,Keaton Bills,OL,2024,BUF,58.217731872962204,66.15125752826634,71.95502079437165,59.6588867654915,53.919993846436284,56.441056412744615,79.7684300249357,82.4972890518348
,Gunner Britton,OL,2024,BUF,58.8648255374391,66.45907388277328,71.45826011503505,59.4034053711905,54.541774398231894,56.91986625008906,79.66569800561047,82.89876142663783
,Jeremiah Crawford,OL,2024,CAR,59.308384003052566,66.740131522311,71.46478856712747,59.23699584840699,54.9504308881929,56.983974465156734,79.80444742060627,83.11235777922337
,Clark Barrington,OL,2024,LV,58.597768711982425,66.55389749216465,72.76223196827596,59.53643548432183,54.2295868576353,55.88595018466253,80.37046220301909,82.53801290825064
,Xavier Delgado,OL,2024,TB,59.46488370431345,67.09482119419272,72.73280407383163,59.210061243027326,55.03060546854641,56.04338273206554,80.61627512889936,82.96306225255765
,Avery Jones,OL,2024,TB,59.46488370431345,67.09482119419249,72.73280407383163,59.21006124302721,55.0306054685463,56.043382732065425,80.61627512889936,82.96306225255759
,Eric Miller,OL,2024,CIN,59.12485074308478,66.73456438438825,72.01056249717976,59.319622915652985,54.753601195367935,56.54005672561232,80.07761475903453,82.92662511786963
,Brian Dooley,OL,2024,TEN,58.9648352319183,66.5650317680097,71.67068410816864,59.37118134982961,54.62324624328431,56.77378566375171,79.82412752615892,82.90947823095777
,Willis Patrick,OL,2024,LAC,59.02484104860568,66.62860649915183,71.7981385040489,59.351846937013306,54.672129350315856,56.68613731194921,79.91918523848744,82.91590831354978
,David Nwaogwugwu,OL,2024,WAS,59.64841696428131,67.10038833211502,72.18703014377888,59.127434175781445,55.22743516137115,56.48730047161007,80.34310779046973,83.1487949139111
,Zuri Henry,OL,2024,NE,59.104848804188705,66.71337280734065,71.96807769855468,59.326067719924936,54.73730682635795,56.56927284287974,80.04592885492684,82.9244817570058
,Charles Turner III,OL,2024,NE,59.428395636427425,66.86728098459412,71.71969735888615,59.19832702277415,55.0481971022553,56.808677761552076,79.99456284526332,83.12521794440727
,Briason Mays,OL,2024,SF,59.0448429875014,66.64979807619852,71.84062330267489,59.34540213274124,54.68842371932607,56.656921194681786,79.95087114259604,82.91805167441379
,Ryan Johnson,OL,2024,TB,59.46488370431345,67.09482119419249,72.73280407383163,59.21006124302721,55.030605468546526,56.043382732065425,80.61627512889936,82.96306225255759
,Oliver Jervis,OL,2024,DEN,59.00483910970978,66.60741492210468,71.7556537054229,59.358291741285825,54.655834981305645,56.71535342921629,79.88749933437884,82.91376495268565
ANDREWTHOMAS_19990122,Andrew Thomas,OL,2024,NYG,89.0,69.0,66.0,64.0,58.0,86.0,78.0,90.0
MIKEONWENU_19971210,Mike Onwenu,OL,2024,NE,82.0,66.0,55.0,56.0,48.0,86.0,65.0,91.0
AMARIUSMIMS_20021014,Amarius Mims,OL,2024,CIN,78.0,70.0,73.0,70.0,65.0,72.0,65.0,91.0
JCLATHAM_20010713,JC Latham,OL,2024,TEN,78.0,63.0,64.0,60.0,50.0,67.0,68.0,94.0
OLUFASHANU_20021209,Olumuyiwa Fashanu,OL,2024,NYJ,78.0,69.0,74.0,64.0,57.0,75.0,78.0,88.0
TALIESEFUAGA_20020405,Taliese Fuaga,OL,2024,NO,77.0,68.0,73.0,63.0,50.0,63.0,78.0,93.0
TROYFAUTANU_20001011,Troy Fautanu,OL,2024,PIT,77.0,72.0,79.0,70.0,57.0,78.0,79.0,87.0
DAWANDJONES_20010806,Dawand Jones,OL,2024,CLE,76.0,61.0,65.0,42.0,40.0,75.0,70.0,95.0
ISAIAHWYNN_19951209,Isaiah Wynn,OL,2024,MIA,76.0,72.0,66.0,70.0,51.0,81.0,59.0,87.0
LAKENTOMLINSON_19920209,Laken Tomlinson,OL,2024,SEA,76.0,71.0,69.0,57.0,49.0,88.0,77.0,86.0
JACKSONPOWERS-JOHNSON_20030123,Jackson Powers-Johnson,OL,2024,LV,75.0,70.0,75.0,69.0,57.0,75.0,78.0,88.0
GRAHAMBARTON_20020601,Graham Barton,OL,2024,TB,74.0,74.0,82.0,73.0,62.0,74.0,72.0,86.0
JONFELICIANO_19920210,Jon Feliciano,OL,2024,SF,74.0,72.0,58.0,64.0,53.0,83.0,67.0,85.0
JORDANMORGAN_20010804,Jordan Morgan,OL,2024,GB,74.0,71.0,80.0,62.0,56.0,77.0,70.0,87.0
TYLERGUYTON_20020611,Tyler Guyton,OL,2024,DAL,74.0,67.0,75.0,71.0,59.0,76.0,83.0,85.0
JOETIPPMANN_20010324,Joe Tippmann,OL,2024,NYJ,73.0,73.0,81.0,65.0,57.0,77.0,72.0,89.0
KINGSLEYSUAMATAIA_20030118,Kingsley Suamataia,OL,2024,KC,73.0,71.0,76.0,67.0,52.0,71.0,70.0,89.0
PATRICKPAUL_20011101,Patrick Paul,OL,2024,MIA,73.0,68.0,73.0,63.0,57.0,70.0,72.0,90.0
SIDYSOW_19980608,Sidy Sow,OL,2024,NE,73.0,70.0,68.0,63.0,54.0,73.0,78.0,87.0
ZACHFRAZIER_20010829,Zach Frazier,OL,2024,PIT,73.0,64.0,69.0,56.0,54.0,78.0,71.0,88.0
ANTHONYBRADFORD_20010428,Anthony Bradford,OL,2024,SEA,72.0,70.0,84.0,56.0,52.0,70.0,74.0,92.0
BLAKEFISHER_20030325,Blake Fisher,OL,2024,HOU,72.0,66.0,69.0,59.0,56.0,70.0,70.0,83.0
DILLONRADUNZ_19980328,Dillon Radunz,OL,2024,TEN,72.0,67.0,74.0,74.0,56.0,81.0,78.0,84.0
PATRICKMEKARI_19970813,Patrick Mekari,OL,2024,BAL,72.0,73.0,69.0,59.0,51.0,86.0,67.0,84.0
ROGERROSENGARTEN_20020603,Roger Rosengarten,OL,2024,BAL,71.0,75.0,77.0,69.0,61.0,69.0,74.0,80.0
AARONSTINNIE_19940218,Aaron Stinnie,OL,2024,NYG,70.0,71.0,63.0,61.0,50.0,86.0,68.0,83.0
CAMJURGENS_19990821,Cam Jurgens,OL,2024,PHI,70.0,75.0,79.0,74.0,60.0,75.0,81.0,83.0
CHUMAEDOGA_19970525,Chuma Edoga,OL,2024,DAL,70.0,71.0,68.0,67.0,55.0,77.0,63.0,84.0
TYLERSHATLEY_19910505,Tyler Shatley,OL,2024,JAX,69.0,66.0,69.0,51.0,45.0,84.0,74.0,90.0
SAAHDIQCHARLES_19990726,Saahdiq Charles,OL,2024,TEN,67.0,71.0,63.0,70.0,54.0,78.0,68.0,85.0
MICHAELDEITER_19960903,Michael Deiter,OL,2024,WAS,66.0,69.0,67.0,56.0,52.0,78.0,70.0,86.0
LARRYBOROM_19990330,Larry Borom,OL,2024,CHI,65.0,67.0,69.0,51.0,39.0,78.0,76.0,83.0
WILLCLAPP_19960919,Will Clapp,OL,2024,BUF,65.0,72.0,64.0,54.0,48.0,78.0,72.0,80.0
CAMROBINSON_19951009,Cam Robinson,OL,2024,MIN,75.42697769435826,67.22728741976562,71.60249883899814,60.76350746879325,50.514267512353626,85.63047079262321,66.38020582425179,89.82074892349678
ELIJAHWILKINSON_19950210,Elijah Wilkinson,OL,2024,ATL,67.03954223358514,66.72249727943017,71.10332187243239,59.222673417343344,50.88963834310698,78.7990531505601,70.75650217199745,85.27519366862555
GERONCHRISTIANSR_19960910,Geron Christian,OL,2024,LAR,71.94289922738749,64.54328584712061,71.73428695446682,61.17719474686976,51.599091416390365,83.79037572745983,73.1255942459411,84.87355716329796
JOHNMICHAELSCHMITZJR_19990319,John Michael Schmitz,OL,2024,NYG,68.95785506227769,64.43983565704639,73.13722963121063,62.928305057408124,54.37445155605042,76.88517441603574,76.71871028811802,85.63208230290684
NICKGATES_19951127,Nick Gates,OL,2024,PHI,65.0532515351276,59.27022789156399,67.73812671602582,56.369914813897594,49.49562301739206,77.08008799899449,64.71328882200532,82.14811441719141
KOLTONMILLER_19951009,Kolton Miller,OL,2024,LV,87.0,74.0,80.0,72.0,57.0,92.0,77.0,88.0
BRADENSMITH_19960325,Braden Smith,OL,2024,IND,85.0,68.0,70.0,59.0,53.0,92.0,81.0,92.0
ROBERTHUNT_19960825,Robert Hunt,OL,2024,CAR,83.0,67.0,59.0,61.0,52.0,87.0,68.0,89.0
TEVENJENKINS_19980303,Teven Jenkins,OL,2024,CHI,81.0,72.0,73.0,61.0,51.0,85.0,79.0,91.0
BRAXTONJONES_19990327,Braxton Jones,OL,2024,CHI,78.0,73.0,81.0,65.0,56.0,83.0,68.0,88.0
PETERSKORONSKI_20010731,Peter Skoronski,OL,2024,TEN,78.0,67.0,80.0,58.0,59.0,78.0,83.0,88.0
DAVIDANDREWS_19920710,David Andrews,OL,2024,NE,77.0,69.0,73.0,54.0,51.0,91.0,74.0,85.0
DREWDALMAN_19981015,Drew Dalman,OL,2024,ATL,77.0,71.0,76.0,69.0,54.0,85.0,80.0,87.0
ETHANPOCIC_19950805,Ethan Pocic,OL,2024,CLE,77.0,72.0,65.0,56.0,51.0,85.0,68.0,88.0
JONAHJACKSON_19970205,Jonah Jackson,OL,2024,LAR,77.0,69.0,66.0,57.0,47.0,91.0,66.0,86.0
JAMESDANIELS_19970913,James Daniels,OL,2024,PIT,76.0,66.0,67.0,72.0,58.0,88.0,75.0,84.0
DALTONRISNER_19950713,Dalton Risner,OL,2024,MIN,75.0,70.0,64.0,61.0,59.0,85.0,71.0,86.0
JERMAINEELUEMUNOR_19941213,Jermaine Eluemunor,OL,2024,NYG,75.0,69.0,63.0,57.0,48.0,80.0,71.0,92.0
NATEDAVIS_19960923,Nate Davis,OL,2024,CHI,75.0,68.0,64.0,61.0,52.0,84.0,66.0,90.0
DANIELBRUNSKILL_19940127,Daniel Brunskill,OL,2024,TEN,74.0,72.0,65.0,60.0,52.0,81.0,71.0,81.0
BRODERICKJONES_20010516,Broderick Jones,OL,2024,PIT,73.0,73.0,83.0,76.0,59.0,75.0,74.0,86.0
ANDRUSPEAT_19931104,Andrus Peat,OL,2024,LV,72.0,68.0,64.0,59.0,52.0,82.0,76.0,87.0
BRADLEYBOZEMAN_19941124,Bradley Bozeman,OL,2024,LAC,71.0,72.0,57.0,53.0,37.0,81.0,62.0,85.0
WALKERLITTLE_19990401,Walker Little,OL,2024,JAX,71.0,62.0,68.0,69.0,58.0,80.0,73.0,85.0
ANDREDILLARD_19951003,Andre Dillard,OL,2024,GB,69.0,73.0,79.0,70.0,54.0,79.0,72.0,86.0
BENBREDESON_19980220,Ben Bredeson,OL,2024,TB,67.0,71.0,61.0,53.0,51.0,78.0,65.0,86.0
BLAKEFREELAND_20010503,Blake Freeland,OL,2024,IND,65.0,73.0,81.0,72.0,55.0,66.0,87.0,83.0
STONEFORSYTHE_19971229,Stone Forsythe,OL,2024,SEA,61.0,68.0,68.0,67.0,50.0,71.0,69.0,87.0
CONNORWILLIAMS_19970512,Connor Williams,OL,2024,SEA,74.25426056726337,72.53304542701653,76.11477463156541,65.48475727558537,56.87539558988692,81.57950179764828,87.27582195465357,85.23427580770743
JOSEPHNOTEBOOM_19950619,Joe Noteboom,OL,2024,LAR,77.85385079652536,72.95622176357006,76.49844512317839,63.80256086539498,58.184845954715,89.5077467280023,76.86459075884295,87.2504327749364
LESTERCOTTONSR_o_line,Lester Cotton,OL,2024,NE,70.23181584946536,65.72210434494559,70.76602007167321,58.749022029952926,51.521537883378414,81.72500230881553,76.76294579823389,86.4246298845514
MEKHIBECTON_19990418,Mekhi Becton,OL,2024,PHI,75.91979818598782,68.90783207962704,75.4925766337152,63.46204900932048,55.83054854173611,81.58158700146362,87.10439752180991,91.27358282137783
THAYERMUNFORDJR_19990918,Thayer Munford Jr.,OL,2024,LV,66.02992194600915,64.88806669477322,73.87325906959552,59.39553913980683,56.41126624653839,75.74068562015873,81.44941302181087,83.1315232795439
RYANRAMCZYK_19940422,Ryan Ramczyk,OL,2024,NO,87.0,68.0,58.0,67.0,54.0,93.0,76.0,90.0
KEVINDOTSON_19960918,Kevin Dotson,OL,2024,LAR,84.0,71.0,70.0,60.0,52.0,85.0,78.0,90.0
TAYLORMOTON_19940818,Taylor Moton,OL,2024,CAR,84.0,66.0,65.0,62.0,56.0,96.0,75.0,88.0
ISAACSEUMALO_19931029,Isaac Seumalo,OL,2024,PIT,81.0,70.0,73.0,67.0,54.0,86.0,66.0,84.0
KALEBMCGARY_19950222,Kaleb McGary,OL,2024,ATL,81.0,73.0,75.0,62.0,52.0,95.0,81.0,87.0
ANDREJAMES_19970502,Andre James,OL,2024,LV,80.0,67.0,69.0,57.0,51.0,88.0,72.0,83.0
IKEMEKWONU_20001031,Ikem Ekwonu,OL,2024,CAR,79.0,75.0,78.0,57.0,56.0,78.0,72.0,92.0
ANDREWWYLIE_19940819,Andrew Wylie,OL,2024,WAS,78.0,69.0,72.0,66.0,54.0,89.0,82.0,85.0
GARRETTBRADBURY_19950620,Garrett Bradbury,OL,2024,MIN,76.0,74.0,79.0,69.0,59.0,85.0,76.0,90.0
CODYWHITEHAIR_19920711,Cody Whitehair,OL,2024,LV,75.0,69.0,72.0,70.0,54.0,86.0,65.0,84.0
ZIONJOHNSON_19991118,Zion Johnson,OL,2024,LAC,74.0,66.0,76.0,71.0,58.0,77.0,78.0,90.0
AARONBREWER_19971028,Aaron Brewer,OL,2024,MIA,73.0,75.0,64.0,63.0,55.0,82.0,72.0,79.0
MATTHEWBERGERON_20000226,Matthew Bergeron,OL,2024,ATL,73.0,63.0,75.0,71.0,59.0,74.0,75.0,89.0
EDINGRAM_19990211,Ed Ingram,OL,2024,MIN,72.0,72.0,82.0,55.0,50.0,75.0,55.0,87.0
JONAHWILLIAMS_19971117,Jonah Williams,OL,2024,ARI,72.0,70.0,72.0,66.0,55.0,87.0,70.0,85.0
KENDALLLAMM_19920605,Kendall Lamm,OL,2024,MIA,69.0,68.0,55.0,68.0,52.0,77.0,66.0,80.0
SPENCERBURFORD_20000719,Spencer Burford,OL,2024,SF,68.0,66.0,75.0,65.0,56.0,76.0,72.0,86.0
GREGVANROTEN_19900226,Greg Van Roten,OL,2024,NYG,75.60701977901044,65.96042810247059,69.35926428764787,60.71733194050671,48.269366770174884,92.07029345759128,64.58531443658103,83.60883309403278
JAMESHURST_19911217,James Hurst,OL,2024,NO,74.86949080826929,55.592902116121195,62.514271249101284,56.45466744596479,47.36164835721479,90.78117153798479,65.41229684680457,85.66509087509016
CHRISTIANDARRISAW_19990602,Christian Darrisaw,OL,2024,MIN,91.0,70.0,72.0,67.0,54.0,92.0,70.0,92.0
TREYSMITH_19990616,Trey Smith,OL,2024,KC,90.0,69.0,75.0,69.0,52.0,88.0,76.0,95.0
JOELBITONIO_19911011,Joel Bitonio,OL,2024,CLE,87.0,74.0,73.0,71.0,54.0,92.0,78.0,88.0
QUINNMEINERZ_19981115,Quinn Meinerz,OL,2024,DEN,87.0,73.0,77.0,66.0,55.0,87.0,78.0,93.0
WYATTTELLER_19941121,Wyatt Teller,OL,2024,CLE,86.0,72.0,66.0,67.0,52.0,91.0,72.0,93.0
BRIANO'NEILL_19950915,Brian O'Neill,OL,2024,MIN,85.0,77.0,77.0,76.0,58.0,93.0,73.0,86.0
JAKEMATTHEWS_19920211,Jake Matthews,OL,2024,ATL,84.0,71.0,73.0,68.0,56.0,90.0,75.0,86.0
RYANKELLY_19930530,Ryan Kelly,OL,2024,IND,84.0,70.0,71.0,67.0,58.0,97.0,74.0,85.0
ROBHAVENSTEIN_19920513,Rob Havenstein,OL,2024,LAR,83.0,69.0,64.0,54.0,48.0,93.0,71.0,86.0
BERNHARDRAIMANN_19970923,Bernhard Raimann,OL,2024,IND,82.0,71.0,80.0,72.0,60.0,84.0,75.0,91.0
SHAQMASON_19930828,Shaq Mason,OL,2024,HOU,82.0,72.0,71.0,64.0,55.0,87.0,78.0,87.0
MIKEMCGLINCHEY_19950112,Mike McGlinchey,OL,2024,DEN,80.0,71.0,68.0,68.0,50.0,86.0,71.0,88.0
CHARLESCROSS_20001125,Charles Cross,OL,2024,SEA,79.0,74.0,75.0,55.0,60.0,83.0,75.0,84.0
GRAHAMGLASGOW_19920819,Graham Glasgow,OL,2024,DET,79.0,65.0,68.0,63.0,53.0,87.0,64.0,87.0
TEDKARRAS_19930315,Ted Karras,OL,2024,CIN,79.0,70.0,62.0,53.0,43.0,87.0,67.0,86.0
ALEXCAPPA_19950127,Alex Cappa,OL,2024,CIN,78.0,69.0,63.0,59.0,52.0,88.0,67.0,85.0
LLOYDCUSHENBERRYIII_19971122,Lloyd Cushenberry III,OL,2024,TEN,78.0,72.0,67.0,57.0,51.0,85.0,61.0,85.0
DAMIENLEWIS_19970321,Damien Lewis,OL,2024,CAR,76.0,69.0,66.0,56.0,48.0,84.0,74.0,89.0
WILLFRIES_19980404,Will Fries,OL,2024,IND,76.0,60.0,69.0,60.0,65.0,80.0,76.0,87.0
BENPOWERS_19961029,Ben Powers,OL,2024,DEN,75.0,71.0,70.0,61.0,48.0,84.0,72.0,82.0
GEORGEFANT_19920719,George Fant,OL,2024,SEA,75.0,76.0,72.0,75.0,57.0,85.0,88.0,83.0
STEVEAVILA_19991016,Steve Avila,OL,2024,LAR,75.0,65.0,71.0,56.0,56.0,80.0,73.0,88.0
CESARRUIZ_19990614,Cesar Ruiz,OL,2024,NO,74.0,72.0,74.0,55.0,56.0,84.0,80.0,87.0
AARONBANKS_19970903,Aaron Banks,OL,2024,SF,72.0,61.0,59.0,60.0,51.0,80.0,76.0,86.0
CORDELLVOLSON_19980720,Cordell Volson,OL,2024,CIN,72.0,63.0,70.0,56.0,52.0,79.0,78.0,85.0
COLEMANSHELTON_19950728,Coleman Shelton,OL,2024,CHI,71.0,73.0,71.0,65.0,57.0,80.0,69.0,83.0
EVANBROWN_19960916,Evan Brown,OL,2024,ARI,71.0,69.0,66.0,54.0,52.0,83.0,86.0,90.0
JAMAREESALYER_20000713,Jamaree Salyer,OL,2024,LAC,69.0,63.0,68.0,59.0,55.0,75.0,62.0,88.0
CODYMAUCH_19990115,Cody Mauch,OL,2024,TB,68.0,70.0,77.0,73.0,62.0,70.0,72.0,87.0
LUCASPATRICK_19930730,Lucas Patrick,OL,2024,NO,68.0,70.0,82.0,60.0,51.0,80.0,72.0,84.0
ROBERTHAINSEY_19980812,Robert Hainsey,OL,2024,TB,67.0,64.0,70.0,64.0,49.0,80.0,69.0,87.0
LIAMEICHENBERG_19980119,Liam Eichenberg,OL,2024,MIA,66.0,68.0,70.0,66.0,52.0,77.0,67.0,85.0
D.J.HUMPHRIES_19931228,D.J. Humphries,OL,2024,KC,79.75202729497846,68.64558783199072,73.78243405848002,64.16905138705852,53.16841215037334,91.82860401368663,71.30094577426007,87.02115454093952
DANMOOREJR_o_line,Dan Moore Jr.,OL,2024,PIT,74.86582865556858,69.55365738945352,74.52492390649809,64.01418456088777,56.37719333653013,82.28467376417183,80.99691763017381,86.27112722440923
TRENTWILLIAMS_19880719,Trent Williams,OL,2024,SF,99.0,77.0,75.0,72.0,57.0,99.0,83.0,98.0
ZACKMARTIN_19901120,Zack Martin,OL,2024,DAL,97.0,72.0,74.0,63.0,59.0,98.0,70.0,96.0
PENEISEWELL_20001009,Penei Sewell,OL,2024,DET,96.0,69.0,73.0,60.0,58.0,97.0,70.0,97.0
LANEJOHNSON_19900508,Lane Johnson,OL,2024,PHI,95.0,77.0,79.0,75.0,59.0,95.0,82.0,89.0
TYRONSMITH_19901212,Tyron Smith,OL,2024,NYJ,95.0,73.0,75.0,74.0,54.0,93.0,72.0,91.0
CHRISLINDSTROM_19970228,Chris Lindstrom,OL,2024,ATL,94.0,77.0,81.0,69.0,58.0,98.0,75.0,92.0
LAREMYTUNSIL_19940802,Laremy Tunsil,OL,2024,HOU,94.0,70.0,67.0,67.0,52.0,94.0,71.0,92.0
TRISTANWIRFS_19990124,Tristan Wirfs,OL,2024,TB,94.0,77.0,78.0,64.0,58.0,95.0,87.0,91.0
FRANKRAGNOW_19960517,Frank Ragnow,OL,2024,DET,93.0,74.0,76.0,58.0,55.0,96.0,80.0,92.0
CREEDHUMPHREY_19980628,Creed Humphrey,OL,2024,KC,92.0,69.0,79.0,67.0,58.0,95.0,80.0,90.0
TERRONARMSTEAD_19910723,Terron Armstead,OL,2024,MIA,92.0,77.0,75.0,67.0,57.0,92.0,83.0,89.0
JOETHUNEY_19921118,Joe Thuney,OL,2024,KC,91.0,74.0,77.0,68.0,57.0,94.0,71.0,88.0
RASHAWNSLATER_19990326,Rashawn Slater,OL,2024,LAC,90.0,75.0,82.0,68.0,59.0,87.0,80.0,91.0
JORDANMAILATA_19970331,Jordan Mailata,OL,2024,PHI,89.0,74.0,66.0,69.0,57.0,91.0,75.0,89.0
QUENTONNELSON_19960319,Quenton Nelson,OL,2024,IND,89.0,71.0,68.0,68.0,58.0,97.0,67.0,95.0
RONNIESTANLEY_19940318,Ronnie Stanley,OL,2024,BAL,88.0,71.0,68.0,69.0,56.0,94.0,71.0,90.0
SAMCOSMI_19990216,Sam Cosmi,OL,2024,WAS,88.0,77.0,82.0,72.0,58.0,88.0,74.0,87.0
TYLERLINDERBAUM_20000407,Tyler Linderbaum,OL,2024,BAL,88.0,76.0,82.0,69.0,59.0,89.0,72.0,84.0
TYLERSMITH_20010403,Tyler Smith,OL,2024,DAL,88.0,72.0,80.0,59.0,59.0,87.0,69.0,97.0
ELGTONJENKINS_19951226,Elgton Jenkins,OL,2024,GB,86.0,73.0,72.0,63.0,54.0,93.0,70.0,89.0
ERIKMCCOY_19970827,Erik McCoy,OL,2024,NO,86.0,75.0,78.0,62.0,59.0,91.0,76.0,87.0
KEVINZEITLER_19900308,Kevin Zeitler,OL,2024,DET,86.0,74.0,68.0,57.0,52.0,95.0,72.0,91.0
TAYLORDECKER_19940823,Taylor Decker,OL,2024,DET,86.0,69.0,67.0,58.0,52.0,93.0,72.0,90.0
GARETTBOLLES_19920527,Garett Bolles,OL,2024,DEN,85.0,75.0,77.0,73.0,57.0,89.0,70.0,87.0
LANDONDICKERSON_19980930,Landon Dickerson,OL,2024,PHI,85.0,58.0,56.0,67.0,47.0,88.0,68.0,93.0
BRANDONSCHERFF_19911226,Brandon Scherff,OL,2024,JAX,84.0,72.0,70.0,71.0,58.0,90.0,78.0,90.0
DIONDAWKINS_19940426,Dion Dawkins,OL,2024,BUF,84.0,73.0,69.0,68.0,51.0,94.0,66.0,88.0
MORGANMOSES_19910303,Morgan Moses,OL,2024,NYJ,83.0,66.0,50.0,55.0,45.0,94.0,66.0,89.0
MITCHMORSE_19920421,Mitch Morse,OL,2024,JAX,81.0,70.0,63.0,63.0,56.0,89.0,76.0,92.0
ORLANDOBROWNJR_19960502,Orlando Brown,OL,2024,CIN,80.0,60.0,58.0,58.0,42.0,90.0,53.0,94.0
WILLHERNANDEZ_19950902,Will Hernandez,OL,2024,ARI,80.0,68.0,70.0,61.0,53.0,81.0,68.0,94.0
ZACHTOM_19990326,Zach Tom,OL,2024,GB,80.0,74.0,84.0,73.0,60.0,82.0,80.0,80.0
JOEALT_20030228,Joe Alt,OL,2024,LAC,79.0,71.0,77.0,72.0,63.0,80.0,70.0,89.0
LUKEGOEDEKE_19981121,Luke Goedeke,OL,2024,TB,79.0,63.0,67.0,64.0,57.0,84.0,76.0,88.0
SPENCERBROWN_19980228,Spencer Brown,OL,2024,BUF,78.0,74.0,81.0,76.0,57.0,80.0,77.0,91.0
DARNELLWRIGHT_20010810,Darnell Wright,OL,2024,CHI,77.0,72.0,75.0,56.0,51.0,79.0,72.0,94.0
RASHEEDWALKER_20000213,Rasheed Walker,OL,2024,GB,76.0,64.0,73.0,62.0,57.0,79.0,69.0,86.0
TYLERBIADASZ_19971120,Tyler Biadasz,OL,2024,WAS,76.0,74.0,65.0,63.0,55.0,85.0,72.0,85.0
ANTONHARRISON_20020202,Anton Harrison,OL,2024,JAX,75.0,73.0,79.0,62.0,53.0,77.0,71.0,82.0
TERENCESTEELE_19970604,Terence Steele,OL,2024,DAL,75.0,74.0,76.0,56.0,46.0,79.0,69.0,88.0
,Jon Runyan,OL,2024,NYG,75.0,72.0,71.0,65.0,58.0,84.0,75.0,87.0
AUSTINJACKSON_19990811,Austin Jackson,OL,2024,MIA,74.0,72.0,77.0,65.0,55.0,82.0,76.0,84.0
JAKEBRENDEL_19920910,Jake Brendel,OL,2024,SF,74.0,70.0,74.0,69.0,62.0,84.0,70.0,84.0
HJALTEFROHOLDT_19960820,Hjalte Froholdt,OL,2024,ARI,73.0,71.0,67.0,67.0,55.0,81.0,69.0,91.0
JAWAANTAYLOR_19971125,Jawaan Taylor,OL,2024,KC,73.0,68.0,61.0,64.0,52.0,78.0,72.0,87.0
COLTONMCKIVITZ_19960809,Colton McKivitz,OL,2024,SF,72.0,72.0,69.0,55.0,49.0,80.0,66.0,84.0
JOHNSIMPSON_19970819,John Simpson,OL,2024,NYJ,72.0,71.0,68.0,51.0,50.0,78.0,74.0,92.0
JOSHMYERS_19980716,Josh Myers,OL,2024,GB,72.0,62.0,58.0,60.0,49.0,84.0,68.0,89.0
LUKEFORTNER_19980515,Luke Fortner,OL,2024,JAX,69.0,65.0,73.0,60.0,49.0,79.0,72.0,87.0
O'CYRUSTORRENCE_20000120,O'Cyrus Torrence,OL,2024,BUF,69.0,61.0,68.0,50.0,51.0,67.0,61.0,91.0
AJJACKSON_19980714,Alaric Jackson,OL,2024,LAR,74.48875499484583,64.97501265561846,67.6648395588577,58.30183201508129,50.22444243514019,80.67895351925506,73.7679739362311,89.40900607010559
JASONKELCE_19871105,Jason Kelce,OL,2024,PHI,89.09359352943036,72.94192567560913,74.9748629373189,68.12608578285001,57.59661881559009,102.3031469443265,64.04751029218824,85.97360007948171
PARISJOHNSONJR._20010703,Paris Johnson Jr.,OL,2024,ARI,76.54410203705447,71.73634788092909,76.76431122627218,67.50386569052127,58.569327485108715,81.99071759630397,87.70287380012269,86.99444259244187
TREYPIPKINSIII_19960905,Trey Pipkins,OL,2024,LAC,77.10981607856735,71.70423156261108,75.71058130873416,68.09778466905539,55.468933049052794,87.26982210083702,83.74439932255109,84.54266825345127
DEVINDUVERNAY_19970912,Devin Duvernay,WR,2024,JAX,75.0,94.0,92.0,87.0,84.0,73.0,84.0,68.0
STERLINGSHEPARD_19930210,Sterling Shepard,WR,2024,TB,74.0,87.0,91.0,89.0,86.0,73.0,90.0,68.0
CHASECLAYPOOL_19980707,Chase Claypool,WR,2024,BUF,72.0,91.0,89.0,78.0,74.0,62.0,93.0,72.0
JUSTYNROSS_19991215,Justyn Ross,WR,2024,KC,72.0,85.0,85.0,82.0,80.0,73.0,90.0,64.0
ZACHPASCAL_19941218,Zach Pascal,WR,2024,ARI,72.0,90.0,91.0,83.0,81.0,74.0,86.0,72.0
DEANDRECARTER_19930410,DeAndre Carter,WR,2024,CHI,71.0,89.0,92.0,92.0,90.0,68.0,87.0,60.0
TRE'QUANSMITH_19960107,Tre'Quan Smith,WR,2024,DET,70.0,88.0,89.0,84.0,77.0,65.0,89.0,66.0
COLLINJOHNSON_19970923,Collin Johnson,WR,2024,CHI,69.0,87.0,90.0,84.0,80.0,72.0,90.0,70.0
JALENNAILOR_19990302,Jalen Nailor,WR,2024,MIN,69.0,91.0,94.0,87.0,85.0,67.0,83.0,58.0
STEVENSIMS_19970331,Steven Sims,WR,2024,HOU,69.0,91.0,92.0,86.0,83.0,68.0,77.0,53.0
TYLERJOHNSON_19980825,Tyler Johnson,WR,2024,LAR,69.0,88.0,90.0,83.0,81.0,65.0,86.0,68.0
ANDYISABELLA_19961118,Andy Isabella,WR,2024,BUF,68.0,93.0,92.0,87.0,87.0,55.0,85.0,57.0
MONTRELLWASHINGTON_19990314,Montrell Washington,WR,2024,KC,68.0,91.0,90.0,88.0,87.0,56.0,85.0,54.0
SIMIFEHOKO_19971105,Simi Fehoko,WR,2024,LAC,68.0,91.0,89.0,88.0,81.0,69.0,83.0,66.0
JASONBROWNLEE_19990130,Jason Brownlee,WR,2024,NYJ,67.0,86.0,92.0,86.0,81.0,55.0,93.0,64.0
JUWANNWINFREE_19960904,Juwann Winfree,WR,2024,IND,67.0,90.0,87.0,84.0,83.0,66.0,80.0,65.0
KEITHKIRKWOOD_19941226,Keith Kirkwood,WR,2024,BAL,67.0,89.0,87.0,83.0,74.0,69.0,84.0,62.0
KRISTIANWILKERSON_19970110,Kristian Wilkerson,WR,2024,LV,67.0,88.0,92.0,91.0,88.0,65.0,91.0,60.0
ANTOINEGREEN_19991115,Antoine Green,WR,2024,DET,66.0,90.0,90.0,84.0,82.0,53.0,83.0,61.0
CODYTHOMPSON_19960111,Cody Thompson,WR,2024,TB,66.0,89.0,87.0,85.0,88.0,59.0,90.0,67.0
COLTONDOWELL_19990419,Colton Dowell,WR,2024,TEN,66.0,91.0,91.0,81.0,84.0,47.0,93.0,69.0
KAYSHONBOUTTE_20020507,Kayshon Boutte,WR,2024,NE,66.0,88.0,90.0,83.0,84.0,51.0,83.0,56.0
MALIKTAYLOR_19951221,Malik Taylor,WR,2024,NYJ,66.0,89.0,85.0,87.0,86.0,60.0,86.0,59.0
TRENTTAYLOR_19940430,Trent Taylor,WR,2024,SF,66.0,87.0,88.0,88.0,86.0,61.0,79.0,62.0
DAREKEYOUNG_19990604,Dareke Young,WR,2024,SEA,65.0,91.0,93.0,86.0,82.0,59.0,88.0,71.0
ERIKEZUKANMA_20000125,Erik Ezukanma,WR,2024,MIA,65.0,88.0,91.0,81.0,78.0,60.0,86.0,68.0
IRVINCHARLES_19970413,Irvin Charles,WR,2024,NYJ,64.0,87.0,91.0,83.0,78.0,56.0,82.0,66.0
MASONKINSEY_19980829,Mason Kinsey,WR,2024,TEN,64.0,86.0,86.0,78.0,79.0,55.0,87.0,60.0
MITCHELLTINSLEY_19990915,Mitchell Tinsley,WR,2024,WAS,64.0,86.0,89.0,91.0,87.0,58.0,85.0,60.0
TRISHTONJACKSON_19980309,Trishton Jackson,WR,2024,MIN,64.0,88.0,90.0,87.0,83.0,57.0,85.0,52.0
AUSTINTRAMMELL_19980704,Austin Trammell,WR,2024,JAX,63.0,86.0,91.0,89.0,88.0,55.0,88.0,66.0
BRITAINCOVEY_19970318,Britain Covey,WR,2024,PHI,63.0,89.0,93.0,91.0,90.0,53.0,78.0,39.0
KWAMIELASSITERII_19980121,Kwamie Lassiter II,WR,2024,CIN,63.0,88.0,88.0,79.0,85.0,47.0,81.0,57.0
MICHAELBANDY_19971205,Michael Bandy,WR,2024,DEN,63.0,86.0,89.0,87.0,85.0,55.0,78.0,49.0
MALIKCUNNINGHAM_19981006,Malik Cunningham,WR,2024,BAL,61.0,88.0,90.0,90.0,85.0,53.0,82.0,63.0
JACOBHARRIS_o_te,Jacob Harris,WR,2024,PHI,59.0,90.0,89.0,87.0,79.0,63.0,90.0,67.0
ANDREBACCELLIA_19970101,Andre Baccellia,WR,2024,ARI,64.73077964714324,89.64052412401733,90.86293926442136,85.7827241290006,85.43868088664146,63.076568273601424,84.07270773947545,53.8465032088576
BRYCEOLIVER_20000519,Bryce Oliver,WR,2024,TEN,64.06925696342643,87.65672048863985,89.03776315012743,82.75332495740736,81.41136562666884,52.8340045860125,84.26841003381617,69.80688652365131
D'WAYNEESKRIDGE_19970323,D'Wayne Eskridge,WR,2024,MIA,68.87290746342939,91.51800525040136,92.90963738106763,87.87814239439967,86.95157354643948,65.89190661425084,85.11119203299,57.55554538244314
D.J.MONTGOMERY_19961117,D.J. Montgomery,WR,2024,IND,66.41356511345799,88.25208076951824,89.09351597800605,83.853667193928,81.64373115656429,65.61625586136665,85.3901720573142,62.39673199233005
D.J.TURNERII_19970118,DJ Turner,WR,2024,LV,65.75683020810771,87.97166268785506,90.38911096900407,85.44224923612614,84.32413355633577,62.11114652540698,83.77217528833967,61.78871447543486
DAMIEREBYRD_19930127,Damiere Byrd,WR,2024,BUF,66.90477617484868,88.5578728860047,89.52062937150424,85.4206010411171,84.38610556893889,73.43680309309354,83.33874544632187,53.556829477670476
DANCHISENA_o_pass,Dan Chisena,WR,2024,CAR,65.2990135988824,88.05766357492993,88.81394944580867,83.21636849002829,80.02514768171307,63.51036961164061,85.67481901211153,63.27818128151739
DEEWILLIAMS_19991206,Dee Williams,WR,2024,NYG,63.575821662344566,89.07721379657627,90.78418584162816,85.07239542473548,85.67003434171005,52.56479663904156,83.32011341456928,61.598763189052306
DEZFITZPATRICK_19971217,Dez Fitzpatrick,WR,2024,LAC,67.83363911237058,89.56940717641399,90.23496978237569,84.37968404181811,81.20386314452281,63.626324948250726,86.20932827245599,64.63451595296885
EASOPWINSTONJR_19961217,Easop Winston,WR,2024,NYJ,65.86147274725926,88.35214209239678,89.8986537019089,84.80745738473485,83.28814779331822,63.74262307805748,84.54970241600495,60.826679288157834
ELIJAHCOOKS_19981013,Elijah Cooks,WR,2024,PHI,64.6292457768981,87.91210634430203,89.30495206867857,83.38565969676006,79.82201931815354,57.8782972075104,86.20931219446527,66.78154620821908
ISAIAHWILLIAMS_20010129,Isaiah Williams,WR,2024,CIN,64.29392692736553,87.31368463209762,89.67683805980951,85.50693646130298,86.382780408837,53.1204578615268,84.6883985896227,64.95236948010222
JAELONDARDEN_19990114,Jaelon Darden,WR,2024,SEA,68.91967855762996,91.08388435619707,92.66220621356223,89.32557812127698,90.4404143008635,64.99093087402787,84.84317784815704,54.83553202804569
JALENCOKER_20011031,Jalen Coker,WR,2024,CAR,64.99172034704321,87.24310175660261,88.06450512816653,81.23550611736533,81.25817520418036,53.693540641759,90.01766206467977,71.9887721381998
JAMESPROCHEII_19960921,James Proche,WR,2024,CLE,66.51214333999792,88.94103597339566,90.61524826059488,83.39176572572075,81.85011640716488,64.81982531453525,83.86400289213083,63.26218280726198
KAMERONJOHNSON_20020317,Kameron Johnson,WR,2024,TB,64.97557804415692,89.58260400966489,90.9227017311652,85.18416982750296,86.55604993542096,52.60846211866476,84.30683049791975,63.26544089501397
KEARISJACKSON_19991209,Kearis Jackson,WR,2024,NYG,64.84329577020256,88.33817227243642,90.3968923473279,84.89066454362074,84.55370537754243,57.64309683596707,85.11171471541809,61.340411589651694
LAQUONTREADWELL_19950614,Laquon Treadwell,WR,2024,IND,72.86779099684836,87.62806149743756,88.54492305230775,85.26372217541581,80.68172522472145,78.8896137965636,85.72168236173991,65.56264101258262
MARQUEZCALLAWAY_19980327,Marquez Callaway,WR,2024,TB,66.52395311091567,87.38401929091424,88.82568501280142,83.76822533041502,81.69577150215866,64.32448094270319,86.9766012124768,64.32288475889493
MASONTIPTON_20000927,Mason Tipton,WR,2024,NO,63.982908019163915,89.62659345044167,90.96541969968365,85.29084015199777,86.04544315159188,52.49580518708808,84.09653917052088,61.04761102692589
MIKESTRACHAN_19970813,Mike Strachan,WR,2024,WAS,66.30300299595925,87.02210946383764,88.38560739153388,82.6390792835897,77.85356402925783,63.40307361471764,86.63081044407704,70.03723296139947
MILESBOYKIN_19961012,Miles Boykin,WR,2024,SEA,70.66064458337084,90.354318546516,89.77984134093472,83.14859311577152,81.99226845303303,70.07247050910155,94.15027544462896,66.75783301797901
PHILLIPDORSETTII_19930105,Phillip Dorsett,WR,2024,ATL,73.01560291821485,91.36873766865227,91.74596004575744,88.9689294701179,86.94633553306664,80.36773132658743,87.06090518607732,55.93967006076218
RYANMILLER_20000220,Ryan Miller,WR,2024,TB,65.73885005767497,88.01735645956109,89.61705412149723,83.80326176182763,81.3118793151466,58.04823399871873,86.14062036836071,67.9768462135055
STANLEYMORGANJR_19960907,Stanley Morgan,WR,2024,TEN,66.6190948211659,86.89029919526274,88.53012789993727,84.5075895374207,82.48732981729262,66.64368639037593,85.94902097737304,63.025342728463784
TANNERCONNER_19980320,Tanner Conner,WR,2024,MIA,65.50712256317323,86.63842306688173,88.16097116944161,82.06135969774425,78.0701758617164,60.112801135019254,85.74221412184784,71.80601642262218
XAVIERWEAVER_20001012,Xavier Weaver,WR,2024,ARI,62.45075056603585,90.4555636289667,90.81264348431114,84.58503310776644,85.15416927734685,51.614645868285834,84.44195608595015,57.21138249932608
,Chris Blair,WR,2024,ATL,66.69037526308176,87.78135353740075,88.75226593128028,83.25323722085113,80.50602569295319,63.88575018380493,85.96315356872338,66.67648082768585
,Ethan Fernea,WR,2024,IND,64.3654944902207,88.7525976779445,90.35998408692879,84.83719603979034,83.20383556741075,59.49220956096883,84.70246209887245,59.94326087308923
,Johnny Johnson III,WR,2024,HOU,63.556112872716966,86.78563594628903,88.63330242289473,82.29067694539407,79.31847177600235,59.06974504105631,82.04627365352496,63.63666258199942
,Tay Martin,WR,2024,TEN,63.426555833180004,89.14215901994265,89.98364122742441,84.1328411428716,81.60383018260791,59.05137828570764,85.47973629435626,58.55314586771874
,Lucky Jackson,WR,2024,MIN,65.13951540656572,89.036284818138,90.21441698045476,85.11556172700409,83.61196639215063,63.40192987691057,84.76416434829889,57.41695721161477
,Terrell Bynum,WR,2024,LV,63.38539171371107,89.09318654110896,91.03317079433077,85.6027228899382,84.01841329195753,57.47818550498641,84.42970559368075,57.50439018659813
,Shedrick Jackson,WR,2024,CIN,64.62783840321944,89.11567566485121,90.34201959628692,84.39553992010696,82.99370338991679,57.35233199166555,85.64745419897099,62.035836448663645
,Dylan Drummond,WR,2024,ATL,64.37706115979728,89.6989918289573,91.00772696523,85.26751846014821,84.57544172229899,57.220000348756685,85.32113717766617,58.717312630028346
,Dayton Wade,WR,2024,BAL,63.62711053506729,89.47077575495132,91.4171868691389,86.02311966909403,87.19330721332904,52.6282222634527,83.05138502045145,59.25006776731266
,Marcus Riley,WR,2024,NYJ,62.24451688032613,89.49712254108542,91.08139633467744,85.44722309096272,85.6519195945047,52.27180799759162,83.06355899666067,57.397391264041744
,Julian Hicks,WR,2024,GB,63.65126913669786,88.41102232430575,89.66913671191176,83.71096901853713,82.35946819396236,52.752900997565916,84.57009917741709,65.93901666733939
,Xavier Johnson,WR,2024,HOU,63.041536437235095,87.8148699304904,89.27749599836383,83.05949781203452,81.5678700717732,52.648832707718384,83.73552194726085,66.79560068264539
,Sam Pinckney,WR,2024,CAR,63.01870898592378,88.3448638089859,88.97846221524725,82.5188851840947,80.43069054022368,52.37561763771316,85.05002225521037,66.80360671486403
,John Jiles,WR,2024,NE,64.18062425496436,87.30818814948768,88.5134098399169,82.15913673971352,79.82247456092085,52.98317241963332,84.9108991505289,72.04415492173973
,Ahmarean Brown,WR,2024,BUF,62.85652730917039,90.6490098304752,91.6480799664684,85.69963225442274,87.92566943674262,51.69754103072057,83.26460474911437,55.352311603625026
,Cam Johnson,WR,2024,DAL,63.71854238572763,87.89877396672904,89.95408087995807,84.35551889358442,83.18825243253684,53.13775800955352,83.59543789877608,65.99775219249045
,Jeff Foreman,WR,2024,LV,62.976145049390794,89.47272460823001,90.73374977123052,84.9423508106326,84.99676246382518,52.32445776261545,83.86038443789425,59.91985278215907
,Lideatrick Griffin,WR,2024,CLE,62.896840363654746,90.45632568063627,91.18135455068872,84.72935882866727,85.72869912653317,51.45175904978953,82.91714269942923,58.96205530725081
,Ramel Keyton,WR,2024,LV,63.57395176745163,89.29518939100956,90.01374928182213,83.87712060080395,83.32766967728975,52.30540602285669,84.93134707644776,63.49029681751051
,Joshua Cephus,WR,2024,JAX,63.513894885270815,89.15159068402974,89.7782223033013,83.46542420375403,82.86490641325474,52.223014092141625,84.8995669377448,64.2933691963533
,David White Jr.,WR,2024,JAX,63.08625776680486,88.36045472230253,89.04859783374468,82.66322734384141,80.5694203109926,52.43330421831308,85.06940607994522,66.70179609713762
,Tanner Knue,WR,2024,TB,63.11936179691523,89.75776741458748,91.28902896183976,85.8061485173717,86.36941405563954,52.435286262662316,83.60348951072672,58.14515584937749
,Jermaine Jackson,WR,2024,NO,63.300016501305976,90.2884642571359,92.41023266857457,87.28978389669737,89.6968253825259,52.419237733641125,82.4051756415908,54.48773152350668
,Cole Burgess,WR,2024,CIN,63.468931526776856,88.55605553141314,89.79980908233412,83.73742157785881,82.8937954066443,52.570154742129944,84.2125099476828,65.01127737653269
,Jaelen Gill,WR,2024,CLE,62.81006734762849,89.23978677027904,90.30155673263974,84.16242128534282,84.14654657565751,52.13597246336815,83.79090742701334,61.23899829536538
,Jaylen Johnson,WR,2024,LAC,63.05932645136829,88.72847570310057,89.66062066707696,83.43784326121914,82.33172359020233,52.356244610442104,84.45114674415134,64.33726442689101
,Marcus Rosemy-Jacksaint,WR,2024,PHI,64.15579024236638,89.02365075330678,89.59955869660962,84.0099651156994,82.63662056493263,52.64438419151281,84.25635824414456,64.99194763570699
,Terique Owens,WR,2024,SF,63.21068392128899,88.38168648467533,89.23802649505862,82.92014549610082,81.22464003089073,52.4658787278305,84.77802661247415,66.38052799545153
,Jeshaun Jones,WR,2024,MIN,63.043066543209875,89.10644674815913,90.22348607609047,84.2442253458309,83.71626669105223,52.361983654253436,84.16303452529854,62.09037962287755
,JaQuae Jackson,WR,2024,NE,62.808549207946356,89.31179186720661,90.32632803602016,84.30982180126028,83.91346192258459,52.22391296753301,84.12482972284664,61.01874060825605
,John Jackson,WR,2024,CHI,63.86799645782804,87.2920714326481,89.18317008326869,83.26702711392306,81.39841944400075,53.18355978156262,83.89267918297861,69.46899193771537
,Sam Wiglusz,WR,2024,LAR,62.857417122073684,88.86765087822826,90.61850960282274,85.0656866522886,84.47447906539401,52.6822888385359,83.47924478385539,60.882671100729226
,Drake Stoops,WR,2024,LAR,63.231971696283864,88.80939070761437,90.95471289779769,85.56476749906062,85.70366211076936,52.8236840235063,82.91801122823023,60.763228077452936
,Qadir Ismail,WR,2024,BAL,64.56155938296439,86.64015069021428,87.6891996900587,81.29984953645777,77.36927703470661,53.34292588669268,85.91418982884966,76.14651830736716
,Praise Olatoke,WR,2024,CAR,63.16344387313015,88.55790151841606,89.50897010247618,83.23528237491621,82.0364267851109,52.39850563359528,84.45920503220964,65.2491674691912
,Mike Williams,WR,2024,NYJ,87.0,89.0,86.0,82.0,76.0,88.0,91.0,76.0
DONOVANPEOPLES-JONES_19990219,Donovan Peoples-Jones,WR,2024,DET,76.0,88.0,90.0,85.0,82.0,68.0,94.0,68.0
ALLENLAZARD_19951211,Allen Lazard,WR,2024,NYJ,75.0,88.0,91.0,81.0,78.0,81.0,90.0,71.0
JAMISONCROWDER_19930617,Jamison Crowder,WR,2024,WAS,75.0,87.0,90.0,91.0,89.0,77.0,87.0,58.0
PARRISCAMPBELL_19970716,Parris Campbell,WR,2024,PHI,75.0,93.0,92.0,89.0,89.0,72.0,89.0,56.0
BRAXTONBERRIOS_19951006,Braxton Berrios,WR,2024,MIA,74.0,91.0,90.0,90.0,86.0,76.0,86.0,55.0
DEONTEHARTY_19971204,Deonte Harty,WR,2024,BAL,74.0,90.0,92.0,89.0,89.0,67.0,80.0,50.0
JOHNMETCHIEIII_20000718,John Metchie III,WR,2024,HOU,74.0,90.0,92.0,87.0,88.0,75.0,84.0,66.0
TREYLONBURKS_20000323,Treylon Burks,WR,2024,TEN,74.0,89.0,91.0,89.0,86.0,75.0,85.0,74.0
BOMELTON_19990518,Bo Melton,WR,2024,GB,73.0,94.0,93.0,90.0,91.0,71.0,88.0,65.0
MACKHOLLINS_19930916,Mack Hollins,WR,2024,BUF,73.0,91.0,89.0,83.0,74.0,76.0,85.0,73.0
OLAMIDEZACCHEAUS_19970723,Olamide Zaccheaus,WR,2024,WAS,73.0,91.0,90.0,85.0,86.0,75.0,85.0,54.0
DYAMIBROWN_19991101,Dyami Brown,WR,2024,WAS,72.0,91.0,92.0,88.0,84.0,71.0,85.0,63.0
ISAIAHHODGINS_19981021,Isaiah Hodgins,WR,2024,NYG,72.0,88.0,89.0,85.0,87.0,72.0,86.0,60.0
KAVONTAETURPIN_19960802,KaVontae Turpin,WR,2024,DAL,72.0,94.0,94.0,92.0,90.0,69.0,89.0,48.0
KHADARELHODGE_19950103,KhaDarel Hodge,WR,2024,ATL,72.0,90.0,89.0,84.0,80.0,76.0,88.0,58.0
QUEZWATKINS_19980609,Quez Watkins,WR,2024,PIT,72.0,96.0,94.0,86.0,83.0,68.0,87.0,41.0
SKYYMOORE_20000910,Skyy Moore,WR,2024,KC,72.0,89.0,95.0,86.0,89.0,68.0,86.0,69.0
TYLERSCOTT_20011012,Tyler Scott,WR,2024,CHI,72.0,92.0,93.0,84.0,87.0,74.0,91.0,53.0
DAVIDMOORE_19950115,David Moore,WR,2024,CAR,71.0,89.0,87.0,83.0,76.0,76.0,86.0,75.0
SCOTTYMILLER_19970731,Scott Miller,WR,2024,PIT,71.0,94.0,92.0,85.0,90.0,65.0,82.0,54.0
VANJEFFERSON_19960726,Van Jefferson,WR,2024,PIT,71.0,90.0,93.0,85.0,81.0,69.0,85.0,59.0
CHARLIEJONES_19981029,Charlie Jones,WR,2024,CIN,70.0,90.0,89.0,88.0,89.0,62.0,87.0,56.0
PARKERWASHINGTON_20020321,Parker Washington,WR,2024,JAX,70.0,89.0,91.0,87.0,87.0,57.0,89.0,66.0
RIVERCRACRAFT_19941101,River Cracraft,WR,2024,MIA,70.0,88.0,88.0,87.0,80.0,72.0,85.0,52.0
TYQUANTHORNTON_20000807,Tyquan Thornton,WR,2024,NE,70.0,96.0,91.0,82.0,84.0,69.0,89.0,55.0
AINIASSMITH_20010531,Ainias Smith,WR,2024,PHI,69.0,87.0,91.0,89.0,87.0,49.0,85.0,60.0
ANTHONYGOULD_20010406,Anthony Gould,WR,2024,IND,69.0,94.0,95.0,86.0,89.0,58.0,89.0,47.0
BUBMEANS_20000303,Bub Means,WR,2024,NO,69.0,91.0,92.0,81.0,80.0,66.0,90.0,67.0
CEDRICTILLMAN_20000419,Cedric Tillman,WR,2024,CLE,69.0,88.0,90.0,79.0,77.0,71.0,88.0,70.0
DAVIDBELL_20001214,David Bell,WR,2024,CLE,69.0,86.0,90.0,79.0,76.0,76.0,85.0,68.0
DERIUSDAVIS_20000911,Derius Davis,WR,2024,LAC,69.0,94.0,94.0,82.0,83.0,58.0,77.0,59.0
EQUANIMEOUSST.BROWN_19960930,Equanimeous St. Brown,WR,2024,NO,69.0,90.0,91.0,86.0,81.0,67.0,83.0,67.0
JALENGUYTON_19970607,Jalen Guyton,WR,2024,LV,69.0,91.0,90.0,85.0,87.0,70.0,87.0,61.0
JAMARITHRASH_20001219,Jamari Thrash,WR,2024,CLE,69.0,90.0,93.0,84.0,84.0,62.0,84.0,56.0
MALIKWASHINGTON_20001020,Malik Washington,WR,2024,MIA,69.0,90.0,92.0,88.0,86.0,58.0,87.0,59.0
RONNIEBELL_20000128,Ronnie Bell,WR,2024,SF,69.0,88.0,90.0,90.0,90.0,62.0,91.0,58.0
TYLANWALLACE_19990513,Tylan Wallace,WR,2024,BAL,69.0,89.0,92.0,90.0,86.0,70.0,88.0,64.0
ANDREIIOSIVAS_19991015,Andrei Iosivas,WR,2024,CIN,68.0,92.0,91.0,89.0,87.0,62.0,90.0,63.0
BRENDENRICE_20020318,Brenden Rice,WR,2024,LAC,68.0,89.0,90.0,84.0,78.0,60.0,87.0,61.0
CHRISCONLEY_19921025,Chris Conley,WR,2024,SF,68.0,89.0,90.0,81.0,77.0,63.0,90.0,69.0
JAKEBOBO_19980804,Jake Bobo,WR,2024,SEA,68.0,78.0,79.0,80.0,77.0,73.0,88.0,62.0
JHA'QUANJACKSON_20000515,Jha'Quan Jackson,WR,2024,TEN,68.0,92.0,92.0,85.0,85.0,65.0,81.0,54.0
JOHNNYWILSON_20010403,Johnny Wilson,WR,2024,PHI,68.0,88.0,90.0,82.0,84.0,71.0,92.0,70.0
JORDANWHITTINGTON_20001001,Jordan Whittington,WR,2024,LAR,68.0,89.0,90.0,90.0,87.0,61.0,86.0,64.0
TAHJWASHINGTON_20010516,Tahj Washington,WR,2024,MIA,68.0,88.0,87.0,89.0,88.0,48.0,83.0,53.0
GUNNEROLSZEWSKI_19961126,Gunner Olszewski,WR,2024,NYG,67.0,89.0,90.0,87.0,81.0,75.0,86.0,56.0
RYANFLOURNOY_19991027,Ryan Flournoy,WR,2024,DAL,67.0,90.0,91.0,81.0,79.0,74.0,89.0,62.0
XAVIERHUTCHINSON_20000601,Xavier Hutchinson,WR,2024,HOU,67.0,88.0,89.0,86.0,83.0,65.0,86.0,62.0
CASEYWASHINGTON_20010306,Casey Washington,WR,2024,ATL,66.0,90.0,90.0,79.0,82.0,68.0,91.0,60.0
DEVAUGHNVELE_19971212,Devaughn Vele,WR,2024,DEN,66.0,90.0,90.0,83.0,80.0,73.0,86.0,58.0
JALENBROOKS_20000507,Jalen Brooks,WR,2024,DAL,66.0,88.0,90.0,80.0,81.0,69.0,84.0,61.0
LIL'JORDANHUMPHREY_19980419,Lil'Jordan Humphrey,WR,2024,DEN,66.0,84.0,84.0,79.0,79.0,69.0,83.0,67.0
MALIKHEATH_20000303,Malik Heath,WR,2024,GB,66.0,87.0,91.0,85.0,79.0,66.0,84.0,64.0
RAKIMJARRETT_20010124,Rakim Jarrett,WR,2024,TB,66.0,91.0,90.0,86.0,83.0,64.0,83.0,65.0
TEJHAUNPALMER_20000519,Tejhaun Palmer,WR,2024,ARI,66.0,91.0,94.0,80.0,81.0,63.0,84.0,69.0
TIMJONES_19980515,Tim Jones,WR,2024,JAX,65.0,90.0,88.0,83.0,85.0,63.0,93.0,63.0
A.T.PERRY_19991026,A.T. Perry,WR,2024,DEN,70.26239512107577,90.77256051317653,90.93384925226081,84.05417951959575,81.00228439243926,69.62672454779636,87.63715101198432,66.83145888404533
ALEXERICKSON_19921106,Alex Erickson,WR,2024,NE,71.6948350487047,89.08073226149395,90.28618841789483,86.35075902184158,82.88626192733506,79.7475719697295,85.75494449678365,59.115883864062425
ALLENROBINSON_19930824,Allen Robinson,WR,2024,DET,76.92985143360005,86.30476078789593,88.65275148406403,84.72397262989458,81.43072581223333,86.2060982764342,89.98256400352398,69.4173178109404
BENSKOWRONEK_19970627,Ben Skowronek,WR,2024,PIT,69.1520125565072,88.54056109952364,89.27406984613003,83.14130739381727,79.11908488133275,70.36909770412376,87.44840749514282,67.44805763556337
BYRONPRINGLE_19931117,Byron Pringle,WR,2024,WAS,68.9988153936759,88.34479207696785,89.64019238730464,85.02997312298331,79.86471268406461,72.5966323907669,83.08261500860146,62.137972468629414
CALVINAUSTINIII_o_pass,Calvin Austin III,WR,2024,PIT,71.44897440250173,96.14475424724594,95.5917091523948,92.39363769758896,92.49688827481646,69.2623208333091,87.59387602473566,49.83585579207261
CORNELIUSJOHNSON_20001129,Cornelius Johnson,WR,2024,GB,66.21129314164364,89.89474259287533,89.94550466818299,82.9596776755634,80.9858172682263,59.52814579126948,87.61515311745126,64.9543031692856
DEVANTEPARKER_19930120,DeVante Parker,WR,2024,PHI,76.28625893413312,89.44894559794909,90.04362084342074,84.88913758595262,79.22187979711515,83.125332684579,88.44131466511232,68.10154561556237
DEVENTHOMPKINS_o_pass,Deven Thompkins,WR,2024,CAR,67.1620099314024,92.17330966562304,93.21861197389899,90.39171823524089,91.96335147747266,64.34163575354432,83.23677874902677,48.59758549574099
IHMIRSMITH-MARSETTE_19990829,Ihmir Smith-Marsette,WR,2024,NYG,70.98945855606382,91.84408114843063,91.819919936747,87.34213945235348,86.29018205249474,71.61146946458712,86.89827865097129,57.4525345151701
ISAIAHMCKENZIE_19950409,Isaiah McKenzie,WR,2024,MIA,71.67141526435529,91.51453278262295,92.97219862858401,91.54681756922676,89.47893683939168,73.66591248807663,84.14944499477082,50.659765379232795
JALENREAGOR_19990102,Jalen Reagor,WR,2024,LAC,74.59560052827572,93.59076878045079,93.64244239254072,86.30491127089425,83.31063145845064,76.38785671123742,92.65976499897937,62.74790565237549
JAMALAGNEW_19950403,Jamal Agnew,WR,2024,PIT,72.8749939146245,90.41099991640601,91.68004919286358,87.89130409712695,85.3441699740174,78.64606072565198,85.65907229294947,57.90398310331602
JUJUSMITH-SCHUSTER_19961122,JuJu Smith-Schuster,WR,2024,KC,74.9807962216704,87.90698195577511,90.01501473198249,85.34205532919813,81.1677759459522,79.51674468549436,84.65619613960581,68.69085958542087
KADARIUSTONEY_19990127,Kadarius Toney,WR,2024,CLE,74.49248495951144,94.70488202497177,94.31490137132448,89.39984481805035,86.14105905750426,74.405986663872,91.70174017658792,57.40650074711721
KYLEPHILIPS_19990617,Kyle Philips,WR,2024,PHI,70.42018308367244,89.24096688709147,91.2173117550675,86.93848833339118,85.84694648087611,71.37256613785803,83.25788127886727,61.57425473202056
LAVISKASHENAULTJR_19981005,Laviska Shenault Jr.,WR,2024,SEA,73.28626460212746,87.506104578026,89.69834590321517,84.47101015371993,80.37107689104784,71.73941787179342,88.49180934918706,76.14863680186477
MECOLEHARDMAN_19980312,Mecole Hardman,WR,2024,KC,72.06565482633539,93.11842476848682,92.77333361771014,88.73685943011196,87.02195485051192,70.25799360461815,85.5540395545392,57.57375660813295
RAY-RAYMCCLOUDIII_19961015,Ray-Ray McCloud,WR,2024,ATL,71.53146558684904,88.74312228974287,90.80315587742467,88.812451375271,87.458168666804,76.05801489196278,83.03183925855126,55.53165749769005
ROBBYANDERSON_19930509,Robbie Chosen,WR,2024,MIA,70.09983406846237,88.53378681508974,89.38373954447212,85.12146515134697,81.60797462996624,75.43738276771523,85.82962602641288,58.624786580744285
SAMORITOURE_19980324,Samori Toure,WR,2024,CHI,67.84121219329631,90.32819828644614,90.8785905254245,85.59820828924776,84.09592859476328,67.22013019315682,85.31021984624022,58.960860328916624
TERRACEMARSHALLJR_20000609,Terrace Marshall Jr.,WR,2024,SF,71.90081000774626,92.02664307229668,91.73210782523893,86.17707782444126,83.61203581032197,67.94719357296003,89.48272407567043,65.38251958410592
TRENTSHERFIELD_19960225,Trent Sherfield,WR,2024,MIN,69.8827792860398,88.48560847764071,89.78581704474146,85.11047154836905,81.87106068842616,72.61706824969838,86.24015185026337,63.27170567396138
VELUSJONESJR_19970511,Velus Jones Jr.,WR,2024,CHI,70.0181088906217,93.02811436233947,91.98352393755863,86.66867400028542,84.11543204437038,66.95821963082017,83.63679439405729,62.68075930063628
ASHTONDULIN_19970515,Ashton Dulin,WR,2024,IND,72.0,93.0,92.0,88.0,82.0,73.0,88.0,61.0
TROYFRANKLIN_20020603,Troy Franklin,WR,2024,DEN,71.0,92.0,91.0,86.0,87.0,64.0,91.0,58.0
CAMSIMS_19960106,Cam Sims,WR,2024,CAR,70.0,88.0,87.0,80.0,74.0,75.0,86.0,69.0
DEVONTEZWALKER_20010619,Devontez Walker,WR,2024,BAL,70.0,94.0,93.0,87.0,84.0,54.0,94.0,63.0
JACOBCOWING_20010204,Jacob Cowing,WR,2024,SF,70.0,93.0,93.0,83.0,85.0,52.0,86.0,52.0
JAVONBAKER_20020218,Javon Baker,WR,2024,NE,70.0,91.0,89.0,90.0,88.0,55.0,88.0,59.0
TOMKENNEDY_19960729,Tom Kennedy,WR,2024,DET,69.0,87.0,90.0,89.0,86.0,70.0,86.0,64.0
ANTHONYSCHWARTZ_20000905,Anthony Schwartz,WR,2024,MIA,68.0,96.0,95.0,86.0,85.0,63.0,78.0,52.0
FREDDIESWAIN_19980804,Freddie Swain,WR,2024,CHI,68.0,90.0,91.0,83.0,81.0,68.0,84.0,60.0
JALENMORENO-CROPPER_20050301,Jalen Moreno-Cropper,WR,2024,DAL,68.0,92.0,92.0,81.0,85.0,49.0,80.0,59.0
TYRONJOHNSON_19960108,Tyron Johnson,WR,2024,DAL,68.0,91.0,89.0,82.0,80.0,64.0,79.0,60.0
CORNELLPOWELL_19971030,Cornell Powell,WR,2024,KC,67.0,88.0,90.0,83.0,84.0,69.0,87.0,61.0
JEFFSMITH_19970421,Jeff Smith,WR,2024,ARI,67.0,93.0,93.0,86.0,88.0,62.0,83.0,56.0
NSIMBAWEBSTER_19960127,Nsimba Webster,WR,2024,CHI,67.0,88.0,90.0,88.0,86.0,60.0,76.0,52.0
ALEXBACHMAN_19960529,Alex Bachman,WR,2024,LV,65.0,89.0,90.0,89.0,84.0,57.0,81.0,61.0
AUSTINMACK_19970831,Austin Mack,WR,2024,ATL,65.0,87.0,89.0,80.0,76.0,65.0,79.0,69.0
DAURICEFOUNTAIN_19951222,Daurice Fountain,WR,2024,DET,65.0,87.0,85.0,82.0,81.0,62.0,91.0,58.0
JOSHALI_19990303,Josh Ali,WR,2024,ATL,65.0,88.0,90.0,82.0,80.0,60.0,86.0,58.0
DAVIONDAVIS_19961023,Davion Davis,WR,2024,WAS,64.0,86.0,87.0,85.0,90.0,53.0,78.0,59.0
LANCEMCCUTCHEON_19990228,Lance McCutcheon,WR,2024,NYJ,64.0,87.0,91.0,89.0,83.0,45.0,89.0,67.0
RACEYMCMATH_19990614,Racey McMath,WR,2024,DAL,64.0,92.0,89.0,79.0,77.0,64.0,81.0,59.0
TYLERHARRELL_20000801,Tyler Harrell,WR,2024,NYJ,64.0,97.0,95.0,79.0,88.0,56.0,81.0,55.0
TYRIECLEVELAND_19970920,Tyrie Cleveland,WR,2024,IND,64.0,90.0,92.0,82.0,80.0,69.0,86.0,59.0
KENDRICPRYOR_19980106,Kendric Pryor,WR,2024,CIN,63.0,93.0,92.0,85.0,85.0,49.0,90.0,52.0
MAURICEALEXANDER_19970110,Maurice Alexander,WR,2024,DET,63.0,90.0,89.0,88.0,85.0,50.0,82.0,43.0
XAVIERSMITH_19970921,Xavier Smith,WR,2024,LAR,63.0,90.0,93.0,78.0,79.0,56.0,82.0,60.0
KAWAANBAKER_19980824,Kawaan Baker,WR,2024,NE,62.0,91.0,93.0,79.0,77.0,53.0,90.0,69.0
RALEIGHWEBB_19971228,Raleigh Webb,WR,2024,TB,61.0,87.0,92.0,83.0,84.0,45.0,93.0,67.0
CODYWHITE_19981128,Cody White,WR,2024,SEA,59.0,84.0,86.0,77.0,71.0,53.0,85.0,69.0
ALEXMCGOUGH_19951119,Alex McGough,WR,2024,GB,68.586120951475,88.69787023595713,89.50540792527877,84.45995989699662,79.4245527408234,66.79660090378877,87.34447667179211,66.11394774151302
ANTHONYMILLER_19941009,Anthony Miller,WR,2024,BAL,71.53799390771799,91.85063846441379,92.93820791060006,88.92258295474687,85.90257038029563,65.88199955699713,86.67972302394958,61.94473284408223
BLAKEPROEHL_o_pass,Tarik Black,WR,2024,MIA,66.16623851524794,87.8623729901885,88.91389321249696,83.07029602962677,79.79927651759544,62.90842992602654,90.32617253873093,67.38377664203114
BRANDONSMITH_19981210,Brandon Smith,WR,2024,NYJ,66.40348828543124,86.77572036451122,88.43474686205181,83.61266931448432,80.98665285541347,62.84698912194301,88.7426434441494,69.37043142722513
BRYCEFORD-WHEATON_20000309,Bryce Ford-Wheaton,WR,2024,NYG,64.93268861776325,89.30414718356965,89.68276484227124,83.46486792758066,80.67491122423849,57.55894540955319,89.87496359973272,67.38385728007952
DANNYGRAY_19990401,Danny Gray,WR,2024,PHI,68.03048441250907,91.74224541712792,92.16202750702716,85.8216996617486,83.46883969897203,60.954068131880945,82.23512189321275,63.69879397977155
DANTEPETTIS_19951023,Dante Pettis,WR,2024,NO,71.4961750932844,91.17819386032757,91.60609247413925,88.04482451443982,84.23970621977901,66.90804540184115,87.02168126647928,61.248486132901625
DAVIDSILLSV_19960529,David Sills,WR,2024,DEN,67.2258878817281,88.24973807461328,89.27966436551779,83.62693588029168,79.0281689081537,66.28486987720555,87.68886660781118,64.97989009740863
DAXMILNE_19990623,Dax Milne,WR,2024,CAR,66.28274560973601,87.75666672171886,89.38169793314968,84.45781445533822,82.1036695000621,64.27532380774574,80.21364755007926,63.745376314756854
DENNISHOUSTON_19990424,Dennis Houston,WR,2024,TB,65.17920394506537,89.12769122939676,90.58206642535706,84.72933584246312,82.36940977125141,58.45248873670937,84.0307135468496,62.91055582827503
DENZELMIMS_19971010,Denzel Mims,WR,2024,PIT,70.6043829988564,91.75597429952943,91.87028189540581,87.01112022023233,80.93712183192065,64.74139245808999,88.96652175061877,65.79288406744905
DEONCAIN_19960809,Deon Cain,WR,2024,CAR,68.77470916812838,89.20378273076763,89.37734012818521,86.62949585164597,80.02070064558893,68.10949834830376,84.09954941626108,60.00040208228417
DEONTAYBURNETT_19971004,Deontay Burnett,WR,2024,DAL,67.16675268791066,90.23191798932291,90.82475275455651,85.95449521562847,83.5267578345597,63.35720040334661,85.22846809055943,58.69304395943274
GRANTDUBOSE_20010620,Grant DuBose,WR,2024,MIA,65.2018202150732,88.09455086150008,89.7355280828883,83.24126677868725,81.28691865769224,60.66604480441549,83.75145677245371,66.38685035979208
HAKEEMBUTLER_19960516,Hakeem Butler,WR,2024,CIN,70.03135830914555,88.96483134440417,89.41842118034148,83.83409363195796,78.37264914803814,66.71492970945144,88.03944200792546,72.28692753006902
JAKEEMGRANT_19921030,Jakeem Grant,WR,2024,ATL,69.46529171251494,91.0302857512019,92.01391265039045,89.26571743973142,87.60676450885512,68.50526767619658,85.47235650730079,51.94744285947638
JALENCAMP_o_pass,Jalen Camp,WR,2024,CLE,67.74554329443755,89.79060145425645,91.1523884694019,84.84817818110253,82.42716152946468,61.045726490844686,90.4850924368576,72.6077926838453
JALENVIRGIL_19980713,Jalen Virgil,WR,2024,BUF,65.13443988358922,88.33332025160189,89.2861650070889,83.5432960827884,80.86215994350732,60.97179431518498,85.74303379115133,65.31509576763656
JOHNROSSIII_19951127,John Ross,WR,2024,PHI,71.8172019832298,94.83470621008541,93.27323506103374,88.07449524800529,84.89256244645685,66.47674762703627,87.21503024926528,58.42419980966842
K.J.HAMLER_19990708,KJ Hamler,WR,2024,BUF,69.30549177869663,92.26051557203324,91.81614346704795,88.69021221837431,88.3181977824454,62.73925336572381,85.50760284737123,56.390781612257996
KADEWARNER_o_pass,Jared Wayne,WR,2024,HOU,64.31464520147456,88.75810598033283,89.11417490998699,82.73662225877194,80.53629636536834,58.070498003915304,85.52174688127388,66.47920497943682
KELVINHARMON_19961215,Kelvin Harmon,WR,2024,DAL,68.66832609072459,87.32800637103054,89.4032772030881,83.66298990170986,79.62853846297389,67.24798138920175,82.51084762195762,68.64463878924072
KEVINAUSTINJR_20000330,Austin Watkins Jr.,WR,2024,PHI,66.04674109920695,88.49208688292921,89.76024393298408,83.74580478281706,79.96454914165929,61.337124592220334,85.6361011672775,65.96169487466614
LANDENAKERS_o_pass,Kaden Davis,WR,2024,CLE,64.69936361564241,89.45941058279391,90.14203805922499,84.2156240225828,82.65640875589042,59.14699257423263,85.19740934818321,61.14341257236255
MALIKTURNER_o_pass,Malik Turner,WR,2024,SF,67.49041066726748,89.06200740651065,89.63501234123808,84.38584440317987,80.51890896463055,66.30253667427235,87.32089431823852,62.5163920353237
MARTAVISBRYANT_19911220,Martavis Bryant,WR,2024,WAS,72.95435731499605,90.5576978953055,90.41632428432874,85.96805515942435,80.44848715979083,74.18035444218674,93.05954208392893,62.03917672947068
MATTLANDERS_o_pass,Matt Landers,WR,2024,NE,64.21615104019595,90.18091385795921,90.69850309814561,82.5776461744473,80.10771747055651,57.23502891622286,85.72292291282918,63.93997064227787
MICHAELWOODSII_20000319,Mike Woods,WR,2024,CLE,68.78931009071441,90.76340343131477,90.65457211352525,86.2624488027538,84.21968055761886,61.71559746419962,86.373953019684,64.6654816875837
NIKKOREMIGIO_19991104,Nikko Remigio,WR,2024,KC,64.0945332286475,89.68849091550395,91.01020392975356,85.83624298172145,85.58029634592913,56.199431205726,82.48652533400298,59.46472982074381
QUINTEZCEPHUS_19980401,Quintez Cephus,WR,2024,LAR,69.07888352198727,87.64539502744894,90.27154980550199,84.8828542664628,82.85031351428665,64.42580621062234,88.33794079357199,69.13878817514474
RASHARDHIGGINS_19941007,Rashard Higgins,WR,2024,CLE,70.74221594575776,87.54263554774124,88.78898339245737,85.99531785402962,81.9211201248504,73.79978622441672,84.17583676355378,62.141212039536995
RUSSELLGAGEJR_19960122,Russell Gage,WR,2024,SF,68.43759346325324,90.57573672916908,91.06323449964907,86.45184085300787,83.94479321588892,66.04098995499783,86.79845181844917,57.661410533443544
SETHWILLIAMS_20000410,Seth Williams,WR,2024,DAL,67.12339960809193,88.90712440521526,89.72714920807468,82.40106688514857,78.93187753257166,64.13535344123966,86.31958456165046,64.39140974810189
TIMPATRICK_19931123,Tim Patrick,WR,2024,DET,68.63341821895484,88.46206468037734,89.53058347120546,83.784880313815,77.89796453488475,68.77797738589743,88.53808795629357,64.83245758515501
TYRELLSHAVERS_19990818,Tyrell Shavers,WR,2024,BUF,64.5720080262867,88.36692100751767,89.22696612705232,82.53866270414238,79.54543802700437,59.19401735962549,86.14178106279894,66.55479074646462
,Marcus Simms,WR,2024,SEA,66.50779397976625,89.50655270425962,89.71258743808862,84.74593750910651,82.4014494851856,63.82186946189324,86.20709979623382,61.276711039257904
,Mathew Sexton,WR,2024,MIA,64.96159454666112,90.31595950180743,91.10537958526572,85.91933643190549,85.47638100918016,59.6825664443096,84.39791334275651,55.80548911605787
,Kyric McGowan,WR,2024,MIA,64.68385992080373,89.30870987103104,89.87181471699489,84.55409874894389,83.39857143406948,58.90348073721316,84.42674113003659,62.26179253165998
,Kevin Austin Jr.,WR,2024,NO,65.43476539664717,89.72734652675524,90.80861256874954,85.48951474656786,82.79198423495382,57.50269911350108,86.76276723391686,65.1247932861548
,Mike Harley Jr.,WR,2024,MIA,64.49868837854935,89.9346209291614,91.00159170403916,85.63758351189648,85.16374939045068,58.68553894135846,84.10553019508791,57.00873743190982
,Braylon Sanders,WR,2024,NE,64.70624172945027,89.25422455262664,90.37653157310821,84.57959570149671,82.82003684588744,58.7440306363801,82.38109915547909,60.82226288581509
,Samson Nacua,WR,2024,NO,65.284430694259,88.88146096789998,90.57850478307257,84.78014967590377,82.20010346595268,59.11902151273944,84.17518261179202,62.924294790604144
,Justin Hall,WR,2024,MIN,65.00055066738416,89.0850390025521,90.15969668256437,84.39150393569918,82.31771852209204,59.08459771078253,84.61682529089444,62.89556995923062
,Jontre Kirklin,WR,2024,SF,64.61879983086921,89.78991546843508,90.73701864728616,85.23226378203168,84.34978538509472,58.35344469312622,84.09882661928577,59.06085460783973
,Daylen Baldwin,WR,2024,ARI,65.04547143052763,88.59394384190412,89.10931196177923,83.20831982001243,80.6125710071617,59.874439874385416,85.57627710417626,66.50276268403266
,Sean Ryan,WR,2024,BAL,64.67849159444212,88.90955284941991,90.4863919549243,83.91994471491654,81.23288603655283,57.40865189888575,84.44250536954769,63.954736659933076
,Duece Watts,WR,2024,PIT,64.37522188102854,89.27605488819573,90.50218418930095,84.4261294414402,82.76433178685716,56.799888328504835,83.84435216580891,62.618029258712035
,Joseph Ngata,WR,2024,PHI,64.8061307471044,87.3473915240694,88.92914684398264,82.63511117580754,79.80842290074474,58.37253197078644,82.30991382201228,70.40723953772734
,T.J. Luther,WR,2024,PIT,64.31276256885376,89.28585811678877,90.5812790880876,85.00143273744862,83.84926181299352,56.73712927745248,83.21221868160228,61.953260907046435
,Ty Scott,WR,2024,SEA,64.28668298366911,88.95063927749078,89.95267071665783,83.95087185423506,82.29761337563605,58.27039820687207,84.81298245475591,62.852589170381854
,Chase Cota,WR,2024,NYG,64.4547369370671,89.13073687695011,90.1279383908147,83.33809307974457,80.87313509366845,57.259433210249085,85.05958865086063,64.17856054646465
,Jaray Jenkins,WR,2024,PIT,64.26529636133456,87.55350274230979,90.02722022336819,82.31421554637507,81.02603085727742,57.53416192292025,76.70192095001562,70.51765877417296
,Bryan Thompson,WR,2024,BUF,64.18264424989023,89.19160011107444,90.12077969891735,83.99036256297074,82.52397175222904,58.04037290507847,84.90944441388228,61.813857144703206
,Jalen Wayne,WR,2024,GB,64.76352624498993,87.69822157347565,89.59680096694407,83.24392894339246,80.46616581159515,58.757224459272834,82.21888324214058,67.63296054096176
,Daniel Arias,WR,2024,ARI,64.80650625566581,87.87908810353036,89.14738473414477,82.74449570819758,79.39609368679089,59.96440893183603,85.92794196675231,67.50698482162616
,Jesse Matthews,WR,2024,ATL,64.28117135967638,89.41714532242541,90.81553854178438,84.88087864080472,83.59063447546123,57.058889425565326,83.76383685346661,60.598752376905324
,David Durden,WR,2024,DAL,64.81258504245496,88.41480592021253,90.10873674204726,84.15453486751278,81.4853475991963,57.96697061029647,83.94312297943827,65.63011463935379
,Griffin Hebert,WR,2024,PHI,65.24249506580243,87.13544170165778,88.80598285743355,83.14651941907175,79.32365407236125,59.75720586762543,84.52465046475447,71.51926555734482
,Cephus Johnson III,WR,2024,TB,65.06602474845364,88.01125434731402,89.38738836588922,82.60468731555534,78.59999228558308,58.20401341001093,85.14723767531984,69.77556684654813
,Malik Knowles,WR,2024,GB,64.4353472505283,89.2936608810738,90.56253872569954,84.23292354647265,82.28696578783388,56.685093441825416,84.01979276801956,62.87057797661696
,Thayer Thomas,WR,2024,MIN,64.45852076920072,88.96318603055111,90.57679585448818,84.67107313714303,82.90840006160897,58.04340529137073,84.11792335628081,61.65571384641753
,Brycen Tremayne,WR,2024,WAS,64.79064658839279,88.44776075814225,89.65715191316642,83.02385905211156,79.79813674488082,57.880439631879426,84.98946992658114,67.39180315459663
,Jacob Copeland,WR,2024,PIT,64.01508411205167,89.70735480503046,91.17115664414467,82.36030725542702,79.74637765201328,57.05016484497207,79.6806572545621,66.45768327161423
,Tre'Shaun Harrison,WR,2024,TEN,63.961535558564535,89.70580038563594,90.56524931298807,84.89021866446433,84.40282619543473,56.81038889056879,83.7728004792931,59.88319596648532
,Isaiah Winstead,WR,2024,NYJ,64.79521727521727,88.22989523436281,89.46151502838167,82.80346279549434,79.44544485304664,58.82850404320993,85.57044007649199,67.30105640177743
,Shaquan Davis,WR,2024,PIT,64.84679372870777,88.30682343574463,89.4351729570624,82.58527019067373,79.0103781026994,58.167585735813304,85.44174459520912,68.3368265318685
,Izaiah Gathings,WR,2024,PIT,64.86704580810634,88.07104569542312,88.99643074312038,82.52575915317055,79.05796411704387,58.13815063183392,85.10375543033831,70.14203807021305
,Tayvion Robinson,WR,2024,CAR,65.0096392639147,89.41475661863964,90.10843988661128,83.23261009340547,82.6558363686679,59.73896464266306,85.18500305222972,63.51383593882126
,Isaiah Washington,WR,2024,BAL,65.28327903907557,89.37679884042467,90.62064349178164,83.75161952315386,82.78539254276916,58.97148655535591,84.26920472671293,63.8586590271152
,Hayden Hatten,WR,2024,SEA,65.05897091208014,89.24371382245754,90.08821632554489,83.17639060811138,82.42717316329913,60.431226805168535,85.52833036642744,63.246998123084985
,Phillip Brooks,WR,2024,KC,65.29351929078946,89.21117858398756,90.52724798711952,83.62125583361006,82.538221312529,59.773388444619854,84.7433603731273,63.5425607701944
,Dimitri Stanley,WR,2024,GB,65.34564115272475,89.20394853099421,90.62481057858052,83.72011477260969,82.5628986790241,59.62720214227522,84.56892259683832,63.60824135844073
,Jaaron Hayek,WR,2024,KC,65.19206578068837,89.38945143316299,90.44990895672484,83.5786163799043,82.74220715140177,59.22731258445799,84.57447083521856,63.74371799768353
,Jalon Calhoun,WR,2024,DET,65.21812671165615,89.38583640666624,90.49869025245533,83.62804584940409,82.75454583464966,59.15421943328613,84.48725194707424,63.77655829180679
,Peter LeBlanc,WR,2024,CHI,65.16600484972086,89.39306645965956,90.40112766099432,83.5291869104044,82.72986846815411,59.300405735630534,84.66168972336322,63.71087770356058
,Lawrence Keys,WR,2024,BUF,65.03290998111244,89.24732884895425,90.03943502981448,83.12696113861159,82.41483448005147,60.50431995634062,85.6155492545721,63.21415782896163
,Je'Quan Burton,WR,2024,MIA,65.072001377564,89.24190630920923,90.11260697341017,83.20110534286118,82.43334250492285,60.39468022958283,85.48472092235534,63.263418270146985
,Ayir Asante,WR,2024,NYG,65.13994391875313,89.39668148615625,90.35234636526386,83.47975744090468,82.71752978490645,59.37349888680217,84.74890861150755,63.67803740943722
,Corey Crooms,WR,2024,DAL,65.29630950455937,89.37499132717629,90.64503413964691,83.77633425790367,82.79156188439288,58.93493997976998,84.22559528264082,63.875079174176946
,Brevin Easton,WR,2024,JAX,65.06176112585003,89.40752656564626,90.20600247807234,83.33146903240498,82.680513735163,59.59277834031832,85.01056527594073,63.579516527067845
,Joseph Scates,WR,2024,JAX,65.16321463595104,89.22925371647088,90.28334150846692,83.37410848611086,82.47652789629024,60.13885420048018,85.1794548138497,63.37835929957802
,Latreal Jones,WR,2024,TB,65.52527745572884,89.01483060232883,90.84849349616664,83.91104263481503,82.39592888989455,59.953998548920936,84.47615547031376,63.50560501332102
,Jadon Janke,WR,2024,MIA,65.07200137756398,89.24190630920921,90.11260697341012,83.20110534286118,82.43334250492308,60.39468022958249,85.48472092235522,63.26341827014688
,Kyle Sheets,WR,2024,KC,65.19206578068837,89.38945143316299,90.44990895672484,83.5786163799043,82.74220715140177,59.22731258445799,84.57447083521856,63.74371799768353
,Tre Mosley,WR,2024,CIN,64.99939901220075,89.58037687507665,90.20183539127342,83.36297378294921,82.90300759890806,58.93706275339923,84.71084740581546,63.829934195741906
,Leon Johnson,WR,2024,LAC,65.03570019488224,89.41114159214297,90.1572211823418,83.2820395629052,82.66817505191557,59.66587149149052,85.0977841640854,63.54667623294419
,Ty James,WR,2024,MIN,65.1269134532693,89.3984889994046,90.32795571739854,83.4550427061547,82.7113604432825,59.41004546238844,84.79251805557965,63.66161726237557
,Isaiah Wooden,WR,2024,LAC,65.13715370498328,89.23286874296763,90.23456021273648,83.32467901661084,82.46418921304235,60.21194735165216,85.26667370199425,63.3455190054549
,JJ Laap,WR,2024,LAR,65.27024857359164,89.37860635367294,90.59625284391639,83.72690478840371,82.77922320114499,59.00803313094207,84.31281417078526,63.84223888005369
,OJ Hiliare,WR,2024,ATL,65.15297438423706,89.39487397290793,90.37673701312907,83.50447217565454,82.72369912653039,59.33695231121624,84.7052991674351,63.694457556499
,David Wallis,WR,2024,NE,65.08782205681776,89.40391153914962,90.25478377380283,83.38089850190494,82.6928524184109,59.51968518914657,84.92334638779641,63.61235682119078
,Derek Slywka,WR,2024,IND,65.07479159133389,89.40571905239798,90.2303931259376,83.3561837671549,82.68668307678718,59.55623176473273,84.96695583186863,63.59593667412905
KENDRICKBOURNE_19950804,Kendrick Bourne,WR,2024,NE,80.0,88.0,92.0,92.0,86.0,80.0,88.0,65.0
ZAYJONES_19950330,Zay Jones,WR,2024,ARI,79.0,90.0,92.0,87.0,86.0,83.0,86.0,76.0
JAUANJENNINGS_19970710,Jauan Jennings,WR,2024,SF,77.0,88.0,87.0,78.0,76.0,86.0,92.0,77.0
JALENTOLBERT_19990227,Jalen Tolbert,WR,2024,DAL,74.0,91.0,94.0,86.0,86.0,75.0,87.0,61.0
GREGDORTCH_19980529,Greg Dortch,WR,2024,ARI,73.0,90.0,91.0,88.0,89.0,74.0,77.0,43.0
JALINHYATT_20010925,Jalin Hyatt,WR,2024,NYG,73.0,94.0,95.0,82.0,83.0,76.0,90.0,57.0
TRETUCKER_20010308,Tre Tucker,WR,2024,LV,73.0,94.0,93.0,85.0,82.0,61.0,87.0,53.0
BRANDONPOWELL_19950912,Brandon Powell,WR,2024,MIN,72.0,88.0,89.0,84.0,85.0,78.0,77.0,49.0
JONATHANMINGO_20010420,Jonathan Mingo,WR,2024,CAR,72.0,90.0,92.0,82.0,81.0,75.0,89.0,71.0
MALACHICORLEY_20020321,Malachi Corley,WR,2024,NYJ,71.0,88.0,90.0,85.0,86.0,67.0,85.0,66.0
NICKWESTBROOK-IKHINE_19970321,Nick Westbrook-Ikhine,WR,2024,TEN,71.0,90.0,89.0,82.0,80.0,75.0,85.0,64.0
ROMANWILSON_20010619,Roman Wilson,WR,2024,PIT,71.0,93.0,94.0,86.0,92.0,65.0,89.0,56.0
TRENTONIRWIN_19951210,Trenton Irwin,WR,2024,CIN,71.0,88.0,89.0,82.0,78.0,74.0,82.0,66.0
XAVIERGIPSON_20010308,Xavier Gipson,WR,2024,NYJ,71.0,92.0,94.0,87.0,92.0,64.0,83.0,56.0
JALENMCMILLAN_20011207,Jalen McMillan,WR,2024,TB,70.0,90.0,92.0,85.0,85.0,63.0,88.0,60.0
JERMAINEBURTON_20010628,Jermaine Burton,WR,2024,CIN,70.0,91.0,92.0,90.0,89.0,56.0,90.0,58.0
LUKEMCCAFFREY_20010402,Luke McCaffrey,WR,2024,WAS,70.0,90.0,91.0,92.0,90.0,52.0,86.0,55.0
BRANDONJOHNSON_19980726,Brandon Johnson,WR,2024,PIT,69.17572944306076,89.66966486776471,91.15393354971218,84.97725033163077,83.66888090001748,72.94923264662452,86.4498091728898,61.276909478028074
MARQUEZVALDES-SCANTLING_19941010,Marquez Valdes-Scantling,WR,2024,NO,72.63481529659043,90.942807938376,90.7904836817969,84.16138305581258,79.10710567128058,78.36878830008573,83.62350746989334,64.67285073004382
,Cedrick Wilson Jr.,WR,2024,NO,71.95307356506484,88.41921857591814,90.32449873612109,85.59324581676086,81.8650994967636,76.64924223835578,87.4638252608461,58.00234814137502
JAMESONWILLIAMS_20010326,Jameson Williams,WR,2024,DET,79.0,98.0,96.0,94.0,94.0,70.0,82.0,63.0
NELSONAGHOLOR_19930524,Nelson Agholor,WR,2024,BAL,78.0,91.0,90.0,90.0,83.0,74.0,87.0,65.0
RASHODBATEMAN_19991129,Rashod Bateman,WR,2024,BAL,78.0,92.0,92.0,87.0,85.0,79.0,89.0,60.0
CHRISTIANWATSON_19990512,Christian Watson,WR,2024,GB,77.0,96.0,94.0,85.0,86.0,80.0,91.0,65.0
DARNELLMOONEY_19971029,Darnell Mooney,WR,2024,ATL,77.0,92.0,92.0,83.0,86.0,78.0,88.0,51.0
MALIKNABERS_20030728,Malik Nabers,WR,2024,NYG,77.0,93.0,92.0,92.0,94.0,75.0,95.0,61.0
ROBERTWOODS_19920410,Robert Woods,WR,2024,HOU,76.0,89.0,87.0,84.0,84.0,80.0,89.0,63.0
ROMEODUNZE_20020603,Rome Odunze,WR,2024,CHI,76.0,91.0,94.0,87.0,89.0,75.0,93.0,65.0
DEMARIODOUGLAS_20001208,Demario Douglas,WR,2024,NE,75.0,91.0,93.0,84.0,86.0,76.0,89.0,57.0
WAN'DALEROBINSON_20010105,Wan'Dale Robinson,WR,2024,NYG,75.0,91.0,93.0,92.0,90.0,70.0,83.0,61.0
XAVIERWORTHY_20030427,Xavier Worthy,WR,2024,KC,75.0,98.0,96.0,88.0,90.0,66.0,90.0,47.0
JUSTINWATSON_19950404,Justin Watson,WR,2024,KC,74.0,91.0,93.0,81.0,80.0,79.0,92.0,69.0
K.J.OSBORN_19970610,K.J. Osborn,WR,2024,NE,74.0,90.0,90.0,83.0,79.0,81.0,87.0,64.0
LADDMCCONKEY_20011111,Ladd McConkey,WR,2024,LAC,74.0,92.0,94.0,91.0,93.0,64.0,87.0,57.0
DEMARCUSROBINSON_19940921,Demarcus Robinson,WR,2024,LAR,73.0,89.0,90.0,89.0,81.0,75.0,86.0,60.0
KEONCOLEMAN_20030517,Keon Coleman,WR,2024,BUF,73.0,87.0,88.0,87.0,88.0,76.0,94.0,71.0
QUENTINJOHNSTON_20010906,Quentin Johnston,WR,2024,LAC,73.0,89.0,90.0,83.0,85.0,74.0,94.0,70.0
RICKYPEARSALL_20000909,Ricky Pearsall,WR,2024,SF,73.0,92.0,91.0,92.0,91.0,69.0,94.0,61.0
TREYPALMER_20010402,Trey Palmer,WR,2024,TB,73.0,95.0,92.0,80.0,86.0,76.0,79.0,54.0
ADONAIMITCHELL_20021008,Adonai Mitchell,WR,2024,IND,72.0,94.0,95.0,91.0,90.0,63.0,89.0,51.0
XAVIERLEGETTE_20010129,Xavier Legette,WR,2024,CAR,72.0,93.0,93.0,89.0,86.0,58.0,92.0,73.0
JA'LYNNPOLK_20020411,Ja'Lynn Polk,WR,2024,NE,71.0,88.0,90.0,89.0,87.0,69.0,88.0,62.0
BRIANTHOMASJR_20021008,Brian Thomas Jr.,WR,2024,JAX,73.0494037529129,93.8036350379345,92.92541230954657,86.98927208688839,86.3833764244282,65.3492245195041,90.354316380622,64.38740880682485
CHRISMOORE_19930616,Chris Moore,WR,2024,WAS,74.94504148779137,90.26739634468521,91.43909627553876,88.87536048542397,83.60674309644469,81.29164136142526,90.04208915160011,59.19103459259304
D.J.CHARKJR_19960923,DJ Chark,WR,2024,LAC,74.3353141171032,92.87450832880575,91.74158858635155,86.52578023972339,83.88919336992421,75.92809284360442,92.29942152718515,63.577788374060674
JAHANDOTSON_20000322,Jahan Dotson,WR,2024,PHI,74.1237386267342,93.38477593228168,94.13887427707141,88.30238635100027,88.07646066211385,73.23726009326447,87.40626051641509,58.620600062021595
CURTISSAMUEL_19960811,Curtis Samuel,WR,2024,BUF,80.0,93.0,92.0,90.0,85.0,79.0,88.0,64.0
ELIJAHMOORE_20000327,Elijah Moore,WR,2024,CLE,78.0,92.0,91.0,92.0,93.0,74.0,84.0,59.0
RONDALEMOORE_20000609,Rondale Moore,WR,2024,ATL,78.0,94.0,92.0,92.0,91.0,73.0,87.0,66.0
ALECPIERCE_20000502,Alec Pierce,WR,2024,IND,76.0,92.0,94.0,79.0,83.0,78.0,92.0,62.0
KALIFRAYMOND_19940808,Kalif Raymond,WR,2024,DET,76.0,92.0,92.0,87.0,84.0,80.0,82.0,53.0
MICHAELGALLUP_19960404,Michael Gallup,WR,2024,LV,76.0,91.0,88.0,86.0,81.0,75.0,93.0,68.0
TUTUATWELL_19991007,Tutu Atwell,WR,2024,LAR,75.0,93.0,94.0,89.0,90.0,79.0,80.0,40.0
JOSHUAPALMER_19990922,Josh Palmer,WR,2024,LAC,81.90808737074329,90.41074327806922,90.96693150850635,88.22261597677942,87.65268226751527,84.38462362533392,90.39009540644226,68.67205624713131
MARVINMIMSJR_20020319,Marvin Mims Jr.,WR,2024,DEN,80.64212498253573,94.63889995318465,94.31635805432748,91.9161901794053,92.37280605502815,80.94430320182221,91.07830398296876,54.30808543071055
NOAHBROWN_19960106,Noah Brown,WR,2024,WAS,82.05590382345889,88.47936133024353,89.02419994562823,83.24191692453223,81.03563715845144,87.68252829285859,90.63881216756016,77.1214991232988
TYREEKHILL_19940301,Tyreek Hill,WR,2024,MIA,99.0,99.0,98.0,98.0,98.0,99.0,92.0,64.0
JUSTINJEFFERSON_19990616,Justin Jefferson,WR,2024,MIN,98.0,92.0,93.0,93.0,97.0,96.0,97.0,64.0
CEEDEELAMB_19990408,CeeDee Lamb,WR,2024,DAL,96.0,90.0,91.0,94.0,93.0,98.0,96.0,70.0
A.J.BROWN_19970630,A.J. Brown,WR,2024,PHI,95.0,90.0,92.0,86.0,88.0,93.0,96.0,79.0
AMON-RAST.BROWN_19991024,Amon-Ra St. Brown,WR,2024,DET,95.0,90.0,91.0,91.0,87.0,97.0,91.0,67.0
JA'MARRCHASE_20000301,Ja'Marr Chase,WR,2024,CIN,93.0,94.0,93.0,89.0,93.0,95.0,98.0,73.0
STEFONDIGGS_19931129,Stefon Diggs,WR,2024,HOU,92.0,92.0,94.0,92.0,94.0,92.0,91.0,62.0
BRANDONAIYUK_19980317,Brandon Aiyuk,WR,2024,SF,91.0,91.0,93.0,93.0,90.0,93.0,95.0,65.0
MIKEEVANS_19930821,Mike Evans,WR,2024,TB,91.0,92.0,90.0,81.0,82.0,96.0,95.0,78.0
KEENANALLEN_19920427,Keenan Allen,WR,2024,CHI,90.0,89.0,88.0,88.0,87.0,89.0,94.0,72.0
DEANDREHOPKINS_19920606,DeAndre Hopkins,WR,2024,TEN,89.0,89.0,87.0,87.0,85.0,89.0,96.0,78.0
TERRYMCLAURIN_19950915,Terry McLaurin,WR,2024,WAS,89.0,93.0,92.0,87.0,88.0,86.0,87.0,67.0
COOPERKUPP_19930615,Cooper Kupp,WR,2024,LAR,88.0,90.0,92.0,92.0,92.0,87.0,82.0,66.0
DEVONTASMITH_19981114,DeVonta Smith,WR,2024,PHI,88.0,91.0,94.0,91.0,91.0,94.0,89.0,49.0
TYLERLOCKETT_19920928,Tyler Lockett,WR,2024,SEA,88.0,90.0,91.0,92.0,91.0,92.0,85.0,50.0
JAYLENWADDLE_19981125,Jaylen Waddle,WR,2024,MIA,87.0,97.0,97.0,97.0,96.0,88.0,90.0,57.0
CHRISOLAVE_20000627,Chris Olave,WR,2024,NO,86.0,93.0,95.0,91.0,92.0,87.0,82.0,59.0
CHRISGODWIN_19960227,Chris Godwin,WR,2024,TB,85.0,90.0,91.0,88.0,87.0,85.0,88.0,72.0
CHRISTIANKIRK_19961118,Christian Kirk,WR,2024,JAX,85.0,91.0,92.0,89.0,87.0,90.0,85.0,65.0
GARRETTWILSON_20000722,Garrett Wilson,WR,2024,NYJ,85.0,92.0,93.0,93.0,93.0,86.0,86.0,56.0
TEEHIGGINS_19990118,Tee Higgins,WR,2024,CIN,85.0,90.0,88.0,85.0,82.0,89.0,97.0,71.0
ZAYFLOWERS_20000911,Zay Flowers,WR,2024,BAL,85.0,93.0,92.0,93.0,92.0,82.0,85.0,55.0
COURTLANDSUTTON_19951010,Courtland Sutton,WR,2024,DEN,84.0,91.0,91.0,91.0,85.0,84.0,93.0,74.0
GABRIELDAVIS_19990401,Gabe Davis,WR,2024,JAX,84.0,90.0,93.0,85.0,84.0,87.0,88.0,67.0
PUKANACUA_20010529,Puka Nacua,WR,2024,LAR,84.0,93.0,92.0,86.0,89.0,88.0,87.0,65.0
CALVINRIDLEY_19941220,Calvin Ridley,WR,2024,TEN,83.0,92.0,94.0,92.0,90.0,84.0,85.0,59.0
GEORGEPICKENS_20010304,George Pickens,WR,2024,PIT,83.0,91.0,94.0,90.0,91.0,82.0,96.0,61.0
NICOCOLLINS_19990319,Nico Collins,WR,2024,HOU,83.0,92.0,93.0,89.0,83.0,85.0,91.0,67.0
ADAMTHIELEN_19900822,Adam Thielen,WR,2024,CAR,82.0,89.0,91.0,89.0,82.0,83.0,94.0,67.0
BRANDINCOOKS_19930925,Brandin Cooks,WR,2024,DAL,82.0,93.0,92.0,91.0,93.0,81.0,85.0,54.0
DRAKELONDON_20010724,Drake London,WR,2024,ATL,82.0,88.0,92.0,88.0,88.0,83.0,95.0,75.0
JAKOBIMEYERS_19961108,Jakobi Meyers,WR,2024,LV,82.0,89.0,92.0,87.0,84.0,82.0,87.0,62.0
JORDANADDISON_20020127,Jordan Addison,WR,2024,MIN,82.0,90.0,92.0,88.0,92.0,85.0,84.0,52.0
JERRYJEUDY_19990424,Jerry Jeudy,WR,2024,CLE,81.0,91.0,94.0,93.0,92.0,77.0,85.0,64.0
MARQUISEBROWN_19970604,Marquise Brown,WR,2024,KC,81.0,95.0,93.0,95.0,91.0,77.0,85.0,44.0
RASHEERICE_20000422,Rashee Rice,WR,2024,KC,81.0,90.0,92.0,84.0,84.0,84.0,92.0,67.0
TANKDELL_19991029,Tank Dell,WR,2024,HOU,81.0,92.0,94.0,90.0,93.0,83.0,81.0,50.0
JAXONSMITH-NJIGBA_20020214,Jaxon Smith-Njigba,WR,2024,SEA,80.0,89.0,90.0,94.0,92.0,82.0,86.0,63.0
TYLERBOYD_19941115,Tyler Boyd,WR,2024,TEN,80.0,88.0,90.0,85.0,82.0,77.0,88.0,63.0
JOSHDOWNS_20010812,Josh Downs,WR,2024,IND,79.0,90.0,93.0,91.0,90.0,78.0,91.0,51.0
RASHIDSHAHEED_19980831,Rashid Shaheed,WR,2024,NO,79.0,96.0,95.0,90.0,89.0,76.0,87.0,60.0
ROMEODOUBS_20000413,Romeo Doubs,WR,2024,GB,79.0,92.0,94.0,85.0,83.0,82.0,83.0,60.0
DARIUSSLAYTON_19970112,Darius Slayton,WR,2024,NYG,78.0,94.0,92.0,85.0,88.0,79.0,92.0,57.0
JAYDENREED_20000428,Jayden Reed,WR,2024,GB,78.0,92.0,93.0,89.0,89.0,81.0,82.0,58.0
JOSHREYNOLDS_19950216,Josh Reynolds,WR,2024,DEN,78.0,89.0,86.0,84.0,86.0,84.0,88.0,66.0
KHALILSHAKIR_20000203,Khalil Shakir,WR,2024,BUF,76.0,90.0,93.0,83.0,84.0,78.0,89.0,63.0
MICHAELWILSON_20000223,Michael Wilson,WR,2024,ARI,76.0,87.0,89.0,89.0,85.0,77.0,93.0,72.0
DONTAYVIONWICKS_20010616,Dontayvion Wicks,WR,2024,GB,75.0,89.0,88.0,87.0,86.0,77.0,90.0,60.0
AMARICOOPER_19940617,Amari Cooper,WR,2024,BUF,87.54207253005383,89.84799593002984,89.85315599007305,90.80733081001796,88.40522606500178,92.26065882975092,88.33349176437211,67.21631438090901
D.J.MOORE_19970414,DJ Moore,WR,2024,CHI,88.82442696000427,93.28533961461241,92.90150615357226,90.1536327288851,89.59544271541426,91.16580721673483,94.25914746114795,68.91027753926812
D.K.METCALF_19971214,DK Metcalf,WR,2024,SEA,86.634813024909,93.30943068980233,91.47978999067809,84.09298361186592,81.60631637455936,87.91864148899765,97.14030664165382,85.82883281132843
DAVANTEADAMS_19921224,Davante Adams,WR,2024,NYJ,88.14732048985384,88.31179402421381,89.35036596977312,87.4954254983349,84.60611448583688,92.8815538929407,94.45741051233567,72.42271931835455
DEEBOSAMUEL_19960115,Deebo Samuel Sr.,WR,2024,SF,86.63135616116199,90.77970000814187,91.07854843655127,88.52686527406757,88.0945593658355,90.24592083430218,91.41487647598848,72.20613661233108
DIONTAEJOHNSON_19960705,Diontae Johnson,WR,2024,BAL,80.9860153604824,90.88895706073478,92.66188585983116,90.4652637877661,88.88406927529434,85.68741058299531,85.13856067839168,57.50219506921701
MARVINHARRISONJR_20020811,Marvin Harrison Jr.,WR,2024,ARI,83.43103424619747,90.76103197948703,91.01292076108709,89.53027451455858,90.50850750349002,74.86691359065912,91.14016159548268,70.66001928757362
MICHAELPITTMANJR_19971005,Michael Pittman,WR,2024,IND,86.6617735337554,89.31176022143535,89.58299291492068,86.8154606907014,86.45839036494249,89.38388861903184,92.52608500581793,77.03618661377948
ODELLBECKHAMJR_19921105,Odell Beckham Jr.,WR,2024,MIA,84.82961816898032,90.63997746619344,89.72473328398135,90.4883756450692,90.1665052058679,91.31643303213298,91.37500747636078,57.46161090357975
J.K.DOBBINS_19981217,J.K. Dobbins,RB,2024,LAC,78.0,90.0,92.0,86.0,87.0,73.0,90.0,74.0
RASHAADPENNY_19960202,Rashaad Penny,RB,2024,CAR,75.0,90.0,91.0,86.0,82.0,75.0,80.0,74.0
JAMESROBINSON_19980809,James Robinson,RB,2024,NO,71.0,88.0,89.0,82.0,84.0,70.0,92.0,79.0
JAMYCALHASTY_19960912,JaMycal Hasty,RB,2024,NE,71.0,89.0,90.0,84.0,86.0,74.0,89.0,63.0
DARRYNTONEVANS_19980709,Darrynton Evans,RB,2024,BUF,70.0,90.0,89.0,89.0,82.0,67.0,87.0,69.0
MYLESGASKIN_19970215,Myles Gaskin,RB,2024,MIN,70.0,88.0,90.0,81.0,84.0,74.0,83.0,73.0
TRAVISHOMER_19980807,Travis Homer,RB,2024,CHI,70.0,91.0,93.0,83.0,85.0,73.0,90.0,62.0
TYRIONDAVIS-PRICE_20001023,Tyrion Davis-Price,RB,2024,PHI,69.0,90.0,93.0,86.0,84.0,66.0,84.0,78.0
CHRISEVANS_19971005,Chris Evans,RB,2024,CIN,68.0,88.0,92.0,88.0,88.0,64.0,90.0,67.0
DAREOGUNBOWALE_19940504,Dare Ogunbowale,RB,2024,HOU,68.0,88.0,87.0,82.0,84.0,74.0,84.0,71.0
DEEJAYDALLAS_19980916,DeeJay Dallas,RB,2024,ARI,68.0,89.0,87.0,80.0,77.0,75.0,81.0,75.0
ERICGRAY_19991104,Eric Gray,RB,2024,NYG,68.0,86.0,90.0,85.0,86.0,67.0,86.0,69.0
MALIKDAVIS_19981126,Malik Davis,RB,2024,DAL,67.0,87.0,92.0,82.0,83.0,68.0,93.0,54.0
MIKEBOONE_19950730,Mike Boone,RB,2024,CAR,67.0,89.0,87.0,84.0,78.0,70.0,93.0,69.0
ZACHEVANS_20010530,Zach Evans,RB,2024,LAR,67.0,90.0,92.0,86.0,84.0,63.0,81.0,65.0
EVANHULL_20001026,Evan Hull,RB,2024,IND,66.0,90.0,91.0,87.0,84.0,58.0,87.0,71.0
JASHAUNCORBIN_20000820,Jashaun Corbin,RB,2024,NYG,66.0,87.0,91.0,83.0,84.0,63.0,82.0,62.0
JULIUSCHESTNUT_20001026,Julius Chestnut,RB,2024,TEN,66.0,88.0,91.0,83.0,79.0,64.0,82.0,76.0
JEREMYMCNICHOLS_19951226,Jeremy McNichols,RB,2024,WAS,64.0,89.0,90.0,82.0,79.0,71.0,83.0,72.0
JONATHANWARD_19970930,Jonathan Ward,RB,2024,PIT,64.0,88.0,91.0,86.0,83.0,58.0,81.0,66.0
KENNYMCINTOSH_20000303,Kenny McIntosh,RB,2024,SEA,64.0,87.0,89.0,83.0,82.0,64.0,83.0,66.0
EMANIBAILEY_20011128,Emani Bailey,RB,2024,KC,63.0,85.0,91.0,82.0,81.0,68.0,81.0,64.0
SEANTUCKER_20011025,Sean Tucker,RB,2024,TB,62.0,92.0,90.0,78.0,76.0,62.0,89.0,73.0
JORDANMIMS_19990616,Jordan Mims,RB,2024,NO,61.0,84.0,85.0,76.0,79.0,59.0,74.0,64.0
ADAMPRENTICE_19970116,Adam Prentice,RB,2024,NO,65.93440383814021,85.36712511505007,87.53245842958358,77.5076561837086,78.3979952576075,70.14890194402528,87.1202614160909,78.82778281640594
ANTHONYMCFARLAND_19990304,Anthony McFarland,RB,2024,MIA,69.89996384882511,90.83352443352467,91.56317695526536,86.9584526352017,82.86937261850417,70.69128549659149,79.43780680826683,64.36005522298319
BLAKEWATSON_19991014,Blake Watson,RB,2024,DEN,63.15648226883707,88.98417812557992,91.16598751306333,83.64393605982866,82.73067142805044,53.9834652810905,86.30569556144326,64.92832164442416
C.J.HAM_19930722,C.J. Ham,RB,2024,MIN,68.64421859727176,84.7197974853868,86.52914238545986,77.00524921163645,77.25046043153944,80.32127277344102,89.12065708818693,81.3453469103838
CARSONSTEELE_20021124,Carson Steele,RB,2024,KC,64.87333288538755,87.01169562695438,89.8070963062263,80.98888489226545,80.4655539434032,60.67972571891778,85.60937982983864,74.85466726112463
CHRISCOLLIER_19930122,Chris Collier,RB,2024,LV,63.55331026032161,87.77639233113584,90.00766523094546,82.01669175028388,81.89583942743948,56.27414439917993,86.41203083642449,68.71850540516039
CODYSCHRADER_19990908,Cody Schrader,RB,2024,LAR,63.83682755788385,86.02180093970773,89.14206022911344,79.88727952222752,81.24415341154511,56.92926290593073,86.1830024536896,69.99988549327463
COLSONYANKOFF_20000301,Colson Yankoff,RB,2024,WAS,63.17650380416083,86.7004087344545,88.71355265353066,81.49341232286605,81.21015069569629,58.028807125312596,84.89203485609187,72.10875824913364
DALVINCOOK_19950810,Dalvin Cook,RB,2024,DAL,74.19626011389161,88.73978441409585,89.15836733438755,84.42465833076977,79.09449278904404,82.12618939901836,81.24275323647896,70.09831861063117
DEONJACKSON_o_rush,Deon Jackson,RB,2024,NYJ,65.31434102289154,89.1095326465144,90.00194785914243,81.90980218502222,80.3565265836186,67.04966902737374,85.66566983347775,70.09006479248046
DILLONJOHNSON_20010615,Dillon Johnson,RB,2024,CAR,63.46971345075835,85.31634019593966,88.77384118015573,81.20882973177362,81.93293639173962,57.45781059172259,81.51145081808443,72.85870983823702
ELIJAHDOTSON_19990119,Elijah Dotson,RB,2024,ATL,64.36929323415544,88.90062298692615,90.9102055381187,82.99851881616007,81.3242301611593,60.756902646780645,85.12262166663311,66.14459398708982
FRANKGOREJR_20020313,Frank Gore Jr.,RB,2024,BUF,63.81807087899833,89.42111364021267,91.94315032613315,84.22756458067335,82.45165845854038,55.18538023442147,85.75516354249385,65.90211295914173
GARYBRIGHTWELL_19980228,Gary Brightwell,RB,2024,CIN,65.92511876264564,86.207968646083,87.51970916694074,79.5980243054139,82.74185606148117,66.37654570982818,82.36865903297735,72.33897206683264
GEORGEHOLANI_19991216,George Holani,RB,2024,SEA,62.508189859557575,88.20123936544027,91.03995817113298,82.02508835885777,78.50962588375424,56.086869337865664,90.55649509662919,72.03756249267781
HUNTERLUEPKE_20000228,Hunter Luepke,RB,2024,DAL,65.02587579064041,86.34971645940303,88.69409593558055,79.34705721194223,79.08054926559501,66.1737474179331,84.97708391566186,76.57406536833446
JAKEFUNK_19980111,Jake Funk,RB,2024,JAX,66.61250362520732,89.63665359336798,91.90804849801418,86.35882864839516,80.91995518382967,65.97625417857671,88.72625662673204,69.01677900793766
JAKOBJOHNSON_19941215,Jakob Johnson,RB,2024,NYG,66.10410532866516,84.56013257947578,86.36321851619687,77.15281607175274,77.60164047090498,74.35482072466311,86.7492630475665,81.88485458173614
JOHNKELLY_19961004,John Kelly,RB,2024,CLE,69.21389801741134,89.09681743994432,90.17453038693964,84.48863591416495,81.03437415432725,73.54769517166187,84.9243966027534,67.07755203598549
KE'SHAWNVAUGHN_19970504,Ke'Shawn Vaughn,RB,2024,SF,71.39611814548905,89.03889571666255,90.33627811471376,85.03059194467727,80.46090335750105,74.06938027024967,82.27319899802205,70.04224585123211
KENDALLMILTON_20020210,Kendall Milton,RB,2024,CIN,63.64168006401741,85.64319557975116,89.14564630259679,80.14972829204413,80.04705754419845,59.41213089168673,86.29949008871256,75.187492008552
KENENWANGWU_19980209,Kene Nwangwu,RB,2024,NYJ,69.2292423348621,89.2824546625985,90.74973490339596,85.89172948886454,80.7951986973263,70.01499149087726,83.75366280781702,68.070537166343
KHARIBLASINGAME_19960701,Khari Blasingame,RB,2024,CHI,66.87193264727864,86.34016893626782,88.17130965896979,79.8742469299097,78.84570051514063,72.69989506231195,86.54592257296486,75.46011827608868
MICHAELBURTON_19920101,Michael Burton,RB,2024,DEN,70.67224481597435,83.06555616104143,85.20985548067165,77.44156975404343,77.74876940463545,83.82154269491275,85.44618238364592,86.62016629130926
NICKBAWDEN_19960622,Nick Bawden,RB,2024,HOU,67.04228126723234,85.60812132835306,87.44613168023011,79.36862765984245,79.06792012752456,75.77223024732007,86.01465142725294,81.130084133031
REGGIEGILLIAM_19970820,Reggie Gilliam,RB,2024,BUF,65.55602495786502,85.79545588398148,87.96657834354448,78.27009676482731,78.10071813655568,71.25479340264087,86.44427070614529,80.14036933719899
ZONOVANKNIGHT_20010411,Bam Knight,RB,2024,NYJ,65.92231323272728,87.69474374369591,89.90511612047374,83.82093047268876,82.24576752438517,65.38824673078307,78.71449614609344,69.48372846425832
,Owen Wright,RB,2024,BAL,64.93999734295946,87.67417039651806,89.92094159075862,80.67051101483429,80.34836683750459,63.04780520898521,86.17325703690926,70.59290200892929
,Deneric Prince,RB,2024,MIA,63.71858233044284,89.57507816142564,90.96237186767314,82.65373963249544,79.82043359950026,62.69574934073148,84.8239346872648,69.90173891544782
,Mohamed Ibrahim,RB,2024,MIN,64.41657819224065,88.82525365925275,90.94663183731609,82.50093952661354,81.17920183628885,60.828577384229675,85.63301390375807,66.85918808802012
,Xazavian Valladay,RB,2024,NO,64.0730062341172,88.95075935172727,90.48129501189214,84.16184552336802,81.94942258324105,59.96681038991255,84.10270400132958,63.186141399127564
,SaRodorick Thompson Jr.,RB,2024,LAR,64.94078919040092,87.70832416609429,89.84794463295123,81.73746518318734,80.24347330815502,63.960457291131206,84.39835263134933,70.97790239778624
,Louis Rees-Zammit,RB,2024,JAX,63.15327421369835,88.18792836909549,90.25558578969026,83.73005752357517,82.02091977072612,56.31616490072156,84.25519645945974,68.20202024874675
,Dante Miller,RB,2024,NYG,63.05015367852266,88.34583196078276,90.38753881207651,82.74330709547667,82.58960307745323,54.227249952886496,86.72689850572715,65.67068616014626
,Ian Wheeler,RB,2024,CHI,64.32622631469565,88.55284089220706,90.94081321754356,83.6866897352981,82.05990543619654,57.1181325534958,85.19813782244114,67.43557473743067
,Aidan Robbins,RB,2024,CLE,62.81611055586228,85.95198048481396,88.45498213198789,79.41647791308588,79.90067723475434,59.55717081412081,85.36923640922532,78.70332511151446
,Jalen Jackson,RB,2024,JAX,63.442647749496615,87.37094650282515,89.89881519359881,80.43754478242761,81.30205905923796,56.65504764239108,87.5667039674579,71.7432083498918
,Trent Pennix,RB,2024,IND,62.71000657145291,88.66291928382711,90.45999198731931,84.64064992756431,82.73337867916635,54.53551492077463,84.21247667509112,64.99712339814573
,D.J. Williams,RB,2024,TB,64.03707631046572,86.55927313870976,88.9338721162062,80.03906569484838,80.99049176530664,58.564935239325905,86.99051615905319,72.837751296448
,British Brooks,RB,2024,HOU,62.72541362821903,86.83303611477331,89.33966639314917,79.83273752474537,80.74978415188636,57.10409816378797,86.89026317296009,74.76841926761449
,Jacob Kibodi,RB,2024,CLE,62.124352161057885,86.65687809183473,88.85641774650298,80.08090124073738,80.97804493373323,56.356878224277125,86.4000638075895,73.94809099849067
,Jabari Small,RB,2024,TEN,63.51132834165159,88.97145860960703,91.32516038342226,83.65014141879055,82.42557704426204,54.9938491159146,85.98540150107556,66.19373470222854
,Michael Wiley,RB,2024,WAS,64.07168999371424,87.8842311742566,90.19103682909792,82.30871223369815,81.9640976551166,57.657550473375295,84.51223416193386,69.6822253768371
,DeShaun Fenwick,RB,2024,NE,62.90989892684118,86.99308827718258,89.15542563665883,81.2918628923673,81.22458058194135,57.229962004213576,85.49264716945879,72.25092893534611
,Terrell Jennings,RB,2024,NE,63.56936582278411,87.52773558598253,89.9113151351695,81.7940922522327,81.35186392164982,57.47327198700691,85.73439528406857,71.30375793663711
NICKCHUBB_19951227,Nick Chubb,RB,2024,CLE,96.0,90.0,89.0,83.0,81.0,91.0,92.0,86.0
ELIJAHMITCHELL_19980502,Elijah Mitchell,RB,2024,SF,79.0,90.0,91.0,86.0,87.0,75.0,88.0,71.0
CORDARRELLEPATTERSON_19910317,Cordarrelle Patterson,RB,2024,PIT,76.0,89.0,89.0,88.0,82.0,72.0,87.0,65.0
JAMAALWILLIAMS_19950403,Jamaal Williams,RB,2024,NO,76.0,88.0,88.0,84.0,82.0,73.0,80.0,79.0
CHASEEDMONDS_19960413,Chase Edmonds,RB,2024,TB,73.0,90.0,91.0,88.0,87.0,69.0,82.0,64.0
MICHAELCARTER_19990507,Michael Carter,RB,2024,ARI,73.0,88.0,86.0,89.0,91.0,68.0,82.0,66.0
AMEERABDULLAH_19930613,Ameer Abdullah,RB,2024,LV,72.0,89.0,92.0,86.0,87.0,75.0,90.0,68.0
D'ERNESTJOHNSON_19960227,D'Ernest Johnson,RB,2024,JAX,72.0,89.0,88.0,84.0,81.0,75.0,80.0,64.0
KENDREMILLER_20020611,Kendre Miller,RB,2024,NO,72.0,90.0,90.0,84.0,83.0,73.0,84.0,75.0
TANKBIGSBY_20010830,Tank Bigsby,RB,2024,JAX,72.0,90.0,92.0,84.0,86.0,69.0,81.0,75.0
TYJOHNSON_19970917,Ty Johnson,RB,2024,BUF,72.0,91.0,90.0,85.0,84.0,78.0,82.0,64.0
DEUCEVAUGHN_20011102,Deuce Vaughn,RB,2024,DAL,70.0,89.0,91.0,90.0,88.0,52.0,83.0,58.0
ISRAELABANIKANDA_20021005,Israel Abanikanda,RB,2024,NYJ,69.0,92.0,90.0,83.0,85.0,64.0,88.0,67.0
JORDANMASON_19990524,Jordan Mason,RB,2024,SF,69.0,88.0,91.0,77.0,75.0,71.0,80.0,72.0
CRAIGREYNOLDS_19960615,Craig Reynolds,RB,2024,DET,68.0,89.0,90.0,85.0,81.0,74.0,84.0,66.0
RASHEENALI_20010216,Rasheen Ali,RB,2024,BAL,68.0,92.0,92.0,86.0,85.0,69.0,81.0,74.0
TREYSERMON_19990130,Trey Sermon,RB,2024,IND,68.0,86.0,93.0,86.0,83.0,61.0,89.0,78.0
ISAIAHDAVIS_20020221,Isaiah Davis,RB,2024,NYJ,67.0,87.0,90.0,82.0,80.0,62.0,82.0,73.0
KEAONTAYINGRAM_19991026,Keaontay Ingram,RB,2024,KC,67.0,88.0,90.0,78.0,81.0,71.0,82.0,76.0
KEILANROBINSON_20000216,Keilan Robinson,RB,2024,JAX,67.0,92.0,91.0,86.0,84.0,61.0,80.0,69.0
RAHEEMBLACKSHEAR_19990605,Raheem Blackshear,RB,2024,CAR,67.0,90.0,93.0,89.0,87.0,60.0,81.0,55.0
JASEMCCLELLAN_20020625,Jase McClellan,RB,2024,ATL,66.0,87.0,88.0,82.0,83.0,66.0,86.0,76.0
JAWHARJORDAN_19990818,Jawhar Jordan,RB,2024,HOU,66.0,88.0,90.0,83.0,78.0,64.0,87.0,63.0
KIMANIVIDAL_20010828,Kimani Vidal,RB,2024,LAC,66.0,90.0,90.0,84.0,82.0,65.0,87.0,70.0
TRAYVEONWILLIAMS_19971018,Trayveon Williams,RB,2024,CIN,66.0,90.0,91.0,82.0,79.0,69.0,80.0,64.0
DYLANLAUBE_19991214,Dylan Laube,RB,2024,LV,65.0,88.0,89.0,88.0,90.0,51.0,84.0,67.0
LA'MICALPERINE_19980130,La'Mical Perine,RB,2024,PIT,65.0,87.0,87.0,81.0,79.0,69.0,83.0,75.0
TYLERGOODSON_20001110,Tyler Goodson,RB,2024,IND,65.0,92.0,92.0,88.0,84.0,58.0,81.0,57.0
EMANUELWILSON_19990508,Emanuel Wilson,RB,2024,GB,63.0,90.0,93.0,80.0,79.0,59.0,86.0,72.0
RONNIERIVERS_19990131,Ronnie Rivers,RB,2024,LAR,63.0,88.0,91.0,86.0,82.0,53.0,87.0,63.0
KEVINHARRIS_20001117,Kevin Harris,RB,2024,NE,62.0,85.0,87.0,77.0,78.0,68.0,86.0,75.0
ALECINGOLD_19960709,Alec Ingold,RB,2024,MIA,68.11356431744059,80.82122407879302,84.24140982094025,76.27617378534842,76.91970604636765,78.85568868457011,80.52277090959916,77.40250939003215
ANDREWBECK_19960515,Andrew Beck,RB,2024,GB,69.82393512657293,85.45518280865403,86.85127256431826,77.79128812459635,76.3857478800244,78.32446266330516,83.84254011370831,85.56466543753663
AUDRICESTIME_20030906,Audric Estimé,RB,2024,DEN,69.41627825645585,84.84733222133568,88.59611339778053,80.1680531966972,82.19908479651627,67.80114697162651,87.97823512126865,79.30284888177584
BOSTONSCOTT_19950427,Boston Scott,RB,2024,PIT,72.24361002645202,88.38584734670138,90.51597052039182,87.07149248165666,82.49029261919287,75.72524541456829,85.05641439502324,68.21499247106988
CAMAKERS_19990622,Cam Akers,RB,2024,MIN,74.38242395200373,89.28407689038445,90.10973487723896,85.10462892090345,80.95108266065203,76.91845343170286,84.97846178749046,75.44984835807054
CHRISBROOKS_20000111,Chris Brooks,RB,2024,GB,66.04028252689915,88.50034888898676,89.95889037986643,82.237165425417,81.32831532961171,66.46821470996582,84.85534738309542,72.94094181025986
CHRISRODRIGUEZJR_20000926,Chris Rodriguez Jr.,RB,2024,WAS,69.75513179485259,88.04171804903666,90.21703681141662,82.35629781466389,81.59888531327616,70.07723326781672,84.24968917479748,75.00442594558405
ISAIAHSPILLER_20080901,Isaiah Spiller,RB,2024,LV,69.3710797385603,88.73786126132194,89.59917220553325,84.07339205188492,81.75663830017515,71.28748395461628,77.85123067942419,72.20854650781314
JEFFWILSONJR_19951116,Jeff Wilson,RB,2024,MIA,70.39679497563023,89.73763137487919,90.16784154312143,85.44169817963223,82.0005453410127,77.38504727931769,84.07273198898639,65.898594393253
KYLEJUSZCZYK_19910423,Kyle Juszczyk,RB,2024,SF,76.60173002900814,86.76134407186717,87.09081113738978,82.69723750146903,76.9149943804183,91.81792744257444,82.55612384435369,79.9248206353592
MATTBREIDA_19950228,Matt Breida,RB,2024,SF,69.82191323624073,90.25731909987377,90.92541769718486,87.9437158234332,82.54618374400587,76.12327333019556,84.88789393189478,63.04794612916231
PATRICKRICARD_19940527,Patrick Ricard,RB,2024,BAL,73.31585817963011,81.46639375361764,83.64695777316683,72.09869712362934,71.72928467584921,86.8419543856669,83.34781339740437,101.24622579063822
PATRICKTAYLOR_19980429,Patrick Taylor,RB,2024,SF,67.83318012505057,87.89181652731213,88.74128786116285,82.37718873351383,80.61307915966424,73.49241910351861,84.00247653385861,71.1659908501241
PIERRESTRONGJR_19981210,Pierre Strong,RB,2024,CLE,72.45959814002708,91.51263949288546,91.67211081046656,85.12664059490015,82.36820530177458,72.85403795605089,85.17606831524381,72.4265949724612
ROYCEFREEMAN_19960224,Royce Freeman,RB,2024,CLE,76.7259698456821,86.47715741253083,88.02320960541329,82.56322110408252,80.30209606636711,84.12697315898845,80.41918410766101,79.71135614377255
SALVONAHMED_19981229,Salvon Ahmed,RB,2024,IND,67.5955138409283,88.37723737140234,90.17645863036108,85.50734034213264,82.98405239608297,71.68754890508592,84.41741485344113,65.38434559101324
SCOTTMATLOCK_20000628,Scott Matlock,RB,2024,LAC,70.5889697401561,82.44532930332008,84.58862875809285,71.2006803732786,74.06016785704776,77.18214566440884,83.18353242403742,100.64967549824797
TONYJONESJR_19971124,Tony Jones,RB,2024,ARI,68.22657476189585,85.00898369949874,87.04264719508166,80.6140347692999,80.86274424297793,74.37732811143314,80.9714766331686,71.4140578427195
TYRONETRACYJR_19991123,Tyrone Tracy Jr.,RB,2024,NYG,68.72536215664121,89.67118275676401,91.8204242363496,86.06079907348021,86.26002160730206,61.92459509264529,89.79244671933486,70.38164922975955
JAYLENWRIGHT_20030401,Jaylen Wright,RB,2024,MIA,74.0,93.0,93.0,84.0,86.0,70.0,89.0,76.0
BUCKYIRVING_20020819,Bucky Irving,RB,2024,TB,72.0,87.0,89.0,87.0,88.0,58.0,79.0,65.0
RAYDAVIS_19991111,Ray Davis,RB,2024,BUF,72.0,88.0,88.0,86.0,84.0,67.0,84.0,78.0
ISAACGUERENDO_20000628,Isaac Guerendo,RB,2024,SF,71.0,95.0,92.0,84.0,83.0,68.0,91.0,71.0
WILLSHIPLEY_20020829,Will Shipley,RB,2024,PHI,71.0,89.0,91.0,87.0,89.0,68.0,90.0,68.0
BRAELONALLEN_20040120,Braelon Allen,RB,2024,NYJ,69.0,87.0,89.0,83.0,85.0,76.0,78.0,79.0
SIONEVAKI_20010730,Sione Vaki,RB,2024,DET,68.0,89.0,91.0,83.0,82.0,69.0,89.0,74.0
D'ONTAFOREMAN_19960424,D'Onta Foreman,RB,2024,CLE,76.0,88.0,85.0,80.0,81.0,76.0,82.0,80.0
MILESSANDERS_19970501,Miles Sanders,RB,2024,CAR,76.0,90.0,92.0,88.0,87.0,73.0,86.0,69.0
TREYBENSON_20020723,Trey Benson,RB,2024,ARI,76.0,93.0,94.0,85.0,86.0,63.0,83.0,77.0
BLAKECORUM_20001125,Blake Corum,RB,2024,LAR,75.0,88.0,91.0,89.0,87.0,71.0,85.0,75.0
CLYDEEDWARDS-HELAIRE_19990411,Clyde Edwards-Helaire,RB,2024,KC,75.0,87.0,92.0,88.0,89.0,68.0,91.0,72.0
NYHEIMHINES_19961112,Nyheim Hines,RB,2024,CLE,74.0,91.0,92.0,89.0,82.0,72.0,85.0,62.0
MARSHAWNLLOYD_20010105,MarShawn Lloyd,RB,2024,GB,73.0,90.0,92.0,88.0,87.0,72.0,86.0,73.0
CHASEBROWN_20000321,Chase Brown,RB,2024,CIN,71.0,93.0,95.0,86.0,88.0,64.0,91.0,70.0
TARIKCOHEN_19950726,Tarik Cohen,RB,2024,NYJ,71.0,90.0,92.0,91.0,88.0,67.0,81.0,61.0
EMARIDEMERCADO_19990120,Emari Demercado,RB,2024,ARI,70.0,91.0,91.0,83.0,84.0,70.0,78.0,65.0
ZONOVANKNIGHT_20041101,Zonovan Knight,HB,2024,DET,70.0,88.0,89.0,85.0,87.0,71.0,80.0,69.0
J.J.TAYLOR_19980104,J.J. Taylor,RB,2024,HOU,68.0,86.0,89.0,83.0,88.0,61.0,83.0,64.0
DEWAYNEMCBRIDE_20070801,DeWayne McBride,RB,2024,MIN,67.0,89.0,91.0,88.0,85.0,65.0,78.0,74.0
JARETPATTERSON_19991223,Jaret Patterson,RB,2024,LAC,66.0,86.0,90.0,83.0,83.0,66.0,74.0,61.0
SNOOPCONNER_20000801,Snoop Conner,RB,2024,DAL,66.0,87.0,92.0,80.0,78.0,69.0,76.0,76.0
JERMARJEFFERSON_20000415,Jermar Jefferson,RB,2024,DET,65.0,86.0,90.0,82.0,80.0,70.0,80.0,60.0
AVERYWILLIAMS_19980715,Avery Williams,RB,2024,ATL,62.0,90.0,89.0,86.0,90.0,54.0,81.0,57.0
TYREIKMCALLISTER_19980407,Tyreik McAllister,RB,2024,LV,62.0,92.0,94.0,85.0,84.0,48.0,86.0,54.0
BRITTAINBROWN_19971010,Brittain Brown,RB,2024,SEA,69.7314404576723,90.48922496439238,91.17143635873083,85.20439241093041,83.55844372062666,70.72448342263078,84.94620405504475,68.83440801540638
CARLOSWASHINGTONJR_19981226,Carlos Washington,RB,2024,ATL,68.12864562806095,89.32637639209321,90.261996149619,84.4925089424101,83.68136302955486,68.34149320509368,84.75586821710999,69.19864148589346
DEMETRICFELTONJR_19980716,Demetric Felton,RB,2024,WAS,70.80733615253621,90.74207168390083,92.1631954992198,88.67981478421876,86.92192986567443,70.43324801350718,87.14260121337952,63.60737204295424
HASSANHASKINS_19991126,Hassan Haskins,RB,2024,LAC,72.88657657317299,89.47817822295391,89.92134287689112,83.58765388935984,81.59504934014012,72.49522656063186,85.1954778548577,80.23509692604802
JOSHUAKELLEY_19971120,Joshua Kelley,RB,2024,TEN,75.20337048525158,89.71478214433503,90.58353748355705,86.32052286635528,82.07221326251238,77.3483414771099,81.2429596030372,73.57535991937573
KAREEMHUNT_19950806,Kareem Hunt,RB,2024,KC,77.8119148885649,87.25802460692026,89.37719549650996,85.66167194399108,82.50407235472085,84.74420844289557,84.80119231165577,74.91018663965798
LEWNICHOLSIII_o_rush,Lew Nichols III,RB,2024,PHI,69.88290893318617,89.23501683754156,90.6511947588188,85.04258888870072,84.74653714263184,68.35808949314037,86.67722889864172,72.26848384432066
NATEMCCRARY_o_rush,Nate McCrary,RB,2024,GB,69.1596528224951,89.26535043880807,90.01513080399752,84.49457333836659,82.63629647482117,69.27505789556062,85.924524331891,70.43892152369312
SINCEREMCCORMICK_20000910,Sincere McCormick,RB,2024,LV,69.0298110740311,88.20953923851764,90.48981285346161,86.35229192979114,85.31698197986634,67.23704080438142,83.33350977891223,68.0724635020494
SPENCERBROWN_o_rush,Spencer Brown,RB,2024,ATL,69.68508678239323,88.66874288787375,89.64318001301035,83.69524253048587,81.86479694312322,70.64779555202335,85.23283647159701,72.83141181498507
TROYHAIRSTON_19981208,Troy Hairston,RB,2024,HOU,70.9702199255969,86.48452534854664,88.3476161100345,80.78635084234105,79.77755669456144,75.2248101239345,82.55038139581984,80.92099953655054
TYLERBADIE_20000207,Tyler Badie,RB,2024,DEN,71.06446657515795,91.10878359155421,92.24182075660383,88.40623879760656,86.39413708955738,70.18059359468157,84.43743705353813,65.11491064920642
ZANDERHORVATH_19981210,Zander Horvath,RB,2024,MIA,70.77995171193794,89.36746662299828,90.0430553665692,82.24061175187637,80.97026885926095,72.99348705517741,84.78027297147219,77.03808284369444
,Bryant Koback,RB,2024,SEA,68.86143573351404,89.14331362949247,90.05029994546487,84.13186494862919,82.45594901616289,70.39603339769087,83.76680809961908,69.9116430649741
,Aaron Shampklin,RB,2024,PIT,68.1117703779081,90.43459665426019,91.45392395895948,87.34201733627762,85.91089947666467,64.89357892464614,87.12888364838682,64.20620627899825
,Robert Burns,RB,2024,ATL,68.74678240465937,88.43075272542868,89.56587694916738,83.08322339942319,82.47008710288412,70.39296789272657,84.09094518318898,73.03454979508189
,Zavier Scott,RB,2024,MIN,68.26294521539364,88.96657764241812,89.55928648033051,82.81331457302488,81.95592267385473,69.33522062450857,84.17205929695888,72.44803658079417
,Hassan Hall,RB,2024,ARI,67.94887727791496,90.21877463757997,91.4505401102378,86.93408093502674,85.85626849261291,65.04490651208744,85.82052091538299,64.76595871056793
,Kazmeir Allen,RB,2024,WAS,66.84759217627038,91.5796656061917,92.70849924312608,89.84986449491484,88.84971260481552,61.7431249850797,87.75168169357175,57.62418420569435
,Jack Colletto,RB,2024,PIT,68.67244261540463,88.01981589936952,88.29549456200613,80.0511532743669,79.39622183921608,71.6663608154472,83.43677649051642,78.39736049509258
,Jacob Saylors,RB,2024,CLE,67.77981557474959,90.42818075414081,91.42798812130815,86.74690698387778,85.53016733130391,64.65180930101337,85.7465682485672,64.67678221943049
,Ellis Merriweather,RB,2024,GB,68.10250124745136,88.98729143806548,89.4574095921754,82.66662099257275,81.93845403762145,69.27983444875122,84.50726973192513,72.56856789250423
,Jarveon Howard,RB,2024,GB,66.33773115349379,88.74425080424047,90.09602174258697,84.07679753257514,82.90801525275867,61.928230209307685,86.11244834328318,70.63118670369721
,Kobe Lewis,RB,2024,SEA,66.85584427036315,88.51117522352251,90.20325207650342,84.14830515566413,82.70397497108138,62.48151163086118,85.15759777312041,71.11794333805545
,Daijun Edwards,RB,2024,PIT,66.45541432005194,88.86425206247262,90.32850133457896,84.52733414075635,83.36329390352387,60.475950642940006,86.83622446470758,70.61658390341671
,Jaden Shirden,RB,2024,CAR,66.85570464126687,88.85712118576788,90.61947019961622,85.01687490698629,83.70727785519273,59.325460942875225,87.039173002408,70.8674847218773
,Nathaniel Peat,RB,2024,DAL,66.2435287686074,88.7866281825527,90.07652531823828,84.06379614655881,82.94511348579067,61.82763358720604,86.28605753785814,70.54268549744984
,Lorenzo Lingard,RB,2024,NYG,66.47910454536964,88.50771175564915,89.91715731755312,83.66201473593821,82.3507164611541,63.65715048645097,84.91124693677716,70.88916782115649
,Noah Cain,RB,2024,CIN,66.64381908982273,88.77949730584783,90.36749418327565,84.55333691278861,83.28909743745908,60.67714388714171,86.48900607555743,70.79358631591106
,Elijah Collins,RB,2024,CIN,66.59678771192841,88.62771301388159,90.14963690954517,84.11255134411971,82.80599511191986,62.20487092008443,85.63502305820157,70.87456502087616
,Sam Schnee,RB,2024,TEN,66.78519248169931,88.54295825725669,90.18862975824209,84.13855411615197,82.73179864585529,62.406064164285226,85.28780466905232,71.0515674333704
,Austin Jones,RB,2024,WAS,66.40831312760918,88.88544075162889,90.31875312240453,84.52083344774834,83.38184302003958,60.425652331890205,86.92302906199552,70.572333300293
,Ramon Jefferson,RB,2024,TB,66.19642757616532,88.80781687170915,90.06677710606431,84.05729545355098,82.96366260230695,61.777335276156236,86.3728621351454,70.49843489432635
,Kairee Robinson,RB,2024,SEA,66.85584427036343,88.51117522352243,90.20325207650336,84.14830515566413,82.70397497108115,62.48151163086095,85.15759777312087,71.11794333805557
RHAMONDRESTEVENSON_19980223,Rhamondre Stevenson,RB,2024,NE,81.0,89.0,88.0,83.0,83.0,81.0,79.0,79.0
DAMEONPIERCE_20000219,Dameon Pierce,RB,2024,HOU,80.0,89.0,91.0,82.0,81.0,74.0,82.0,84.0
JONATHONBROOKS_20030721,Jonathon Brooks,RB,2024,CAR,77.0,90.0,91.0,90.0,88.0,72.0,85.0,70.0
JALEELMCLAUGHLIN_20000913,Jaleel McLaughlin,RB,2024,DEN,74.0,92.0,92.0,78.0,83.0,77.0,78.0,66.0
KEATONMITCHELL_20020117,Keaton Mitchell,RB,2024,BAL,74.0,94.0,95.0,82.0,83.0,71.0,90.0,60.0
RICODOWDLE_19980614,Rico Dowdle,RB,2024,DAL,74.0,90.0,88.0,85.0,83.0,81.0,87.0,72.0
ZAMIRWHITE_19990918,Zamir White,RB,2024,LV,74.0,91.0,91.0,84.0,82.0,75.0,80.0,78.0
ROSCHONJOHNSON_20010131,Roschon Johnson,RB,2024,CHI,72.0,86.0,89.0,82.0,81.0,73.0,77.0,78.0
TYCHANDLER_19980512,Ty Chandler,RB,2024,MIN,72.0,93.0,95.0,81.0,79.0,74.0,77.0,65.0
TYLERALLGEIER_20000415,Tyler Allgeier,RB,2024,ATL,80.0,86.0,89.0,83.0,79.0,83.0,80.0,80.0
EZEKIELELLIOTT_19950722,Ezekiel Elliott,RB,2024,DAL,79.0,88.0,90.0,87.0,85.0,80.0,95.0,78.0
ALEXANDERMATTISON_19980619,Alexander Mattison,RB,2024,LV,77.0,86.0,90.0,81.0,81.0,81.0,87.0,74.0
JUSTICEHILL_19971114,Justice Hill,RB,2024,BAL,77.0,91.0,91.0,88.0,85.0,79.0,91.0,67.0
KENNETHGAINWELL_19990314,Kenneth Gainwell,RB,2024,PHI,76.0,90.0,87.0,86.0,85.0,76.0,84.0,70.0
ANTONIOGIBSON_19980623,Antonio Gibson,RB,2024,NE,75.0,89.0,91.0,89.0,87.0,73.0,88.0,68.0
ZACHCHARBONNET_20010108,Zach Charbonnet,RB,2024,SEA,75.0,88.0,89.0,82.0,78.0,68.0,85.0,79.0
KHALILHERBERT_19980421,Khalil Herbert,RB,2024,CIN,76.76516494912437,89.15427817245111,91.25341550106134,86.98814640170693,85.82896513947912,77.40728109945849,82.50472935509413,71.3507677028479
CHRISTIANMCCAFFREY_19960607,Christian McCaffrey,RB,2024,SF,99.0,91.0,93.0,95.0,93.0,99.0,90.0,74.0
DERRICKHENRY_19940104,Derrick Henry,RB,2024,BAL,94.0,91.0,86.0,84.0,79.0,96.0,88.0,87.0
SAQUONBARKLEY_19970209,Saquon Barkley,RB,2024,PHI,92.0,92.0,92.0,94.0,90.0,94.0,94.0,81.0
JOEMIXON_19960724,Joe Mixon,RB,2024,HOU,91.0,91.0,91.0,89.0,88.0,97.0,84.0,81.0
JOSHJACOBS_19980211,Josh Jacobs,RB,2024,GB,89.0,89.0,91.0,86.0,84.0,90.0,84.0,83.0
AARONJONES_19941202,Aaron Jones,RB,2024,MIN,88.0,90.0,92.0,92.0,89.0,89.0,89.0,71.0
KENNETHWALKERIII_20001020,Kenneth Walker III,RB,2024,SEA,88.0,94.0,94.0,92.0,90.0,84.0,83.0,81.0
ISIAHPACHECO_20000302,Isiah Pacheco,RB,2024,KC,87.0,93.0,95.0,86.0,83.0,93.0,84.0,80.0
JONATHANTAYLOR_19990119,Jonathan Taylor,RB,2024,IND,87.0,93.0,92.0,87.0,87.0,88.0,84.0,82.0
RAHEEMMOSTERT_19920409,Raheem Mostert,RB,2024,MIA,86.0,95.0,94.0,86.0,85.0,91.0,89.0,67.0
TONYPOLLARD_19970430,Tony Pollard,RB,2024,TEN,86.0,92.0,94.0,85.0,86.0,87.0,85.0,69.0
ALVINKAMARA_19950725,Alvin Kamara,RB,2024,NO,85.0,88.0,92.0,91.0,87.0,86.0,92.0,77.0
D'ANDRESWIFT_19990114,D'Andre Swift,RB,2024,CHI,85.0,91.0,92.0,90.0,89.0,82.0,93.0,68.0
BREECEHALL_20010531,Breece Hall,RB,2024,NYJ,84.0,93.0,92.0,90.0,91.0,79.0,92.0,76.0
JAHMYRGIBBS_20020320,Jahmyr Gibbs,RB,2024,DET,84.0,94.0,93.0,93.0,90.0,76.0,81.0,72.0
KYRENWILLIAMS_20000826,Kyren Williams,RB,2024,LAR,84.0,86.0,90.0,83.0,84.0,86.0,78.0,79.0
DAVIDMONTGOMERY_19970607,David Montgomery,RB,2024,DET,83.0,88.0,89.0,84.0,86.0,85.0,75.0,77.0
JAMESCONNER_19950505,James Conner,RB,2024,ARI,83.0,89.0,88.0,81.0,80.0,84.0,76.0,82.0
NAJEEHARRIS_19980309,Najee Harris,RB,2024,PIT,83.0,88.0,91.0,85.0,88.0,85.0,94.0,83.0
BIJANROBINSON_20020130,Bijan Robinson,RB,2024,ATL,82.0,91.0,92.0,89.0,91.0,74.0,90.0,81.0
DE'VONACHANE_20011013,De'Von Achane,RB,2024,MIA,82.0,96.0,94.0,91.0,90.0,76.0,82.0,68.0
JAYLENWARREN_19981101,Jaylen Warren,RB,2024,PIT,82.0,90.0,94.0,80.0,83.0,88.0,74.0,74.0
AUSTINEKELER_19950517,Austin Ekeler,RB,2024,WAS,81.0,90.0,92.0,90.0,85.0,77.0,89.0,82.0
DEVINSINGLETARY_19970903,Devin Singletary,RB,2024,NYG,81.0,87.0,90.0,90.0,91.0,80.0,84.0,70.0
JAMESCOOK_19990925,James Cook,RB,2024,BUF,81.0,92.0,93.0,93.0,92.0,77.0,81.0,67.0
GUSEDWARDS_19950413,Gus Edwards,RB,2024,LAC,80.0,89.0,85.0,81.0,80.0,83.0,83.0,80.0
JAVONTEWILLIAMS_20000425,Javonte Williams,RB,2024,DEN,80.0,88.0,91.0,85.0,86.0,77.0,87.0,80.0
RACHAADWHITE_19990112,Rachaad White,RB,2024,TB,80.0,90.0,92.0,87.0,88.0,81.0,87.0,71.0
TYJAESPEARS_20010615,Tyjae Spears,RB,2024,TEN,79.0,88.0,91.0,87.0,87.0,80.0,89.0,65.0
ZACKMOSS_19971215,Zack Moss,RB,2024,CIN,79.0,90.0,89.0,85.0,81.0,77.0,81.0,77.0
CHUBAHUBBARD_19990611,Chuba Hubbard,RB,2024,CAR,78.0,90.0,91.0,88.0,85.0,78.0,86.0,70.0
JEROMEFORD_19990912,Jerome Ford,RB,2024,CLE,77.0,91.0,92.0,84.0,86.0,77.0,79.0,73.0
A.J.DILLON_19980502,AJ Dillon,RB,2024,GB,83.0641889457927,87.41017794574765,88.95645632791735,83.04903829879044,80.53760082577526,86.98534622950046,91.72672639183281,85.76009462889833
BRIANROBINSONJR_19990302,Brian Robinson,RB,2024,WAS,81.17151284048037,89.12751888397597,90.0593549651532,85.11283484927469,83.47394122176354,82.59419148809911,81.46833186292804,76.91095485310807
SAMAJEPERINE_19950916,Samaje Perine,RB,2024,KC,82.92523698458109,85.09334041447042,88.08126779112695,83.5076397648215,81.6843733671567,89.30457417805997,84.09539117110273,85.32067854414744
TRAVISETIENNEJR_19990126,Travis Etienne,RB,2024,JAX,85.58574550270203,91.67891986821694,92.44363224389019,89.41618048146341,88.63688798824194,86.24559557453267,86.85957378827732,73.66116068645663
MARCEDESLEWIS_19840519,Marcedes Lewis,TE,2024,CHI,75.0,73.0,70.0,68.0,59.0,68.0,88.0,82.0
C.J.UZOMAH_19930114,C.J. Uzomah,TE,2024,PHI,74.0,84.0,86.0,75.0,65.0,73.0,83.0,73.0
IANTHOMAS_19960606,Ian Thomas,TE,2024,CAR,70.0,83.0,88.0,78.0,75.0,73.0,86.0,68.0
N'KEALHARRY_19971217,N'Keal Harry,TE,2024,MIN,70.0,88.0,87.0,82.0,77.0,57.0,89.0,75.0
BRENTONSTRANGE_20001227,Brenton Strange,TE,2024,JAX,68.0,83.0,87.0,75.0,69.0,57.0,84.0,77.0
CHRISMANHERTZ_19920410,Chris Manhertz,TE,2024,NYG,68.0,78.0,83.0,81.0,73.0,64.0,84.0,76.0
BENMASON_19990525,Ben Mason,TE,2024,LAC,67.0,81.0,80.0,83.0,70.0,53.0,87.0,81.0
ERICSAUBERT_19940509,Eric Saubert,TE,2024,SF,67.0,83.0,84.0,73.0,63.0,69.0,85.0,75.0
LAWRENCECAGER_19970820,Lawrence Cager,TE,2024,NYG,67.0,88.0,89.0,78.0,74.0,64.0,81.0,69.0
GRANTCALCATERRA_19981204,Grant Calcaterra,TE,2024,PHI,66.0,85.0,89.0,80.0,77.0,68.0,80.0,72.0
CHARLIEWOERNER_19971016,Charlie Woerner,TE,2024,ATL,65.0,83.0,84.0,77.0,69.0,72.0,83.0,77.0
DALTONKEENE_19990414,Dalton Keene,TE,2024,HOU,65.0,83.0,87.0,80.0,77.0,67.0,82.0,75.0
JAMESMITCHELL_19990811,James Mitchell,TE,2024,DET,65.0,84.0,87.0,76.0,69.0,65.0,78.0,70.0
KOKIEFT_19980120,Ko Kieft,TE,2024,TB,65.0,73.0,70.0,79.0,65.0,66.0,76.0,75.0
NICKVANNETT_19930306,Nick Vannett,TE,2024,TEN,65.0,77.0,74.0,79.0,72.0,63.0,75.0,73.0
HUNTERLONG_19980819,Hunter Long,TE,2024,LAR,64.0,82.0,87.0,71.0,70.0,60.0,79.0,72.0
ROSSDWELLEY_19950126,Ross Dwelley,TE,2024,ATL,64.0,80.0,78.0,71.0,64.0,67.0,69.0,72.0
TEAGANQUITORIANO_20000315,Teagan Quitoriano,TE,2024,HOU,64.0,74.0,74.0,73.0,66.0,63.0,78.0,78.0
ZACHGENTRY_19960910,Zach Gentry,TE,2024,LV,64.0,81.0,79.0,77.0,65.0,68.0,73.0,72.0
BRAYDENWILLIS_19991111,Brayden Willis,TE,2024,SF,63.0,84.0,85.0,79.0,74.0,47.0,83.0,76.0
BREVYNSPANN-FORD_19991227,Brevyn Spann-Ford,TE,2024,DAL,63.0,80.0,83.0,71.0,66.0,63.0,77.0,72.0
JULIANHILL_20000709,Julian Hill,TE,2024,MIA,63.0,83.0,85.0,72.0,73.0,55.0,83.0,75.0
KENNYYEBOAH_19981030,Kenny Yeboah,TE,2024,NYJ,63.0,83.0,83.0,82.0,74.0,61.0,84.0,70.0
NICKMUSE_19981125,Nick Muse,TE,2024,MIN,63.0,82.0,85.0,81.0,75.0,64.0,75.0,80.0
QUINTINMORRIS_19990121,Quintin Morris,TE,2024,BUF,63.0,84.0,87.0,79.0,66.0,60.0,82.0,72.0
BENSIMS_20000516,Ben Sims,TE,2024,GB,62.0,85.0,88.0,69.0,71.0,57.0,86.0,69.0
GIOVANNIRICCI_19961016,Giovanni Ricci,TE,2024,CLE,62.0,79.0,81.0,78.0,72.0,60.0,79.0,69.0
ZACKKUNTZ_19990606,Zack Kuntz,TE,2024,NYJ,62.0,85.0,90.0,86.0,78.0,56.0,92.0,70.0
JORDANMATTHEWS_19920716,Jordan Matthews,TE,2024,CAR,61.0,84.0,86.0,78.0,72.0,47.0,82.0,72.0
NATEADKINS_19990709,Nate Adkins,TE,2024,DEN,61.0,77.0,79.0,75.0,71.0,52.0,77.0,74.0
STEPHENCARLSON_19961212,Stephen Carlson,TE,2024,CHI,61.0,80.0,84.0,82.0,77.0,58.0,79.0,70.0
BRADYRUSSELL_19980831,Brady Russell,TE,2024,SEA,60.0,80.0,83.0,75.0,73.0,62.0,83.0,71.0
HENRYPEARSON_19991123,Henry Pearson,TE,2024,GB,59.0,79.0,74.0,67.0,68.0,52.0,76.0,82.0
PARKERHESSE_19950526,Parker Hesse,TE,2024,DET,59.0,81.0,83.0,75.0,68.0,63.0,87.0,73.0
DAVIDWELLS_19950502,David Wells,TE,2024,TB,57.0,80.0,85.0,68.0,62.0,52.0,80.0,76.0
TYREEJACKSON_19971107,Tyree Jackson,TE,2024,NYG,56.0,83.0,88.0,81.0,76.0,56.0,83.0,74.0
ALBERTOKWUEGBUNAM_19980425,Albert Okwuegbunam,TE,2024,IND,66.10057921604596,85.1639425075025,87.48632160542604,79.61852729659864,72.53407086111686,62.292729945371775,83.31277387208922,73.82573569810756
ANTHONYFIRKSER_19950219,Anthony Firkser,TE,2024,KC,67.51107192119184,80.74021203511165,84.52429482110256,76.10563769636434,71.29250498013285,70.6954181785029,77.21811349407875,75.13305571772003
BLAKEWHITEHEART_20000322,Blake Whiteheart,TE,2024,CLE,61.84071492682165,82.94838685474167,85.707241362818,79.97189658817439,74.83549950909033,56.17816899801164,83.49632639924818,73.0087015776071
BRENDENBATES_19991017,Brenden Bates,TE,2024,NYJ,59.75538602600386,82.28682406488349,85.87035578187013,77.21098594163703,71.70562888881902,51.84907113180839,83.2301687029219,73.0873996544733
CAMGRANDY_20001119,Cam Grandy,TE,2024,CIN,59.78200687374397,82.53182407465499,86.00904977229868,77.48316686994974,72.0371599335307,51.678749250313444,83.42704397834063,72.79013889833186
DAVIDMARTIN-ROBINSON_19991226,David Martin-Robinson,TE,2024,TEN,61.39230513173243,83.17127120005273,86.11085303212994,78.08546665140534,72.77410254754277,52.103613993944464,81.99918201368195,72.89742016493346
GREGDULCICH_20000326,Greg Dulcich,TE,2024,NYG,66.14015686230334,85.0351521490727,88.12139717120775,81.1326972841409,73.53863561165879,61.6329032612357,85.01203491273162,70.16642484521617
HUNTERKAMPMOYER_o_te,Hunter Kampmoyer,TE,2024,DEN,65.54970410636656,80.4347450568871,83.9830204717917,76.59986420298472,71.54852189879223,62.987181778568356,78.54159896341253,74.45089675721147
JACKSTOLL_19980128,Jack Stoll,TE,2024,MIA,62.718308512378826,83.78684436938829,87.28705358063033,80.83670424293203,73.4365678453709,60.400403391676264,80.52562588902151,69.07998335289017
JESPERHORSTED_19970227,Jesper Horsted,TE,2024,CAR,65.54785241909906,83.07630746910672,86.15188963519383,79.12936986445354,74.25567804794996,64.39949298434408,80.92946544469504,72.4778461754147
JOHNFITZPATRICK_20000309,John FitzPatrick,TE,2024,GB,61.597523847085654,82.24924511999507,85.95947786251028,78.64414770845437,71.23809133016009,59.19985138857919,85.10805250006354,73.51106069967886
KEVINRADER_o_te,Kevin Rader,TE,2024,NO,64.8450850030398,80.1670552775937,84.24800923613573,75.65272144735002,70.75099569428089,68.188485064872,78.91309780692944,74.31256985678237
MESSIAHSWINSON_20000420,Messiah Swinson,TE,2024,GB,58.096610961287524,81.87021301723837,85.92241207170515,76.71306783590242,71.21174696511416,51.492617310116316,84.70770228477426,72.69565850677282
PEYTONHENDERSHOT_19990423,Peyton Hendershot,TE,2024,KC,62.17011190376502,79.53066621050448,84.68063003275664,76.21399164956793,72.05112302020287,62.16339314353945,78.68057171526107,74.04342706626699
PRINCETONFANT_19990311,Princeton Fant,TE,2024,DAL,62.01868617399646,83.85443344032149,86.52277288502574,78.86687266761604,74.54072754853921,58.47788142488537,80.4299861024665,71.17316824289492
SEANMCKEON_19971228,Sean McKeon,TE,2024,IND,62.873644935689526,81.55819229753263,85.74878750657649,78.17619696585405,72.288732243904,62.18811342801678,82.34629913941671,72.70962193617038
TRAVISVOKOLEK_o_te,Travis Vokolek,TE,2024,ARI,60.0178385776544,80.41969046342945,83.93032878019119,77.89246158184375,72.17042726415583,55.813737221232714,82.85809502235958,73.26430163687041
TRE'MCKITTY_19990112,Tre' McKitty,TE,2024,CLE,67.84789639845371,84.35129870583023,86.63515591332401,80.74620783184466,73.35118351256487,62.59457365441676,84.16311564720303,73.35367073862903
TREVONWESCO_19950912,Trevon Wesco,TE,2024,LV,70.58925343246563,75.44745415312912,80.66391625348723,71.57050076809395,65.68347518002433,73.0530748003431,74.25349503262868,81.1540215392597
TUCKERFISK_19990119,Tucker Fisk,TE,2024,LAC,62.106601245109914,78.3583186541465,83.44022920352597,75.08417790061839,68.06172533788926,59.8921197076952,79.81160346673823,77.81675344891119
,Matt Sokol,TE,2024,PIT,63.52726271258416,79.89053896688586,84.23056979635976,75.99244869598706,70.47559183291794,65.19466702037619,80.46000229023684,74.55680978180317
,Josh Pederson,TE,2024,JAX,64.14992976242888,81.10944636124691,85.1785205185316,76.95317199001991,73.31500057241313,63.179106259592004,76.6132588999522,71.70022626362606
,Cole Fotheringham,TE,2024,LV,61.64144603377338,82.55438829227262,85.73778491014535,78.4888877341105,73.50878767177112,58.844256901954054,81.93051739961828,71.66974291816564
,Patrick Murtagh,TE,2024,JAX,59.15685049392482,82.97665245062944,86.35400936801794,78.22229210094892,72.78124223319791,50.63704082943116,84.9278723312259,71.82764816321401
,McCallan Castles,TE,2024,LAC,59.90796377931463,82.68756997756941,86.05564842865623,77.87095621299372,72.33563098749279,51.23548910441332,83.74628710338737,72.62230720769548
,Jack Westover,TE,2024,NE,61.69815068000048,82.57840570359281,85.36870306658135,77.1419977271427,72.09575626702853,53.21918558755226,80.2263060933422,73.10341692005795
,Baylor Cupp,TE,2024,KC,58.91208401591166,83.73441479074438,86.90768335108817,78.41982871338115,73.54348429487017,51.11521185965512,84.95451933317952,70.8448394544132
,Hayden Rucci,TE,2024,MIA,60.26024864360886,84.03105523755414,87.16652949627874,79.2124722110326,73.80958971935895,50.628326928791125,84.80643950363594,71.90956524037097
,Treyton Welch,TE,2024,NO,61.01944015096967,84.41931113340252,87.44020909413874,77.91304712978237,73.54386831679126,53.75883011135272,81.71026941242815,72.16192309079815
,Shawn Bowman,TE,2024,JAX,60.5629175993746,82.96296567623006,86.13688117704753,77.8365075985381,72.52716158569051,51.925387083098826,82.73794880460827,72.701549591083
,Kevin Foelsch,TE,2024,PHI,60.40978654513526,83.44585529212532,86.91761844239869,77.41061838028591,72.50519517513204,53.1820097714276,82.37332131532605,72.95312818409616
,Dallin Holker,TE,2024,NO,60.85824382463909,82.13858821918132,86.61929291279083,77.52510335934238,72.61705215828933,56.37418625452631,79.98277260732556,71.34276521946208
,Luke Benson,TE,2024,LAC,60.848840438580964,85.5911531825709,88.053548276534,80.19958748662057,75.57387505932572,51.057864168985475,84.4638381880223,70.39014261093553
,Mason Pline,TE,2024,SF,58.47130508549833,81.86222666111757,85.77470968709527,77.44394017680273,71.50307827384616,50.344325433116865,85.36981688122677,72.77815103045373
,Neal Johnson,TE,2024,NYJ,60.68514461151506,83.52712304286183,86.86201139185997,78.02588230645517,72.82958647461363,52.30665615883311,82.9130680621505,72.90619164227019
,Thomas Yassmin,TE,2024,DEN,59.933790478929154,82.81376397112524,86.12246783066429,78.03501321924861,72.51614156891601,51.11053936309281,83.86925868413431,72.47154335045116
HAYDENHURST_19930824,Hayden Hurst,TE,2024,LAC,77.0,86.0,87.0,81.0,72.0,75.0,77.0,69.0
MOALIE-COX_19930919,Mo Alie-Cox,TE,2024,IND,73.0,83.0,82.0,74.0,65.0,72.0,87.0,70.0
PHARAOHBROWN_19940505,Pharaoh Brown,TE,2024,SEA,73.0,80.0,78.0,74.0,67.0,77.0,83.0,75.0
DARNELLWASHINGTON_20010817,Darnell Washington,TE,2024,PIT,71.0,84.0,86.0,86.0,79.0,69.0,88.0,78.0
HARRISONBRYANT_19980423,Harrison Bryant,TE,2024,LV,71.0,84.0,87.0,78.0,75.0,74.0,79.0,71.0
JORDANAKINS_19920419,Jordan Akins,TE,2024,CLE,71.0,85.0,83.0,73.0,71.0,70.0,85.0,76.0
ROBERTTONYAN_19940430,Robert Tonyan,TE,2024,MIN,70.0,87.0,88.0,79.0,73.0,69.0,86.0,74.0
TOMMYTREMBLE_20000602,Tommy Tremble,TE,2024,CAR,70.0,84.0,89.0,78.0,73.0,69.0,83.0,75.0
DREWSAMPLE_19960416,Drew Sample,TE,2024,CIN,68.0,83.0,85.0,77.0,73.0,67.0,81.0,73.0
JEREMYRUCKERT_20000811,Jeremy Ruckert,TE,2024,NYJ,68.0,82.0,85.0,74.0,69.0,68.0,78.0,78.0
LUKESCHOONMAKER_19980928,Luke Schoonmaker,TE,2024,DAL,68.0,85.0,88.0,89.0,76.0,70.0,87.0,72.0
JOHNNYMUNDT_19941123,Johnny Mundt,TE,2024,MIN,67.0,84.0,86.0,77.0,76.0,71.0,74.0,74.0
MYCOLEPRUITT_19920324,MyCole Pruitt,TE,2024,PIT,67.0,83.0,84.0,76.0,70.0,64.0,87.0,69.0
BROCKWRIGHT_19981127,Brock Wright,TE,2024,DET,66.0,86.0,90.0,73.0,73.0,74.0,78.0,79.0
CHARLIEKOLAR_19990210,Charlie Kolar,TE,2024,BAL,66.0,83.0,84.0,81.0,74.0,65.0,85.0,68.0
CONNORHEYWARD_19990122,Connor Heyward,TE,2024,PIT,66.0,82.0,86.0,72.0,67.0,68.0,79.0,68.0
DAVISALLEN_20010203,Davis Allen,TE,2024,LAR,66.0,82.0,88.0,78.0,71.0,69.0,89.0,69.0
JOHNBATES_19971106,John Bates,TE,2024,WAS,66.0,79.0,80.0,84.0,74.0,66.0,78.0,75.0
JOSIAHDEGUARA_19970214,Josiah Deguara,TE,2024,JAX,66.0,86.0,85.0,78.0,74.0,63.0,84.0,78.0
ANDREWOGLETREE_19980728,Andrew Ogletree,TE,2024,IND,65.0,82.0,86.0,77.0,67.0,68.0,84.0,74.0
JAHEIMBELL_20010614,Jaheim Bell,TE,2024,NE,65.0,85.0,91.0,81.0,73.0,54.0,85.0,70.0
JOSHWHYLE_19990908,Josh Whyle,TE,2024,TEN,65.0,83.0,85.0,83.0,72.0,62.0,85.0,71.0
COLETURNER_20000316,Cole Turner,TE,2024,WAS,64.0,81.0,88.0,82.0,74.0,60.0,77.0,68.0
LUKEFARRELL_19971014,Luke Farrell,TE,2024,JAX,64.0,78.0,81.0,79.0,73.0,63.0,84.0,77.0
STEPHENSULLIVAN_19961128,Stephen Sullivan,TE,2024,CAR,64.0,86.0,87.0,80.0,73.0,58.0,86.0,69.0
TANNERMCLACHLAN_19990315,Tanner McLachlan,TE,2024,CIN,64.0,85.0,90.0,71.0,68.0,61.0,84.0,74.0
PAYNEDURHAM_20000615,Payne Durham,TE,2024,TB,63.0,77.0,84.0,80.0,67.0,59.0,83.0,73.0
DEVINCULP_20000202,Devin Culp,TE,2024,TB,62.0,90.0,92.0,74.0,74.0,68.0,85.0,68.0
LUCASKRULL_19980711,Lucas Krull,TE,2024,DEN,61.0,84.0,88.0,79.0,70.0,62.0,84.0,68.0
MITCHELLWILCOX_19961107,Mitchell Wilcox,TE,2024,NE,59.0,79.0,80.0,71.0,68.0,61.0,76.0,71.0
STONESMARTT_19981008,Stone Smartt,TE,2024,LAC,59.0,85.0,91.0,79.0,78.0,48.0,91.0,62.0
GEOFFSWAIM_19930916,Geoff Swaim,TE,2024,CLE,70.50970161019927,80.32735896216673,84.82398593071568,74.60138080246543,67.35554926255944,76.93973128134735,79.26634625184377,75.77915766114302
IRVSMITHJR_19980809,Irv Smith,TE,2024,HOU,70.44369071440383,85.09256650018631,87.92700392737274,76.95105054413614,75.00112800521089,69.8657773292673,80.02598567693971,73.70374046632787
JELANIWOODS_19981009,Jelani Woods,TE,2024,IND,70.0,85.0,87.0,84.0,73.0,62.0,89.0,78.0
SHANEZYLSTRA_19961116,Shane Zylstra,TE,2024,DET,66.0,82.0,85.0,79.0,78.0,65.0,83.0,65.0
TOMMYSWEENEY_19950701,Tommy Sweeney,TE,2024,CHI,64.0,80.0,82.0,76.0,73.0,64.0,78.0,73.0
TOMMYHUDSON_19970222,Tommy Hudson,TE,2024,NO,62.0,77.0,80.0,73.0,62.0,57.0,78.0,75.0
GERRITPRINCE_19970825,Gerrit Prince,TE,2024,KC,61.0,80.0,82.0,75.0,71.0,49.0,79.0,64.0
TREYKNOX_20010814,Trey Knox,TE,2024,MIN,61.0,76.0,80.0,81.0,84.0,65.0,80.0,73.0
ZACHDAVIDSON_19980715,Zach Davidson,TE,2024,BUF,61.0,84.0,81.0,84.0,77.0,56.0,87.0,71.0
TYLERDAVIS_19970402,Tyler Davis,TE,2024,GB,60.0,82.0,86.0,77.0,70.0,68.0,79.0,74.0
TYLERMABRY_19961121,Tyler Mabry,TE,2024,SEA,60.0,75.0,82.0,75.0,67.0,62.0,77.0,73.0
AUSTINSTOGNER_20000112,Austin Stogner,TE,2024,ATL,58.0,77.0,82.0,75.0,72.0,64.0,84.0,72.0
MILLERFORRISTALL_19980311,Miller Forristall,TE,2024,LAR,58.0,79.0,79.0,81.0,71.0,49.0,84.0,74.0
NIKOLAKALINIC_19970121,Nikola Kalinic,TE,2024,LAR,58.0,79.0,81.0,69.0,70.0,57.0,75.0,65.0
SAMMISREYES_19951019,Sammis Reyes,TE,2024,MIN,57.0,84.0,88.0,74.0,72.0,46.0,89.0,81.0
ARMANIROGERS_19971204,Armani Rogers,TE,2024,ATL,63.58439491013269,85.57446008910642,88.43546275792193,81.96527310900878,78.45346625579927,60.63335597387095,84.64115698208462,68.62271540676898
CAMERONLATU_20000224,Cameron Latu,TE,2024,CLE,67.39976764822654,85.63067397996326,88.31169399256157,82.08761973559326,72.03233721133225,59.735124830142695,88.19649995684438,72.25501941936113
CHRISMYARICK_o_te,Chris Myarick,TE,2024,HOU,66.69620561716692,80.70793480801001,85.22838937957454,77.39351801251529,69.09473861553701,66.169866345738,79.80237925244302,75.28437830899384
DEVONWILLIAMS_o_pass,Rod Williams,TE,2024,PIT,63.5401250201744,85.37167066424502,88.52577181617113,81.41051120820471,78.00478468955882,56.884739842644194,85.0382989795711,70.14720208620815
DOMINIQUEDAFNEY_19970603,Dominique Dafney,TE,2024,CAR,65.50017517673325,84.1744852102031,87.51915384328004,79.92793931692843,72.54500111471938,63.704226825669366,80.91012783058,71.2372266078919
ERICTOMLINSON_19920422,Eric Tomlinson,TE,2024,LAC,69.73027635361314,74.15969740631363,80.83320963779522,71.108986763831,66.4886761519621,76.2881061132066,75.10191799000273,77.42083406974962
FELEIPEFRANKS_quarterback,Feleipe Franks,TE,2024,CAR,63.475375848008184,85.1018098338194,87.90264506323842,81.02886089041137,79.41839648912989,61.57165557540702,83.26023291710385,69.7468724344194
JACOBHOLLISTER_19931118,Jacob Hollister,TE,2024,CAR,67.23419227116551,81.2689957441612,85.39139251877947,77.43081574503036,68.66803166837488,70.31449922913202,78.59353100463318,73.15842774969428
JAKETONGES_19990708,Jake Tonges,TE,2024,SF,64.32310637421472,84.60736700495386,87.95670104950017,80.77708544059901,75.4208340443387,59.195654153638316,83.26035219342776,71.37055921912543
JODYFORTSON_19951207,Joseph Fortson,TE,2024,KC,65.10701753547266,84.22167289728247,87.41354825190268,80.19582424157635,74.91587167587167,65.3384481110063,82.17136666408356,69.39360334596176
JOHNSTEPHENSJR_19990923,John Stephens Jr.,TE,2024,DAL,62.33334392266784,86.8190442633445,89.40282269228891,83.1021339234728,81.96226753686284,56.16205398588795,87.14928790237371,67.40162749570072
JUSTINSHORTER_20000417,Justin Shorter,TE,2024,LV,64.41181410246213,88.84528624057145,90.87306679733348,83.46331781601491,75.45459659708726,56.87985950925622,87.66375893246942,68.42470107193867
THOMASODUKOYA_19970505,Thomas Odukoya,TE,2024,TEN,65.16460793587794,82.07191393808375,86.07823149723635,79.28163397928692,73.62599931368285,63.24964741519193,81.94021608505903,73.44971241437838
,Scotty Washington,TE,2024,BAL,65.3870367133785,82.12368396299485,85.95503873050967,78.88896254861483,74.64214425365785,65.25963374541743,81.71236493601879,71.7760357895038
,Sage Surratt,TE,2024,ARI,63.46935108121261,86.80298570729292,89.35730811691013,82.3779560365437,77.55019141148082,61.07663242872627,83.43471289423951,66.8190822538727
,Sal Cannella,TE,2024,TB,64.13799812323475,84.25423633209994,87.41877937682978,80.8064396288553,78.04167291104804,62.72616889276287,83.80716287948633,69.16936201342901
,Bernhard Seikovits,TE,2024,ARI,66.06723575896012,81.03181997574438,85.43694760717244,77.96195840929106,70.91232750814581,63.78830921162762,80.37698666323195,75.27320994452839
,Michael Jacobson,TE,2024,NO,64.25505339598601,82.353716235158,86.20360096634397,79.72579735553559,77.69608236507602,62.70583701977034,84.51126068761738,71.25986959898819
,Zaire Mitchell-Paden,TE,2024,BAL,64.65391830527233,82.02735466348759,86.17517339439507,78.94316819183125,75.63938779188666,59.14212055035546,83.20963939021385,73.74637002296186
,La'Michael Pettway,TE,2024,NE,65.88131898119889,84.6220272792325,87.75004920784716,79.80263709381462,71.78798900368443,63.8967181244866,79.36322322199067,70.97081391702727
,E.J. Jenkins,TE,2024,PHI,63.63078706890917,83.51379193856724,87.12675986430838,80.62659233069935,78.50687595928574,58.57742767736545,84.97015401421135,71.4437764000802
,Tanner Taula,TE,2024,TB,64.0794261369449,82.17899266176812,86.22032883164019,79.52059731454013,77.54531364459635,58.728124720149935,84.21301356878178,73.09693772697301
,Michael Ezeike,TE,2024,SEA,63.64797170644249,84.94529651433822,88.43352972333668,81.21930381965892,76.17067277108384,55.10747293627264,84.97181328643802,72.25204363682406
,Johnny Lumpkin,TE,2024,GB,65.76941768972631,80.23785295402149,84.69712426021289,77.72166980711269,73.1338691106148,63.28661220329309,80.05373747423624,75.49832294570615
,John Shenker,TE,2024,LV,64.99315226413648,82.72431534385453,86.47717640920337,79.46806641888269,74.60175183376268,61.166682819332436,81.302637199363,73.08445511333866
,Jordan Murray,TE,2024,NYG,63.387690554137635,84.94087622980692,88.23062060092667,81.45869431045885,78.20528237247365,56.72326355387759,85.28277170516077,70.78418372662873
,Joel Wilson,TE,2024,CHI,64.20715477587862,83.71801522854469,87.39850029761385,80.16797473815633,75.9740038162935,57.10057434879218,83.41858534203294,72.7988818489423
,Mike Rigerman,TE,2024,BAL,63.19332306436843,83.49087519146315,87.04573696642365,79.13226012894985,76.41334637490746,54.17831699502972,85.79711721798986,71.86464694408664
,Riley Sharp,TE,2024,BAL,64.46074761765624,81.86896076745938,85.58534638398157,77.96442349365235,74.0087555550887,60.328851311679955,82.4648385399833,72.56625949772342
,Lincoln Sefcik,TE,2024,NYJ,64.16037142835648,82.80742949953583,86.40471158522331,78.63060292696638,73.64329894630455,58.44488285390071,83.31683802668357,72.47844195943276
,Alec Holler,TE,2024,DAL,64.02888056180643,82.37899655566002,86.04656106476284,78.33240232940192,74.90005405005803,58.265887848608145,83.59550272029094,72.32115377628656
,Steven Stilianos,TE,2024,TEN,63.822426420042575,83.62348881907667,87.12174806633351,79.21158218954749,73.63691522430693,56.509772966038554,84.24845599727121,72.3456849402437
,Zach Heins,TE,2024,LAC,63.79424980578233,83.53168175967437,87.04500152623473,79.147682061498,73.90621988939736,56.471416893477,84.30816986018704,72.31198032956922
,Jacob Warren,TE,2024,NE,63.756680986767606,83.40927234713854,86.94267280610319,79.0624818907652,74.26529277618411,56.420275463392045,84.38778834407486,72.2670408486706
,Geor'Quarius Spivey,TE,2024,KC,63.13027821188848,84.12910432274555,87.38005362470443,79.81895151609665,76.56282332066675,56.0626001205726,85.6900785963013,70.63271930861129
,Mason Fairchild,TE,2024,NO,63.17453865486118,83.42967048519506,86.99457260635779,79.08966004358332,76.59288281830072,54.15274627998815,85.83692645993347,71.84217720363745
,Devon Garrison,TE,2024,SEA,63.850603034303504,83.71529587847851,87.19849460643223,79.27548231759714,73.36761055921662,56.54812903860147,84.1887421343556,72.37938955091772
DAWSONKNOX_19961114,Dawson Knox,TE,2024,BUF,80.0,87.0,90.0,85.0,76.0,81.0,91.0,72.0
MIKEGESICKI_19951003,Mike Gesicki,TE,2024,CIN,78.0,85.0,87.0,87.0,75.0,71.0,94.0,76.0
ZACHERTZ_19901110,Zach Ertz,TE,2024,WAS,76.0,81.0,80.0,80.0,71.0,81.0,79.0,74.0
WILLDISSLY_19960708,Will Dissly,TE,2024,LAC,74.0,83.0,80.0,77.0,70.0,71.0,76.0,78.0
ADAMTRAUTMAN_19970205,Adam Trautman,TE,2024,DEN,72.0,82.0,84.0,85.0,74.0,65.0,84.0,74.0
FOSTERMOREAU_19970506,Foster Moreau,TE,2024,NO,72.0,83.0,86.0,81.0,79.0,72.0,86.0,76.0
AUSTINHOOPER_19941029,Austin Hooper,TE,2024,NE,71.0,82.0,84.0,80.0,72.0,68.0,85.0,73.0
JOSHOLIVER_19970321,Josh Oliver,TE,2024,MIN,71.0,86.0,85.0,78.0,69.0,63.0,82.0,75.0
DANIELBELLINGER_20000922,Daniel Bellinger,TE,2024,NYG,70.0,85.0,89.0,79.0,70.0,75.0,84.0,79.0
BREVINJORDAN_20000716,Brevin Jordan,TE,2024,HOU,69.0,87.0,89.0,83.0,77.0,59.0,85.0,73.0
COLBYPARKINSON_19990108,Colby Parkinson,TE,2024,LAR,69.0,82.0,84.0,79.0,69.0,66.0,84.0,73.0
ELIJAHHIGGINS_20001027,Elijah Higgins,TE,2024,ARI,65.0,89.0,90.0,81.0,76.0,56.0,84.0,64.0
WILLMALLORY_19990602,Will Mallory,TE,2024,IND,65.0,87.0,89.0,77.0,73.0,66.0,87.0,72.0
DONALDPARHAMJR_19970816,Donald Parham,TE,2024,DEN,66.06587466187761,83.69440428554469,87.67198150147391,81.07474515518264,74.54686364142097,68.84932400891853,85.43080445711115,70.07877737927947
PATFREIERMUTH_19981025,Pat Freiermuth,TE,2024,PIT,82.0,83.0,83.0,77.0,72.0,80.0,88.0,78.0
GERALDEVERETT_19940625,Gerald Everett,TE,2024,CHI,81.0,84.0,87.0,81.0,76.0,76.0,88.0,69.0
HUNTERHENRY_19941207,Hunter Henry,TE,2024,NE,80.0,83.0,85.0,77.0,71.0,77.0,84.0,75.0
JUWANJOHNSON_19960913,Juwan Johnson,TE,2024,NO,77.0,88.0,88.0,84.0,78.0,78.0,85.0,69.0
MICHAELMAYER_20010706,Michael Mayer,TE,2024,LV,74.0,82.0,86.0,76.0,71.0,63.0,85.0,79.0
LUKEMUSGRAVE_20000902,Luke Musgrave,TE,2024,GB,73.0,89.0,90.0,82.0,71.0,77.0,86.0,75.0
NOAHGRAY_19990430,Noah Gray,TE,2024,KC,72.0,84.0,88.0,86.0,72.0,78.0,85.0,67.0
THEOJOHNSON_20010226,Theo Johnson,TE,2024,NYG,72.0,87.0,90.0,79.0,76.0,65.0,90.0,75.0
JAREDWILEY_20001102,Jared Wiley,TE,2024,KC,70.0,85.0,89.0,77.0,72.0,62.0,88.0,75.0
KYLENGRANSON_19980327,Kylen Granson,TE,2024,IND,69.0,85.0,89.0,82.0,76.0,69.0,87.0,69.0
JA'TAVIONSANDERS_20030327,Ja'Tavion Sanders,TE,2024,CAR,68.0,83.0,90.0,79.0,75.0,68.0,78.0,67.0
TIPREIMAN_20010917,Tip Reiman,TE,2024,ARI,68.0,84.0,88.0,82.0,75.0,70.0,84.0,77.0
ERICKALLJR_20000913,Erick All,TE,2024,CIN,67.0,86.0,87.0,83.0,74.0,62.0,83.0,72.0
TANNERHUDSON_19941112,Tanner Hudson,TE,2024,CIN,67.0,82.0,85.0,77.0,69.0,70.0,80.0,70.0
CADESTOVER_20000612,Cade Stover,TE,2024,HOU,65.0,84.0,88.0,67.0,70.0,65.0,83.0,73.0
A.J.BARNER_20020503,AJ Barner,TE,2024,SEA,71.11965348328818,84.87826305241083,88.8514729780014,80.9177323873256,75.84886815727849,65.0951063643954,86.5036487348832,73.17044846881811
TRAVISKELCE_19891005,Travis Kelce,TE,2024,KC,99.0,85.0,87.0,85.0,75.0,99.0,94.0,79.0
GEORGEKITTLE_19931009,George Kittle,TE,2024,SF,97.0,88.0,88.0,84.0,78.0,97.0,90.0,82.0
MARKANDREWS_19950906,Mark Andrews,TE,2024,BAL,94.0,87.0,90.0,80.0,76.0,94.0,93.0,81.0
T.J.HOCKENSON_19970703,T.J. Hockenson,TE,2024,MIN,91.0,84.0,87.0,83.0,80.0,93.0,89.0,80.0
DAVIDNJOKU_19960710,David Njoku,TE,2024,CLE,90.0,87.0,90.0,83.0,74.0,92.0,95.0,72.0
EVANENGRAM_19940902,Evan Engram,TE,2024,JAX,88.0,88.0,90.0,87.0,80.0,91.0,89.0,66.0
SAMLAPORTA_20010112,Sam LaPorta,TE,2024,DET,86.0,86.0,88.0,85.0,77.0,87.0,84.0,74.0
DALLASGOEDERT_19950103,Dallas Goedert,TE,2024,PHI,85.0,86.0,87.0,83.0,74.0,83.0,85.0,78.0
DALTONSCHULTZ_19960711,Dalton Schultz,TE,2024,HOU,84.0,83.0,85.0,80.0,73.0,89.0,79.0,76.0
COLEKMET_19990310,Cole Kmet,TE,2024,CHI,83.0,85.0,86.0,73.0,71.0,90.0,86.0,76.0
KYLEPITTS_20001006,Kyle Pitts,TE,2024,ATL,83.0,91.0,93.0,81.0,78.0,76.0,92.0,71.0
TREYMCBRIDE_19991122,Trey McBride,TE,2024,ARI,82.0,87.0,90.0,76.0,72.0,86.0,82.0,73.0
TYLERHIGBEE_19930101,Tyler Higbee,TE,2024,LAR,81.0,82.0,79.0,81.0,70.0,85.0,83.0,79.0
DALTONKINCAID_19991018,Dalton Kincaid,TE,2024,BUF,79.0,86.0,90.0,87.0,79.0,75.0,90.0,71.0
JAKEFERGUSON_19990118,Jake Ferguson,TE,2024,DAL,79.0,81.0,86.0,81.0,73.0,82.0,93.0,69.0
BROCKBOWERS_20021213,Brock Bowers,TE,2024,LV,78.0,89.0,91.0,86.0,82.0,74.0,84.0,75.0
JONNUSMITH_19950822,Jonnu Smith,TE,2024,MIA,78.0,89.0,85.0,79.0,78.0,82.0,88.0,78.0
TYLERCONKLIN_19950730,Tyler Conklin,TE,2024,NYJ,76.0,84.0,85.0,78.0,77.0,72.0,88.0,66.0
CADEOTTON_19990415,Cade Otton,TE,2024,TB,75.0,81.0,84.0,70.0,67.0,80.0,77.0,77.0
NOAHFANT_19971120,Noah Fant,TE,2024,SEA,75.0,88.0,91.0,87.0,77.0,66.0,87.0,72.0
TAYSOMHILL_19900823,Taysom Hill,TE,2024,NO,75.0,90.0,89.0,83.0,83.0,73.0,90.0,82.0
LOGANTHOMAS_19910701,Logan Thomas,TE,2024,SF,74.0,82.0,85.0,79.0,75.0,78.0,87.0,74.0
ISAIAHLIKELY_20000418,Isaiah Likely,TE,2024,BAL,72.0,83.0,87.0,81.0,76.0,69.0,86.0,66.0
BENSINNOTT_20020614,Ben Sinnott,TE,2024,WAS,71.0,83.0,89.0,88.0,78.0,71.0,90.0,70.0
DURHAMSMYTHE_19950809,Durham Smythe,TE,2024,MIA,71.0,82.0,84.0,76.0,74.0,79.0,76.0,75.0
TUCKERKRAFT_20001103,Tucker Kraft,TE,2024,GB,69.0,82.0,87.0,81.0,75.0,70.0,82.0,76.0
CHIGOZIEMOKONKWO_19990908,Chig Okonkwo,TE,2024,TEN,77.17767158656,89.71753002333617,91.83718759381341,82.57613661818311,78.01733376062634,79.45968118195628,86.90039217820583,70.5791226052853
DARRENWALLER_19920913,Darren Waller,TE,2024,NYG,78.2701699795972,87.12750495166506,88.23235857310883,83.19445170792528,72.07078603134619,84.90597181641715,90.62066569418391,67.44084550793309
AARONRODGERS_19831202,Aaron Rodgers,QB,2024,NYJ,83.0,79.0,76.0,79.0,76.0,78.0,74.0,59.0
DANIELJONES_19970527,Daniel Jones,QB,2024,NYG,71.0,87.0,88.0,83.0,76.0,67.0,80.0,67.0
COOPERRUSH_19931121,Cooper Rush,QB,2024,DAL,66.0,74.0,76.0,70.0,69.0,71.0,74.0,62.0
CLAYTONTUNE_19990323,Clayton Tune,QB,2024,ARI,62.0,85.0,89.0,86.0,81.0,56.0,87.0,60.0
KYLEALLEN_19960308,Kyle Allen,QB,2024,PIT,60.0,82.0,78.0,75.0,77.0,62.0,71.0,53.0
KYLETRASK_19980306,Kyle Trask,QB,2024,TB,59.0,70.0,80.0,78.0,73.0,60.0,77.0,57.0
SEANCLIFFORD_19980714,Sean Clifford,QB,2024,GB,58.0,84.0,87.0,87.0,79.0,54.0,75.0,59.0
SAMEHLINGER_19980930,Sam Ehlinger,QB,2024,IND,56.0,78.0,79.0,82.0,77.0,53.0,85.0,67.0
LOGANWOODSIDE_19950127,Logan Woodside,QB,2024,CIN,53.0,78.0,79.0,78.0,80.0,62.0,77.0,58.0
BAILEYZAPPE_19990426,Bailey Zappe,QB,2024,CLE,58.38681549692251,79.5636878704172,83.9863264755279,81.91947555870473,77.3865502697081,57.32040788631707,84.71997784765495,60.96138908420987
MALIKWILLIS_19990525,Malik Willis,QB,2024,GB,59.85503083386834,83.833932873246,88.81080801608982,84.59632111379995,77.40642542953418,56.53281546557173,85.3527407157228,61.820059287886224
MIKEWHITE_19950325,Mike White,QB,2024,BUF,57.94099879921441,71.5419483014814,74.36209380581477,68.74786308646725,69.28187577464291,60.14529398641571,77.6542371064802,62.8217420382326
NATHANPETERMAN_19940504,Nathan Peterman,QB,2024,ATL,59.31060862440063,77.9292049686012,80.7232090169257,77.76188026411967,73.71569596530816,64.05131761957182,77.08584162648435,60.40357685680101
TEDDYBRIDGEWATER_19921110,Teddy Bridgewater,QB,2024,DET,63.24714985662763,78.3573880469985,78.51533232594488,76.84476748580755,76.40049296920859,73.32710291269473,74.56330344600065,56.14462092106649
TREVORSIEMIAN_19920101,Trevor Siemian,QB,2024,TEN,59.070155948765205,73.21065386801047,73.85674968683043,72.9708839166866,69.33694262870404,68.8910302215968,75.90042175396616,60.896302371615135
CARTERBRADLEY_20000309,Carter Bradley,QB,2024,LV,59.0,78.0,89.0,79.0,75.0,42.0,81.0,63.0
EMORYJONES_20000429,Emory Jones,QB,2024,BAL,55.55389677970277,81.58851294428018,85.84462751862725,80.66168649274096,76.80970717114326,49.70729719602542,82.93250523446557,59.69609919376637
SAMHARTMAN_19990729,Sam Hartman,QB,2024,WAS,54.90347049196771,79.74786012257232,84.98697830708886,78.27937937629622,74.50480895270971,49.42808111933999,79.1769641416206,59.11240261342061
,John Rhys Plumlee,QB,2024,JAX,57.13028074223041,83.5747453414208,86.78133379681287,83.81412765407822,80.57837424705076,48.42903516044606,84.0983279400624,55.617083841244494
,Austin Reed,QB,2024,CHI,58.226803241315565,81.14309084705542,86.72640218964955,81.3067887215459,76.42589789533065,51.22457363946529,82.76850655240298,62.046284416969684
,Jack Plummer,QB,2024,CAR,55.27179030745458,80.78041020355681,82.9073205008226,77.97426764791942,75.15763613219167,48.83603158426695,79.26333969515167,62.706948216396086
,Jason Bean,QB,2024,IND,54.74434866878721,81.85421934117767,84.12828748797142,80.56482053740592,77.87273048745408,47.77728176600215,81.9869300154536,55.60495123017711
,Kedon Slovis,QB,2024,HOU,59.43307872119226,86.49224699381034,90.20932169874902,84.32180608596263,79.23792587410748,50.207655908989636,80.9995983266831,63.68318007832795
,Tanner Mordecai,QB,2024,SF,57.772911647073556,81.84356319027643,85.98150797446692,81.31028829179672,77.05805634151227,50.393401779710814,81.85128848349234,61.86499695127145
ANDYDALTON_19871029,Andy Dalton,QB,2024,CAR,72.0,75.0,68.0,73.0,71.0,73.0,73.0,54.0
JAMEISWINSTON_19940106,Jameis Winston,QB,2024,CLE,70.0,77.0,73.0,76.0,74.0,67.0,75.0,72.0
SAMDARNOLD_19970605,Sam Darnold,QB,2024,MIN,70.0,81.0,82.0,80.0,77.0,72.0,67.0,60.0
JACOBYBRISSETT_19921211,Jacoby Brissett,QB,2024,NE,69.0,80.0,76.0,78.0,72.0,65.0,72.0,73.0
JOSHUADOBBS_19950126,Joshua Dobbs,QB,2024,SF,69.0,89.0,87.0,85.0,78.0,63.0,80.0,74.0
MARCUSMARIOTA_19931030,Marcus Mariota,QB,2024,WAS,67.0,87.0,89.0,86.0,83.0,57.0,84.0,60.0
DAVISMILLS_19981021,Davis Mills,QB,2024,HOU,65.0,78.0,76.0,77.0,75.0,68.0,77.0,56.0
CARSONWENTZ_19921230,Carson Wentz,QB,2024,KC,64.0,81.0,83.0,79.0,77.0,61.0,70.0,72.0
CASEKEENUM_19880217,Case Keenum,QB,2024,HOU,63.0,78.0,73.0,73.0,71.0,63.0,78.0,54.0
JEFFDRISKEL_19930423,Jeff Driskel,QB,2024,WAS,63.0,86.0,87.0,81.0,77.0,64.0,76.0,70.0
DORIANTHOMPSON-ROBINSON_19991114,Dorian Thompson-Robinson,QB,2024,CLE,61.0,87.0,88.0,84.0,82.0,40.0,83.0,61.0
C.J.BEATHARD_19931116,C.J. Beathard,QB,2024,JAX,57.0,79.0,71.0,75.0,76.0,65.0,79.0,64.0
BRETTRYPIEN_19960709,Brett Rypien,QB,2024,MIN,60.51158977130535,78.65568634569468,81.31506137140957,74.9237932237528,74.49581656600981,61.984689770105945,77.12507924224508,57.282038034946254
JARENHALL_19980324,Jaren Hall,QB,2024,SEA,62.29308042586024,82.50151149651515,86.56326828314207,82.19960983626038,79.92954567823773,58.0272793758524,81.03747875898489,58.3016012488722
MICHAELPRATT_20010930,Michael Pratt,QB,2024,TB,58.763784376109925,83.85171126918817,87.99308477901127,84.3714599645615,79.5911307589937,53.75160278410084,84.09662703454262,61.89712447932925
TIMBOYLE_19941003,Tim Boyle,QB,2024,NYG,61.62639011994224,79.16256415010776,81.39935534475535,74.72027497149043,74.83497775599773,64.3161477910466,74.68282904521561,64.52453791370874
TYLERHUNTLEY_19980203,Tyler Huntley,QB,2024,BAL,59.15965181785259,82.51596175174177,84.6251161196393,79.36315588571927,78.53889000101321,58.81373746603941,80.44730366793112,55.486550618947376
JOEMILTONIII_20000306,Joe Milton III,QB,2024,NE,62.0,83.0,85.0,77.0,75.0,58.0,83.0,64.0
DEVINLEARY_19990910,Devin Leary,QB,2024,BAL,58.0,80.0,82.0,75.0,72.0,44.0,72.0,54.0
DESHAUNWATSON_19950914,Deshaun Watson,QB,2024,CLE,75.0,85.0,88.0,89.0,85.0,63.0,81.0,69.0
ANTHONYRICHARDSON_20020522,Anthony Richardson,QB,2024,IND,74.0,91.0,92.0,88.0,87.0,71.0,93.0,73.0
BONIX_20000225,Bo Nix,QB,2024,DEN,71.0,84.0,87.0,76.0,73.0,72.0,74.0,60.0
J.J.MCCARTHY_20030120,J.J. McCarthy,QB,2024,MIN,71.0,85.0,88.0,88.0,83.0,62.0,81.0,68.0
MACJONES_19980905,Mac Jones,QB,2024,JAX,69.0,83.0,80.0,81.0,76.0,69.0,75.0,60.0
JIMMYGAROPPOLO_19911102,Jimmy Garoppolo,QB,2024,LAR,67.0,74.0,72.0,74.0,70.0,62.0,73.0,63.0
SPENCERRATTLER_20000928,Spencer Rattler,QB,2024,NO,67.0,76.0,85.0,77.0,78.0,60.0,78.0,56.0
JORDANTRAVIS_20000502,Jordan Travis,QB,2024,NYJ,66.0,88.0,90.0,88.0,86.0,51.0,84.0,67.0
MASONRUDOLPH_19950717,Mason Rudolph,QB,2024,TEN,66.0,75.0,77.0,68.0,66.0,69.0,71.0,66.0
MITCHELLTRUBISKY_19940820,Mitchell Trubisky,QB,2024,BUF,65.0,85.0,86.0,87.0,82.0,52.0,69.0,71.0
DREWLOCK_19961110,Drew Lock,QB,2024,NYG,64.0,83.0,86.0,80.0,80.0,67.0,76.0,68.0
EASTONSTICK_19960915,Easton Stick,QB,2024,LAC,62.0,86.0,87.0,90.0,85.0,65.0,78.0,65.0
JARRETTSTIDHAM_19960808,Jarrett Stidham,QB,2024,DEN,62.0,78.0,78.0,73.0,75.0,66.0,76.0,62.0
NICKMULLENS_19950321,Nick Mullens,QB,2024,MIN,61.0,75.0,80.0,72.0,71.0,60.0,76.0,57.0
TOMMYDEVITO_19980807,Tommy DeVito,QB,2024,NYG,61.0,84.0,87.0,82.0,80.0,63.0,80.0,62.0
TYSONBAGENT_20000608,Tyson Bagent,QB,2024,CHI,56.0,79.0,86.0,85.0,77.0,56.0,84.0,59.0
MICHAELPENIXJR_20000508,Michael Penix Jr.,QB,2024,ATL,67.61027208872429,82.22415877855201,85.70921583978146,79.85696391155295,77.17711702171835,60.36725659469562,83.07996858431432,63.61973967019344
P.J.WALKER_19950226,PJ Walker,QB,2024,SEA,65.65306937242235,82.18564920082883,83.91165595938527,82.28727626678528,81.45012942758319,71.56102013091254,70.46911712642486,55.52132163848887
TAYLORHEINICKE_19930315,Taylor Heinicke,QB,2024,LAC,66.95037092759071,80.84222690401737,82.23298255894642,79.24921496684954,78.54359082250107,74.83753236411394,69.36855127042224,57.08294220596508
JOEFLACCO_19850116,Joe Flacco,QB,2024,IND,72.0,73.0,70.0,69.0,63.0,74.0,71.0,66.0
TYRODTAYLOR_19890803,Tyrod Taylor,QB,2024,NYJ,68.0,86.0,87.0,87.0,84.0,58.0,85.0,57.0
ZACHWILSON_19990803,Zach Wilson,QB,2024,DEN,68.0,83.0,88.0,84.0,80.0,64.0,74.0,61.0
HENDONHOOKER_19980113,Hendon Hooker,QB,2024,DET,66.0,86.0,90.0,86.0,83.0,35.0,80.0,67.0
SKYLARTHOMPSON_19970604,Skylar Thompson,QB,2024,MIA,65.0,77.0,85.0,83.0,80.0,64.0,76.0,65.0
TREYLANCE_20000509,Trey Lance,QB,2024,DAL,65.0,87.0,91.0,89.0,85.0,32.0,82.0,71.0
JAKEHAENER_19990316,Jake Haener,QB,2024,NO,63.0,83.0,88.0,82.0,81.0,65.0,82.0,61.0
MAXDUGGAN_20031201,Max Duggan,QB,2024,LAC,60.0,88.0,88.0,80.0,75.0,39.0,79.0,69.0
JOSHJOHNSON_19860515,Josh Johnson,QB,2024,BAL,59.0,80.0,81.0,81.0,74.0,61.0,81.0,53.0
TANNERMCKEE_20000427,Tanner McKee,QB,2024,PHI,57.0,77.0,84.0,76.0,74.0,63.0,78.0,61.0
CHRISOLADOKUN_19970903,Chris Oladokun,QB,2024,KC,55.0,83.0,84.0,81.0,76.0,43.0,79.0,60.0
NATESUDFELD_19931007,Nate Sudfeld,QB,2024,DET,55.0,72.0,67.0,65.0,64.0,64.0,72.0,65.0
BRANDONALLEN_19920905,Brandon Allen,QB,2024,SF,54.0,75.0,71.0,76.0,74.0,61.0,70.0,56.0
SHANEBUECHELE_19980108,Shane Buechele,QB,2024,BUF,52.0,75.0,77.0,72.0,70.0,57.0,74.0,51.0
DRESSERWINN_19981111,Dresser Winn,QB,2024,LAR,50.0,79.0,78.0,75.0,73.0,49.0,81.0,57.0
ANTHONYBROWN_19980727,Anthony Brown,QB,2024,ARI,56.61152521485883,82.43071720645787,85.81700415242287,80.79641337184502,79.68047033816674,53.46611447319469,81.27657868260235,62.99068727900499
BENDINUCCI_19961124,Ben DiNucci,QB,2024,NO,57.104958600419764,80.96911838163572,84.77781980707758,77.83601202080646,75.16114613243872,56.545045322856595,77.84440790990914,56.907854101923476
E.J.PERRY_quarterback,E.J. Perry,QB,2024,JAX,55.46902439670657,82.16835037191925,86.2658752320446,78.84807887741377,76.63197740847272,52.5899963434249,79.33054388003063,58.63326273016173
IANBOOK_19980330,Ian Book,QB,2024,PHI,64.08481626770754,83.9038429146259,87.35012064139633,83.02227492190872,79.37347938421044,61.638644773387796,78.37409807954532,56.18883891085761
JAKEFROMM_19980730,Jake Fromm,QB,2024,DET,61.86131683669851,77.98965491037507,80.99932758160125,76.34172056915293,73.0487910300717,62.590723957169985,75.65998452204224,58.428118917386655
JAKELUTON_19960411,Jake Luton,QB,2024,LV,56.75126742636792,79.45587111159148,83.4946763482537,75.33043258593688,73.0001500077833,54.42020513557418,78.96743706494794,64.20005528795559
JOHNWOLFORD_19951016,John Wolford,QB,2024,JAX,56.92559822269811,81.62042526314036,83.21614787471947,78.58084404129907,77.4870415485384,59.81801110664719,76.50537664100023,53.34756270356661
MATTCORRAL_quarterback,Matt Corral,QB,2024,MIN,63.91379166111551,82.15615735544776,85.87160585630662,79.87991335704172,75.08481185863275,60.72962692908095,77.44882101709993,57.291967925975996
MATTRYAN_19850517,Matt Ryan,QB,2024,ATL,71.85089386476375,72.07048024794341,70.85278395882318,69.86273381895795,71.14717844159941,75.248623782609,68.97468856946114,58.359725558859054
STETSONBENNETTIV_19971028,Stetson Bennett,QB,2024,LAR,64.98472357008472,84.05191208293536,89.46392342619828,82.5334318898754,77.68713349460768,57.78076031856153,76.89017884165946,50.75200464867976
TRACEMCSORLEY_19950823,Trace McSorley,QB,2024,WAS,61.543229225834466,83.51246146067274,86.46903990948101,81.1251198884386,78.64375801058486,59.0155964070625,77.88238936381981,54.43807248041571
WILLGRIER_19950403,Will Grier,QB,2024,DAL,66.69835085598902,79.38999233905321,83.45297983422213,80.66508536687746,78.00824650049071,62.488775913299605,79.08493575006969,59.843028268853914
,Luis Perez,QB,2024,LAC,56.11077429989564,79.83163272390374,82.4435484411571,76.83463864719172,76.44759217754563,55.83268784007964,77.6589345467221,61.037488892489364
,Nathan Rourke,QB,2024,NYG,56.67804201938327,82.41618714398209,84.74714662904492,80.08563098179766,78.80424445912013,57.941885913969145,79.2669297496418,56.62366095685729
,Adrian Martinez,QB,2024,NYJ,55.32695034668279,82.9734642847144,86.73841029920834,80.52725961816118,78.45075228918995,53.072183699033985,82.06492231177128,61.52332645348065
,Andrew Peasley,QB,2024,NYJ,60.51754160022392,81.49228535976283,84.27574178198154,78.76206448130098,78.99627632747479,58.00682125650246,78.3663017357693,58.21733541411004
,Zack Annexstad,QB,2024,TB,60.762433137101425,81.31964466247422,84.89066289349825,78.64535750447145,78.87032182277653,57.89134713776684,78.25784137824655,56.94471995829895
,Rocky Lombardi,QB,2024,CIN,60.86893078642345,80.55979354765981,84.567680864196,77.62647499557305,78.01683833132574,55.25555001792577,77.07296476368879,58.958646067385644
,Casey Bauman,QB,2024,LAC,60.42570727389409,81.557025621246,84.0451463651626,78.80582959761206,79.04350926673624,58.050124051029115,78.4069743698401,58.694566210039284
,John Paddock,QB,2024,ATL,60.563458763388894,81.45991522902114,84.39103949039077,78.74018192314519,78.97265985784452,57.985169859240614,78.34596541873373,57.978720016145644
JOEBURROW_19961210,Joe Burrow,QB,2024,CIN,93.0,83.0,86.0,82.0,79.0,96.0,74.0,68.0
KIRKCOUSINS_19880819,Kirk Cousins,QB,2024,ATL,84.0,75.0,73.0,70.0,68.0,80.0,71.0,52.0
KYLERMURRAY_19970807,Kyler Murray,QB,2024,ARI,77.0,92.0,93.0,90.0,89.0,66.0,64.0,59.0
BRYCEYOUNG_20010705,Bryce Young,QB,2024,CAR,73.0,87.0,89.0,84.0,88.0,74.0,75.0,54.0
KENNYPICKETT_19980606,Kenny Pickett,QB,2024,PHI,72.0,81.0,87.0,80.0,78.0,73.0,80.0,68.0
WILLLEVIS_19990627,Will Levis,QB,2024,TEN,72.0,80.0,85.0,83.0,79.0,70.0,89.0,69.0
DESMONDRIDDER_19990831,Desmond Ridder,QB,2024,ARI,71.0,88.0,91.0,79.0,81.0,70.0,86.0,64.0
JAKEBROWNING_19960411,Jake Browning,QB,2024,CIN,68.0,80.0,83.0,77.0,74.0,71.0,72.0,57.0
AIDANO'CONNELL_19980901,Aidan O'Connell,QB,2024,LV,67.0,75.0,79.0,73.0,75.0,66.0,73.0,55.0
GARDNERMINSHEWII_19960516,Gardner Minshew,QB,2024,LV,72.78846769427923,80.84688659556707,83.90137590369855,78.45986470901418,79.37815913192253,73.1543541989663,77.4948390143287,62.778569110296644
JUSTINHERBERT_19980310,Justin Herbert,QB,2024,LAC,87.0,86.0,89.0,80.0,72.0,85.0,84.0,71.0
DRAKEMAYE_20020830,Drake Maye,QB,2024,NE,74.0,86.0,88.0,82.0,78.0,69.0,72.0,62.0
JAYDENDANIELS_20001218,Jayden Daniels,QB,2024,WAS,74.0,90.0,91.0,91.0,88.0,70.0,86.0,59.0
SAMHOWELL_20000916,Sam Howell,QB,2024,SEA,69.0,82.0,87.0,78.0,78.0,57.0,71.0,64.0
PATRICKMAHOMES_19950917,Patrick Mahomes,QB,2024,KC,99.0,87.0,88.0,87.0,87.0,99.0,74.0,70.0
LAMARJACKSON_19970107,Lamar Jackson,QB,2024,BAL,98.0,95.0,95.0,95.0,96.0,98.0,91.0,63.0
JOSHALLEN_19960521,Josh Allen,QB,2024,BUF,92.0,88.0,92.0,85.0,82.0,87.0,92.0,80.0
DAKPRESCOTT_19930729,Dak Prescott,QB,2024,DAL,90.0,84.0,84.0,83.0,81.0,86.0,79.0,75.0
TUATAGOVAILOA_19980302,Tua Tagovailoa,QB,2024,MIA,88.0,83.0,85.0,79.0,80.0,90.0,73.0,61.0
JALENHURTS_19980807,Jalen Hurts,QB,2024,PHI,86.0,89.0,91.0,91.0,91.0,80.0,86.0,76.0
BROCKPURDY_19991227,Brock Purdy,QB,2024,SF,85.0,78.0,88.0,81.0,77.0,88.0,70.0,63.0
MATTHEWSTAFFORD_19880207,Matthew Stafford,QB,2024,LAR,83.0,76.0,68.0,71.0,66.0,82.0,75.0,66.0
JAREDGOFF_19941014,Jared Goff,QB,2024,DET,82.0,78.0,81.0,74.0,71.0,81.0,68.0,64.0
C.J.STROUD_20011003,C.J. Stroud,QB,2024,HOU,81.0,82.0,87.0,80.0,75.0,81.0,78.0,61.0
JORDANLOVE_19981102,Jordan Love,QB,2024,GB,81.0,84.0,86.0,77.0,71.0,84.0,85.0,62.0
BAKERMAYFIELD_19950414,Baker Mayfield,QB,2024,TB,79.0,84.0,83.0,82.0,78.0,77.0,73.0,69.0
GENOSMITH_19901010,Geno Smith,QB,2024,SEA,78.0,89.0,84.0,80.0,74.0,79.0,81.0,58.0
TREVORLAWRENCE_19991006,Trevor Lawrence,QB,2024,JAX,77.0,87.0,89.0,88.0,83.0,73.0,81.0,69.0
CALEBWILLIAMS_20011118,Caleb Williams,QB,2024,CHI,76.0,86.0,89.0,85.0,82.0,76.0,83.0,65.0
RUSSELLWILSON_19881129,Russell Wilson,QB,2024,PIT,76.0,86.0,87.0,89.0,86.0,65.0,82.0,59.0
DEREKCARR_19910328,Derek Carr,QB,2024,NO,75.0,83.0,84.0,78.0,80.0,72.0,83.0,61.0
JUSTINFIELDS_19990305,Justin Fields,QB,2024,PIT,75.0,93.0,96.0,93.0,92.0,61.0,84.0,65.0
GRAHAMGANO_19870409,Graham Gano,K,2024,NYG,77.0,75.0,77.0,64.0,55.0,63.0,36.0,63.0
CHADRYLAND_19991015,Chad Ryland,K,2024,NE,68.0,73.0,74.0,60.0,55.0,54.0,66.0,40.0
AUSTINSEIBERT_19961115,Austin Seibert,K,2024,WAS,70.78837330537726,72.75163771730968,75.12850538617727,63.31050655082106,55.904939800130876,58.72572469253373,56.044857938692985,47.433196372507155
HOGANHATTEN_20000806,Hogan Hatten,LS,2024,DET,61.48550713303382,76.83401063548081,78.50608624041479,67.37669224446608,55.84253367399063,43.857705623183165,50.92050946989275,54.51625355089254
JEREMYCRAWSHAW_20010522,Charlie Smyth,K,2024,NO,65.43734555218964,74.95832659752932,77.4700043728053,66.04281264540543,55.83165876111539,48.11777742392951,58.15934788332652,47.468621971558605
MATTHAACK_19940725,Matt Haack,P,2024,JAX,71.4057768766458,76.14595410829679,76.83803222555844,66.49996811687345,54.309286261170925,56.89035381683016,52.534956980858624,49.950532118756655
MATTHEWHAYBALL_19970312,Matthew Hayball,P,2024,NO,68.06620834969834,75.16484158435742,76.26707293345953,66.52669497385352,52.68194415589173,48.08601211008818,66.15537111827234,33.885112485897025
MATTHEWWRIGHT_19960322,Matthew Wright,K,2024,SF,73.57046323703707,75.20207829031415,75.8452987991534,65.72489922350746,53.461585748417676,56.98852007494543,58.84553119128759,39.549681641300594
RAMIZAHMED_19950727,Alex Hale,K,2024,GB,66.36719323786872,75.64452807275802,76.88725947863804,66.82525519489639,53.61168439097624,46.76008936115545,61.670071597568494,40.289649396190725
RYANREHKOW_19980911,Ryan Rehkow,P,2024,CIN,63.68314467771512,76.6391344536296,77.9166389788661,67.92307104280155,54.6513938082756,43.83958749855219,55.88641338603429,51.28963665068886
SPENCERSHRADER_19990519,Spencer Shrader,K,2024,KC,66.71443152758326,75.43146412806755,76.89407816300945,66.6612607091239,54.07126275776217,47.04813145013327,60.983496864854715,41.947369328504465
TREYWOLFF_special_teams,Nolan Cooney,P,2024,TB,69.60261491273997,75.15236840352236,76.86067150700796,65.70920659979606,54.8823004624071,55.062855580222504,58.24969262883951,43.411360715778756
,Tucker Addington,LS,2024,NE,66.24841414112865,77.01349944941285,77.83988989288537,67.11435811911781,55.14128686757746,50.47606839149648,49.91325250374484,52.47463367446653
,Lucas Havrisik,K,2024,BUF,70.26030530905552,75.65368856442274,76.61601951499097,66.04650986917852,54.786648560725965,52.227384739671606,55.13346398724116,44.698879788836166
,Peter Bowden,LS,2024,JAX,61.013555919314854,77.27539773304534,78.71825664642711,67.6857862743974,56.167987669237604,42.55757794688998,47.68096843317562,58.20183629426492
,Jack Browning,P,2024,TB,66.14089006853868,74.88180359157195,77.04827528992269,65.45941203457949,55.36507968474859,48.785104492213804,58.14192688125331,42.4187491943926
,Brayden Narveson,K,2024,GB,63.92004347047384,76.12728534974758,77.6703569210681,66.74612881501264,54.9844720799142,45.719626248865325,55.34443879440278,47.01359692600272
,Ryan Sanborn,P,2024,LAR,65.04732428818716,75.27695820004055,77.53906145035012,66.22258654001689,55.70245598964303,47.41440772856731,56.99218660945007,47.86952026714516
,Jude McAtamney,K,2024,NYG,65.97473461688963,75.64010199269524,77.17351964483305,66.69768287104546,54.63396511532463,46.464089431949105,58.24679835088318,45.182344251995346
JACKFOX_19960901,Jack Fox,P,2024,DET,77.0,80.0,82.0,64.0,56.0,65.0,69.0,50.0
JAKEBAILEY_19970618,Jake Bailey,P,2024,MIA,76.0,82.0,85.0,66.0,56.0,65.0,80.0,43.0
SAMMARTIN_19900227,Sam Martin,P,2024,BUF,76.0,76.0,72.0,55.0,51.0,67.0,65.0,46.0
DANIELWHELAN_19990210,Daniel Whelan,P,2024,GB,70.0,78.0,79.0,57.0,50.0,53.0,75.0,57.0
BRADROBBINS_19981006,Brad Robbins,P,2024,CIN,69.0,75.0,76.0,67.0,62.0,51.0,68.0,47.0
LOUHEDLEY_19930626,Lou Hedley,P,2024,NO,67.0,80.0,82.0,72.0,67.0,50.0,71.0,67.0
AARONBREWER_19900705,Aaron Brewer,LS,2024,ARI,76.33017006035516,72.53542467916265,73.32322684069996,64.08079070437248,49.54801234264232,66.19384882174609,63.2106403436303,60.157219743314705
ALEXWARD_19990421,Alex Ward,LS,2024,LAR,69.83392310422641,70.78592632247586,74.6691828996943,64.51668618468247,60.63968524981556,58.99585537160078,71.77496282184916,57.79126109773582
ANDERSCARLSON_19980616,Anders Carlson,K,2024,NYJ,70.78391892820764,77.37033919161468,78.1012970205719,65.2772003534759,57.289151165068006,56.74312975400949,79.32612643727748,56.61481228170608
BLAKEFERGUSON_19970421,Blake Ferguson,LS,2024,MIA,70.67936774680197,72.48894635086128,74.92891678742258,65.96949414352872,47.80910401644337,53.82550916110722,72.72196843875076,57.53984788388667
CALADOMITIS_19980709,Cal Adomitis,LS,2024,CIN,67.60228990077144,66.0785588323435,69.96495526817817,62.27944332997527,47.361382326263765,46.20530733382634,65.72940524778437,58.52071650233011
CASEYKREITER_19900813,Casey Kreiter,LS,2024,NYG,73.55406275816313,67.54192264583708,68.61674054581879,61.335146196774105,49.040926799867066,64.1312417405959,60.49739843618795,60.109918688393236
CHARLEYHUGHLETT_19900516,Charley Hughlett,LS,2024,CLE,74.95263540455676,70.45731403363459,71.42413060424023,63.179373175885274,46.77875452831904,65.71541874853392,62.357746368185644,63.032403239682246
CHRISSTOLL_19980803,Chris Stoll,LS,2024,SEA,66.88113858355246,72.54784819242087,75.12356259527398,64.56110453441855,50.29734750470561,52.30623557384342,72.90328251704454,61.50134205253575
CHRISTIANKUNTZ_19940413,Christian Kuntz,LS,2024,PIT,73.3338988691039,70.30699751660455,72.1456822975336,62.624268263723394,52.56414089603686,60.87041042634337,64.14527484961832,54.370535029410945
J.J.JANSEN_19860120,J.J. Jansen,LS,2024,CAR,77.67112214856229,68.71415997603088,69.21189259174882,61.71150173932034,50.19508071396649,71.1055841385105,55.399895704928895,59.30585211712045
JACOBBOBENMOYER_19970528,Jacob Bobenmoyer,LS,2024,LV,71.4653492653731,71.59106966689598,73.8436940478417,63.60048926556396,51.121699275687206,56.97281560648344,68.8025285035958,55.763625855974524
JAKEMCQUAIDE_19871207,Jake McQuaide,LS,2024,CHI,76.59737916639324,68.0489746827725,68.63732486319215,61.406768867076956,49.58673852912966,68.06508470962171,58.00685196986865,58.61329105722027
JAMESWINCHESTER_19890806,James Winchester,LS,2024,KC,76.8410427463673,71.84380804225304,72.4163089057778,63.150277210313014,55.204518707257876,66.2735558897175,61.13781062633211,54.27670865367386
JOECARDONA_19920416,Joe Cardona,LS,2024,NE,76.18399340096835,71.17514922659433,68.26033023133364,62.65920602634086,25.25255308739611,54.48896381205759,72.08042142161571,59.25118284089346
JONWEEKS_19860217,Jon Weeks,LS,2024,HOU,73.50894123691432,66.69263616959591,67.83243033399751,60.57421889568347,52.80430822804988,68.18730349111706,53.91471676414699,59.689763672016646
JOSHHARRIS_19890427,Josh Harris,LS,2024,LAC,74.49074065796981,70.49554235352377,72.30204016529945,62.49424428845686,59.570145323677025,69.41858720497066,59.603775632351926,56.36920241829935
LIAMMCCULLOUGH_19970605,Liam McCullough,LS,2024,ATL,70.81607741543667,70.67045376920805,72.93346090685121,63.283295213581326,48.99153502851004,56.690232310995725,68.87079744268226,58.047224377387344
LUKERHODES_19921202,Luke Rhodes,LS,2024,IND,73.00504004987556,70.73300937666284,72.37695511117751,63.08143065438773,50.750749463820966,61.489770829451345,64.4697744714365,58.046553689300175
MATTHEWORZECH_19950412,Matthew Orzech,LS,2024,GB,72.22839513082863,70.16879324268575,71.71160598922195,62.94421013786423,48.67591389977247,58.480220267224695,67.94564292550763,58.67956098870523
MICHAELBADGLEY_19950728,Mike Badgley,K,2024,DET,72.20345367802747,69.28084318974743,71.77351757650716,62.391271465361925,56.71028589214552,55.55540867710806,62.416142630686636,45.50967350398217
MITCHELLFRABONI_19961028,Mitchell Fraboni,LS,2024,DEN,70.01909566555128,74.40121732785059,76.83083205291473,65.03529274855585,55.154659547476285,55.41119400330922,70.57418114486859,55.25838391537409
MORGANCOX_19860426,Morgan Cox,LS,2024,TEN,76.70261422825706,70.75617123329295,70.82112393717168,62.943074879842825,50.89635977721764,68.912662581846,59.29919227297046,61.368853824813364
PATRICKSCALES_19880211,Patrick Scales,LS,2024,CHI,77.43217079002852,69.80268707032747,70.25071587703475,62.24910643837513,51.266336919042715,68.28453775066714,59.014400079341385,57.246352008712726
PRESSLEYHARVINIII_special_teams,Pressley Harvin III,P,2024,SF,68.44103400302333,69.79574346543671,71.67355080811275,60.07041736086844,52.993330106182384,58.06300413212762,72.19400568105652,57.527162876406834
REIDFERGUSON_19940324,Reid Ferguson,LS,2024,BUF,72.38854637437612,72.405526059968,74.49964278667362,64.03372086430969,51.62371500428617,60.85208805985053,65.4148704083184,57.89946017540197
RICKLOVATO_19920909,Rick Lovato,LS,2024,PHI,74.41947809856697,67.67834477793656,68.8637512374568,61.46416781896384,47.361270256420994,63.286912085409995,62.335739944006264,58.86645581860765
SCOTTDALY_19940207,Scott Daly,LS,2024,CHI,71.55603462604677,69.28795091257331,71.08246102105667,62.342170160168706,50.295229684887545,59.336183960295784,65.21546179153142,58.05489308277323
TAYBORPEPPER_19940528,Taybor Pepper,LS,2024,SF,73.53053500443752,71.60351766620192,73.18531803786858,63.812080274548485,47.72395532555743,61.24343568312793,66.70475059818068,60.22661540610412
THOMASHENNESSY_19940611,Thomas Hennessy,LS,2024,NYJ,72.36660055549783,69.99112763158837,71.75105130576496,62.81102060302957,49.085168362306604,60.28071056343583,65.44876503723913,58.904750804837605
TRENTSIEG_19951202,Trent Sieg,LS,2024,DAL,73.62535299255228,69.91928774155508,71.46325285440916,62.70301434248945,48.56440132229022,59.88590543564101,66.75582032703346,56.990563676151645
TYLEROTT_19920228,Tyler Ott,LS,2024,WAS,75.29136395603496,67.861420682968,68.97033217833498,61.681969876373415,45.410118254168765,64.28916119622363,62.42952326144564,60.047015020522316
TYZENTNER_19980707,Ty Zentner,P,2024,LAR,71.18388604606957,75.04698647542739,77.31105487722577,64.99586136276808,58.823205904862334,54.363061111994284,71.66129937886603,49.609673136408304
ZACHTRINER_19910130,Zach Triner,LS,2024,TB,74.29489522357585,68.24100345496652,68.87036855748165,61.73281087367934,48.44625537765364,62.635668062403056,63.713284445503405,59.52776611695437
ZACHWOOD_19930110,Zach Wood,LS,2024,NO,74.31331743607961,67.61371887681162,68.7359630325735,61.58856709829914,45.3776977464363,62.19874500118294,64.21214309461197,60.004501292944546
JOSHUAKARTY_20020307,Joshua Karty,K,2024,LAR,71.0,75.0,80.0,64.0,56.0,54.0,68.0,45.0
WILLREICHARD_20010119,Will Reichard,K,2024,MIN,71.0,78.0,79.0,64.0,54.0,56.0,66.0,42.0
,Matt Araiza,P,2024,KC,71.0,83.0,87.0,67.0,57.0,51.0,78.0,49.0
CAMLITTLE_20030817,Cam Little,K,2024,JAX,70.0,74.0,78.0,65.0,59.0,54.0,70.0,41.0
AUSTINMCNAMARA_20010224,Austin McNamara,P,2024,CIN,69.0,76.0,80.0,68.0,63.0,52.0,76.0,45.0
HARRISONMEVIS_20020327,Harrison Mevis,K,2024,CAR,69.0,70.0,77.0,67.0,54.0,50.0,62.0,44.0
JOHNPARKERROMO_19970824,John Parker Romo,K,2024,MIN,68.0,75.0,71.0,62.0,54.0,53.0,49.0,38.0
TANNERBROWN_19991228,Tanner Brown,K,2024,LAR,68.0,72.0,71.0,58.0,55.0,53.0,62.0,34.0
CADEYORK_20010127,Cade York,K,2024,CIN,73.4466464322079,74.92349874746856,76.86296711388638,63.60105542762574,53.650638797810416,59.859613304005734,73.50026280582097,53.130579714832365
CORLISSWAITMAN_19950721,Corliss Waitman,P,2024,PIT,73.57782935568798,75.49491086530861,77.09988414072802,64.34999742913976,52.38783086865567,58.60441940268777,67.85471891470115,52.027780651094645
EVANDECKERS_19990223,Evan Deckers,LS,2024,TB,71.47353129954513,74.48574712127174,77.1324654701848,66.57763179960625,51.324334275545425,55.49748551063328,81.01330754087485,62.27595376918863
JAKEBATES_19990303,Jake Bates,K,2024,DET,72.1625533982783,76.92587101341473,79.19740440462954,65.23568363508002,54.31049664689033,53.95730498932846,70.90089559495391,49.77416037036117
JONRYAN_19811126,Jon Ryan,P,2024,SEA,82.0148413595382,68.19337806105455,67.64809587999775,55.16400925427695,43.89706081403972,72.92612453476363,45.09495254194735,45.18913397243178
MATTOVERTON_19850706,Matt Overton,LS,2024,MIA,79.6193215647188,68.73210419952738,68.458396553424,57.25745219952137,44.434362322718016,69.6922695367,54.27706503137415,52.67019538221781
MICHAELPALARDY_19920706,Michael Palardy,P,2024,ARI,76.66356604233488,73.14613123802792,74.35932716829984,60.08861557798059,49.943868784376264,62.387046481449374,58.60488984063886,45.111351107445984
NICKMOORE_19921209,Nick Moore,LS,2024,BAL,74.64011545698986,71.81870744922207,73.16333749126795,63.358032296618944,48.034440025559775,61.18556911722362,71.63475852182728,61.41043743775272
PATO'DONNELL_19910222,Pat O'Donnell,P,2024,SF,74.99034109954869,81.66304089718437,82.41529121312635,65.45851831679408,53.429701445327055,63.54986434836212,68.57095057858714,53.00572816987573
REXSUNAHARA_19961009,Rex Sunahara,LS,2024,CLE,71.83419570768342,74.70123617464674,76.47881794314492,64.68582615882065,51.45984423499749,57.939852599456685,76.67236854799012,59.660244666768
ZANEGONZALEZ_19950507,Zane Gonzalez,K,2024,WAS,75.41670336530069,74.62522749112895,76.69383924163924,63.21688147675377,52.2119744435164,59.571960121053394,64.67495650879846,47.899763555033275
,Matt McCrane,K,2024,DET,75.29861002791085,76.61904852610314,78.20227663605078,62.7947332141963,53.90879911352931,58.97007606227112,57.7085387507077,40.29675904725964
,Seth Vernon,P,2024,TB,71.46588432692806,75.63630760358251,78.51260787390413,67.04222907181213,52.6734329864139,55.90551261484018,79.18588584956706,58.57939921761073
,Andre Szmyt,K,2024,CLE,71.28448560801871,77.8051543911381,79.49843542535336,64.81476260997215,55.207192753226764,53.856320593899,70.81622964195503,49.84552158747877
,Cameron Lyons,LS,2024,CHI,71.44052904343744,76.74459351373503,78.98273340012861,65.91984469046577,53.968391735119894,54.561843342860925,74.55850191005084,54.00358493699142
,Randen Plattner,LS,2024,KC,67.41771700765048,75.72201124980256,79.36607856946637,65.94017346835824,55.94110982003326,49.84493615483427,72.69887668021784,51.54356901647188
,Joe Shimko,LS,2024,ARI,66.75378054762382,76.12415651442006,79.62348686914231,65.39632873235178,56.458784926883254,48.905725859526,73.45965302447985,51.05100921396986
BRADLEYPINION_19940601,Bradley Pinion,P,2024,ATL,82.0,71.0,65.0,58.0,48.0,70.0,70.0,53.0
BRYANANGER_19881006,Bryan Anger,P,2024,DAL,82.0,74.0,76.0,62.0,48.0,70.0,75.0,55.0
LOGANCOOKE_19950728,Logan Cooke,P,2024,JAX,80.0,73.0,68.0,51.0,45.0,67.0,61.0,56.0
MITCHWISHNOWSKY_19920303,Mitch Wishnowsky,P,2024,SF,80.0,84.0,87.0,71.0,55.0,64.0,79.0,56.0
TOMMYTOWNSEND_19961112,Tommy Townsend,P,2024,HOU,80.0,82.0,85.0,65.0,58.0,67.0,58.0,43.0
J.K.SCOTT_19961030,J.K. Scott,P,2024,LAC,79.0,76.0,79.0,69.0,62.0,67.0,75.0,51.0
MATTGAY_19940315,Matt Gay,K,2024,IND,78.0,74.0,70.0,58.0,52.0,65.0,68.0,41.0
BLAKEGILLIKIN_19980121,Blake Gillikin,P,2024,ARI,76.0,74.0,77.0,64.0,54.0,60.0,80.0,49.0
JORDANSTOUT_19980804,Jordan Stout,P,2024,BAL,76.0,84.0,88.0,66.0,57.0,61.0,63.0,45.0
CAMERONJOHNSTON_19920224,Cameron Johnston,P,2024,PIT,75.0,76.0,74.0,61.0,54.0,59.0,55.0,48.0
JOHNNYHEKKER_19900208,Johnny Hekker,P,2024,CAR,75.0,75.0,69.0,62.0,51.0,62.0,72.0,55.0
RILEYDIXON_19930824,Riley Dixon,P,2024,DEN,75.0,73.0,75.0,68.0,52.0,62.0,70.0,56.0
BRADENMANN_19971124,Braden Mann,P,2024,PHI,74.0,78.0,80.0,78.0,69.0,63.0,76.0,45.0
ETHANEVANS_20010719,Ethan Evans,P,2024,LAR,74.0,68.0,71.0,57.0,51.0,58.0,62.0,55.0
RIGOBERTOSANCHEZ_19940908,Rigoberto Sanchez,P,2024,IND,74.0,71.0,73.0,64.0,52.0,62.0,59.0,51.0
TRESSWAY_19900418,Tress Way,P,2024,WAS,74.0,73.0,74.0,62.0,50.0,63.0,67.0,44.0
JOEYSLYE_19960410,Joey Slye,K,2024,NE,73.0,72.0,74.0,62.0,50.0,57.0,61.0,66.0
RYANWRIGHT_20000601,Ryan Wright,P,2024,MIN,73.0,81.0,84.0,64.0,58.0,56.0,80.0,62.0
JAMIEGILLAN_19970704,Jamie Gillan,P,2024,NYG,72.0,76.0,75.0,64.0,57.0,59.0,87.0,69.0
ANDREWDEPAOLA_19870728,Andrew DePaola,LS,2024,MIN,79.767024445071,70.21318999217488,71.18355983169147,58.506483222312454,49.355259648003766,68.62811635640594,54.244552818993725,50.74211610034291
GREGJOSEPH_19940804,Greg Joseph,K,2024,NYG,75.91822108005681,74.49281146570388,76.59167556640477,62.08799825137578,52.31911035353778,60.870960308163376,62.05713218755409,48.58055206681799
RILEYPATTERSON_19990907,Riley Patterson,K,2024,ATL,73.5111550725835,76.73360125446084,79.91726485997071,64.39044581381165,54.43826242008174,56.07330308075984,68.67945951751335,47.81585969407997
ROSSMATISCIK_19960913,Ross Matiscik,LS,2024,JAX,74.25186611573758,73.6460084914197,76.18151869227097,62.817168231911296,53.393123846843764,58.36520557993151,71.15227413863886,55.86537386847461
TRENTONGILL_19980101,Trenton Gill,P,2024,TB,74.2293923734494,75.56669721811863,79.18932240023173,63.09406425109364,53.26039133457209,59.30899181140023,69.44214178174207,52.954860730826525
JUSTINTUCKER_19891121,Justin Tucker,K,2024,BAL,88.0,74.0,77.0,63.0,55.0,75.0,41.0,40.0
RYANSTONEHOUSE_19990511,Ryan Stonehouse,P,2024,TEN,82.0,85.0,86.0,58.0,54.0,65.0,51.0,46.0
COREYBOJORQUEZ_19950913,Corey Bojorquez,P,2024,CLE,81.0,70.0,74.0,63.0,52.0,69.0,44.0,41.0
KA'IMIFAIRBAIRN_19940129,Ka'imi Fairbairn,K,2024,HOU,80.0,79.0,82.0,64.0,53.0,66.0,69.0,39.0
MICHAELDICKSON_19960104,Michael Dickson,P,2024,SEA,80.0,78.0,75.0,66.0,54.0,66.0,31.0,47.0
DANIELCARLSON_19950123,Daniel Carlson,K,2024,LV,79.0,72.0,76.0,61.0,45.0,66.0,42.0,52.0
YOUNGHOEKOO_19940803,Younghoe Koo,K,2024,ATL,78.0,71.0,74.0,63.0,56.0,69.0,74.0,47.0
JAKECAMARDA_19990420,Jake Camarda,P,2024,TB,76.0,86.0,89.0,70.0,60.0,62.0,67.0,45.0
TYLERBASS_19970214,Tyler Bass,K,2024,BUF,76.0,80.0,82.0,63.0,56.0,64.0,65.0,40.0
WILLUTZ_19940707,Wil Lutz,K,2024,DEN,76.0,70.0,73.0,59.0,51.0,62.0,57.0,54.0
JAKEMOODY_19991123,Jake Moody,K,2024,SF,75.0,65.0,64.0,59.0,51.0,60.0,66.0,49.0
JASONMYERS_19910512,Jason Myers,K,2024,SEA,75.0,69.0,71.0,47.0,45.0,62.0,40.0,43.0
EDDYPINEIRO_19950913,Eddy Pineiro,K,2024,CAR,74.0,77.0,79.0,61.0,52.0,60.0,47.0,42.0
TORYTAYLOR_19970710,Tory Taylor,P,2024,CHI,74.0,81.0,83.0,65.0,55.0,59.0,65.0,61.0
BRYCEBARINGER_19990426,Bryce Baringer,P,2024,NE,73.0,73.0,75.0,67.0,59.0,56.0,65.0,50.0
BLAKEGRUPE_19981105,Blake Grupe,K,2024,NO,71.0,76.0,75.0,64.0,52.0,56.0,63.0,28.0
A.J.COLEIII_19951127,AJ Cole,P,2024,LV,78.40696819679812,74.96276261060052,77.54482252687217,65.42343559673009,54.104003119079266,64.1606020239119,66.25986192014943,54.152203425311654
BRANDONMCMANUS_19910725,Brandon McManus,K,2024,GB,80.57467456906568,72.64608159822251,74.53311595364528,62.41423494777155,51.54776979042015,69.15729316002819,55.15065649162898,48.05445234322485
HARRISONBUTKER_19950714,Harrison Butker,K,2024,KC,83.0,75.0,77.0,55.0,47.0,69.0,65.0,44.0
JAKEELLIOTT_19950121,Jake Elliott,K,2024,PHI,83.0,77.0,79.0,65.0,53.0,72.0,52.0,34.0
BRANDONAUBREY_19950314,Brandon Aubrey,K,2024,DAL,82.0,82.0,77.0,74.0,62.0,65.0,72.0,49.0
CHRISBOSWELL_19910316,Chris Boswell,K,2024,PIT,81.0,73.0,73.0,63.0,54.0,71.0,65.0,44.0
THOMASMORSTEAD_19860307,Thomas Morstead,P,2024,NYJ,81.0,71.0,62.0,60.0,49.0,69.0,49.0,68.0
GREGZUERLEIN_19871227,Greg Zuerlein,K,2024,NYJ,80.0,71.0,73.0,60.0,51.0,70.0,62.0,38.0
NICKFOLK_19841105,Nick Folk,K,2024,TEN,80.0,68.0,66.0,56.0,44.0,68.0,50.0,59.0
CHASEMCLAUGHLIN_19960409,Chase McLaughlin,K,2024,TB,79.0,73.0,77.0,64.0,50.0,66.0,50.0,39.0
CAMERONDICKER_20000506,Cameron Dicker,K,2024,LAC,78.0,76.0,83.0,63.0,57.0,65.0,62.0,51.0
EVANMCPHERSON_19990721,Evan McPherson,K,2024,CIN,78.0,76.0,82.0,63.0,56.0,65.0,63.0,37.0
MATTPRATER_19840810,Matt Prater,K,2024,ARI,78.0,70.0,70.0,46.0,43.0,65.0,40.0,43.0
CAIROSANTOS_19911112,Cairo Santos,K,2024,CHI,77.0,73.0,75.0,67.0,52.0,63.0,60.0,33.0
DUSTINHOPKINS_19901001,Dustin Hopkins,K,2024,CLE,77.0,74.0,76.0,62.0,50.0,64.0,73.0,61.0
JASONSANDERS_19951116,Jason Sanders,K,2024,MIA,76.0,78.0,79.0,59.0,51.0,65.0,31.0,37.0
DERRICKBROWN_19980415,Derrick Brown,DL,2025,CAR,95.0,73.0,76.0,70.0,58.0,97.0,68.0,98.0
CHRISTIANBARMORE_19990728,Christian Barmore,DL,2025,NE,80.0,74.0,75.0,64.0,56.0,86.0,81.0,89.0
DARIUSROBINSON_20010913,Darius Robinson,DL,2025,ARI,73.0,74.0,77.0,77.0,58.0,71.0,84.0,87.0
BRANDONDORLUS_20010322,Brandon Dorlus,DL,2025,ATL,71.0,77.0,82.0,70.0,52.0,67.0,75.0,84.0
TANOHKPASSAGNON_19940614,Tanoh Kpassagnon,DL,2025,CHI,71.0,80.0,81.0,73.0,60.0,72.0,74.0,82.0
ADAMGOTSIS_19920923,Adam Gotsis,DL,2025,TB,70.0,74.0,74.0,62.0,52.0,71.0,79.0,82.0
CAMERONTHOMAS_20000107,Cameron Thomas,DL,2025,CLE,70.0,78.0,84.0,82.0,73.0,65.0,81.0,77.0
JADENCRUMEDY_20000730,Jaden Crumedy,DL,2025,CAR,70.0,73.0,81.0,61.0,59.0,61.0,73.0,84.0
JUSTINEBOIGBE_20010409,Justin Eboigbe,DL,2025,LAC,70.0,66.0,71.0,67.0,50.0,69.0,70.0,83.0
KHRISTIANBOYD_19960822,Khristian Boyd,DL,2025,NO,70.0,63.0,69.0,55.0,50.0,67.0,71.0,88.0
LEKIFOTU_19980823,Leki Fotu,DL,2025,LV,70.0,72.0,68.0,60.0,54.0,73.0,74.0,88.0
CARLOSWATKINS_19931205,Carlos Watkins,DL,2025,TEN,69.0,75.0,71.0,66.0,50.0,72.0,70.0,86.0
EYIOMAUWAZURIKE_19980506,Eyioma Uwazurike,DL,2025,DEN,69.0,62.0,68.0,65.0,55.0,73.0,80.0,83.0
LEVIDRAKERODRIGUEZ_20000804,Levi Drake Rodriguez,DL,2025,MIN,69.0,72.0,64.0,63.0,58.0,67.0,66.0,84.0
CARLDAVIS_19920302,Carl Davis,DL,2025,WAS,68.0,68.0,71.0,54.0,50.0,73.0,79.0,88.0
MARLONTUIPULOTU_19990601,Marlon Tuipulotu,DL,2025,KC,68.0,69.0,67.0,61.0,57.0,70.0,75.0,87.0
BRAIDENMCGREGOR_20010712,Braiden McGregor,DL,2025,NYJ,67.0,80.0,86.0,73.0,62.0,68.0,80.0,73.0
KHALIDKAREEM_19980428,Khalid Kareem,DL,2025,ATL,67.0,79.0,82.0,71.0,60.0,65.0,82.0,84.0
QUINTONBOHANNA_19990316,Quinton Bohanna,DL,2025,SEA,67.0,56.0,68.0,53.0,46.0,68.0,72.0,92.0
ALEXWRIGHT_20000905,Alex Wright,DL,2025,CLE,66.0,79.0,84.0,70.0,66.0,68.0,74.0,73.0
EARNESTBROWNIV_19990108,Earnest Brown IV,DL,2025,DAL,66.0,72.0,75.0,77.0,65.0,64.0,76.0,83.0
SAMROBERTS_19980414,Sam Roberts,DL,2025,CAR,66.0,69.0,75.0,57.0,49.0,69.0,74.0,85.0
DEMARVINLEAL_20000701,DeMarvin Leal,DL,2025,PIT,65.0,73.0,78.0,77.0,64.0,72.0,75.0,74.0
K.J.HENRY_19990127,KJ Henry,DL,2025,CLE,65.0,85.0,89.0,68.0,69.0,64.0,77.0,68.0
KINGSLEYJONATHAN_19980428,Kingsley Jonathan,DL,2025,NYJ,65.0,80.0,88.0,83.0,68.0,56.0,83.0,80.0
MATTDICKERSON_19951109,Matt Dickerson,DL,2025,MIA,65.0,72.0,67.0,64.0,56.0,63.0,76.0,81.0
MIKEGREENE_19990503,Mike Greene,DL,2025,TB,65.0,67.0,72.0,64.0,61.0,67.0,75.0,83.0
MYLESADAMS_19980309,Myles Adams,DL,2025,DET,65.0,66.0,75.0,64.0,57.0,70.0,71.0,80.0
MYLESCOLE_20000429,Myles Cole,DL,2025,JAX,65.0,83.0,85.0,63.0,57.0,65.0,84.0,78.0
TITUSLEO_19990826,Titus Leo,DL,2025,TEN,65.0,83.0,91.0,74.0,71.0,59.0,82.0,69.0
TRUMANJONES_20000513,Truman Jones,DL,2025,NE,65.0,83.0,89.0,82.0,72.0,65.0,88.0,71.0
ZIONLOGUE_20010713,Zion Logue,DL,2025,BUF,65.0,68.0,68.0,56.0,50.0,60.0,72.0,83.0
ADINHUNTINGTON_20020318,Adin Huntington,DL,2025,CLE,64.0,82.0,87.0,67.0,67.0,57.0,86.0,81.0
CASEYROGERS_19981218,Casey Rogers,DL,2025,BUF,64.0,77.0,75.0,69.0,64.0,59.0,78.0,83.0
ERICGREGORY_20000913,Eric Gregory,DL,2025,CIN,64.0,68.0,74.0,62.0,59.0,56.0,69.0,86.0
KAIMONRUCKER_20020228,Kaimon Rucker,DL,2025,BAL,64.0,81.0,84.0,72.0,68.0,53.0,84.0,81.0
ETHANDOWNS_20021013,Ethan Downs,DL,2025,JAX,63.0,83.0,87.0,65.0,63.0,51.0,82.0,83.0
JAHJOYNER_20010730,Jah Joyner,DL,2025,LV,63.0,86.0,83.0,73.0,64.0,52.0,74.0,76.0
JONATHANFORD_19980928,Jonathan Ford,DL,2025,CHI,63.0,57.0,66.0,52.0,47.0,65.0,72.0,84.0
DESMONDWATSON_20030105,Desmond Watson,DL,2025,TB,62.0,41.0,45.0,52.0,41.0,54.0,64.0,96.0
JAREDIVEY_20011205,Jared Ivey,DL,2025,SEA,59.0,67.0,66.0,66.0,58.0,60.0,75.0,74.0
ABDULLAHANDERSON_19960124,Abdullah Anderson,DL,2025,TEN,66.08788996246233,72.06228663458774,75.34146049962374,65.74864693752542,56.07849638377485,70.1736697504757,74.32681485452542,81.55647775631822
ALEXBARRETT_19940306,Alex Barrett,DL,2025,SF,66.66538871780602,79.12298396481788,80.01501296585002,71.99223033702067,62.69729641519223,70.41611044262952,78.52171751390608,76.76624489598646
ANDREJONESJR_19981025,Andre Jones Jr.,DL,2025,WAS,62.71456323096987,79.01346226372539,80.8258681551929,72.49025834822757,62.679358791271454,60.231398060833016,80.62635327536987,77.6588392484176
ARMONWATTS_19960722,Armon Watts,DL,2025,NYG,65.8386840842582,67.6252375227707,71.72517401045297,63.814610882144066,54.89737247465786,68.93415544430134,75.88749831355722,84.54131060281256
BRUCEHECTOR_19941007,Bruce Hector,DL,2025,SF,65.84707371443818,72.25704519268106,75.27646016734025,64.11714935605777,55.46296383017841,69.2250129998853,73.97344031925672,82.61870515259257
CAMERONYOUNG_20000608,Cameron Young,DL,2025,GB,66.17532407226099,67.35844389557701,72.90888969614116,61.77802404894243,54.36120778036923,64.1219052157057,76.25026330705884,88.16583034515006
CORYDURDEN_19990126,Cory Durden,DL,2025,NYG,61.75453572715111,71.16949019524691,74.93362793734764,63.78265154471188,55.92802182272976,59.42759610316658,77.08242433788268,83.27549234394755
JAYDENPEEVY_d_line,Jayden Peevy,DL,2025,HOU,62.64436087833667,64.95083712000906,72.63278787346826,63.047792688251405,55.12889059039509,63.468726357906135,70.45304441232929,83.07312711483374
JOHNNYWALKERJR._20011212,Johnny Walker Jr.,DL,2025,DEN,60.92459933187172,80.01489460044058,82.45870839259169,74.14626858432452,66.60896394892382,53.01717077364475,82.77907841621482,77.14390886715088
JOSHTUPOU_19940502,Josh Tupou,DL,2025,IND,66.35725950648265,65.51040076648019,69.80039106348704,56.52395476751417,47.75304202253989,72.11725447525534,69.05890355296617,87.65404009426683
KHALIDDUKE_20010227,Khalid Duke,DL,2025,TEN,61.80811504466902,82.54131721830936,83.77439408984333,75.10617422036033,66.87003869653586,57.63220070709447,85.701937872239,74.17205235976662
KHALILDAVIS_19960822,Khalil Davis,DL,2025,SF,67.30877696627283,72.89737661228901,76.05247960814813,61.8493333375409,53.71198237725059,67.9673869339609,73.80719882444953,87.88456680075106
SOLOMONBYRD_19991201,Solomon Byrd,DL,2025,HOU,62.387574962384804,80.9792266435586,83.58106575241504,73.39738325243971,65.38888241094065,58.84664756287435,82.8117770842839,76.98439160705634
,Kameron Cline,DL,2025,BUF,64.73657322648836,75.30992086887545,78.47414792975087,69.77220291412752,60.26979918092195,66.06116799439182,77.33430324639141,79.2062387687529
,Branson Deen,DL,2025,BUF,61.31742198059669,72.9332463154667,77.5826559116631,64.19523962727077,57.3126380182747,57.14838070818527,76.38520161588576,83.86748074056052
,Nazir Stackhouse,DL,2025,GB,60.67202999265254,64.33501313884108,71.49031796657232,60.08579530011282,53.3012572696494,54.763775707728925,71.12795784287084,86.26953128501833
,Wy'Kevious Thomas,DL,2025,SEA,60.08602105214783,73.3908834970373,77.11188952803786,63.586430129586674,57.337355621859615,53.11654694835018,77.06400338689753,84.27726201296305
,Paris Shand,DL,2025,BUF,60.40668213280708,77.92729440065,80.57502909372874,70.83370308098007,63.29477859737989,53.4553961485191,81.06476834776777,79.16948781800716
,Alex Huntley,DL,2025,MIA,60.725475719642816,72.91414723432672,77.21898896329662,66.13387304119182,58.649599618800494,54.20833145213015,77.62777859843413,82.79685666641038
,Keivie Rose,DL,2025,JAX,60.36546619634629,70.71419217148218,75.12387033248433,62.23248874933299,55.5986065673531,53.6557341305585,76.15678850182292,85.29716542750265
,Howard Cross III,DL,2025,CIN,61.70421580487766,74.01087227656603,78.74224320267217,66.24343182872904,60.533638857628944,54.53558216266249,75.79691706448091,81.47289474617948
,Elijah Simmons,DL,2025,ARI,59.081464496454316,61.97671514475451,69.76895055600767,56.95097368022434,52.99801177956897,52.309459729854424,74.04781663409415,89.2034226563335
,Payton Page,DL,2025,NYJ,60.68554694788452,72.18311400699668,76.2577005374585,66.40340646298843,58.90319677052452,53.416432169997904,79.6494112834556,83.11052015388799
,Junior Tafuna,DL,2025,HOU,60.086226519524246,71.3930923874284,76.57974837370989,63.60342076464033,55.900182999822334,54.147496283424886,73.19267283545707,84.1198816553513
,Nash Hutmacher,DL,2025,TB,60.3557056021192,70.01349440050603,73.93002748211688,62.03498184302339,55.659687416619875,52.982368204096474,77.25982801589362,85.1234082698242
,Kristian Williams,DL,2025,DEN,60.4947620831266,73.70906069727062,77.59367907081833,65.2068162172941,58.70103985732857,53.19186583181819,77.71653987244031,83.35556267732102
,Alex Williams,DL,2025,MIN,59.70571122973553,74.24067689752064,76.42410416630014,67.22611336661633,59.327116880327594,53.72324220449924,80.76100757585698,80.7852151138292
,Jasheen Davis,DL,2025,NO,60.86334962068537,76.24335252811352,78.94702905815961,70.40680719953546,63.34128892249407,52.61551260314599,81.78174283532087,79.47038292052554
,Omari Thomas,DL,2025,NO,60.64459431947364,67.95219452431661,72.69908278913158,61.12213894939403,54.226938376006444,53.79066561835208,76.07731325412419,85.96974171263675
,Simeon Barrow Jr.,DL,2025,ATL,60.99606127579597,74.79132387413756,78.63874628241751,67.43309454833702,61.023928148075186,52.75434887255729,78.93310215408576,82.05920223085928
,Jahvaree Ritzie,DL,2025,NE,60.79247699738744,72.92194637530724,76.52679592059508,67.52790921532613,61.07814543412803,53.29233837733413,83.13537604386659,81.97832890776596
,Elijah Ponder,DL,2025,NE,60.894377001669966,78.18929416935725,80.95109897053499,72.15967977443051,64.79005898289768,53.03530368376461,81.83896481922807,78.48515338748281
,Elijah Williams,DL,2025,MIN,60.87018203664422,76.73384096779682,79.78271905341694,70.545062033952,63.2985323280073,53.0868687516693,81.00961517547137,79.59201293090037
JAVONHARGRAVE_19930207,Javon Hargrave,DL,2025,MIN,81.0,75.0,78.0,67.0,53.0,85.0,83.0,87.0
ARIKARMSTEAD_19931115,Arik Armstead,DL,2025,JAX,78.0,74.0,71.0,69.0,60.0,78.0,82.0,91.0
CHARLESOMENIHU_19970820,Charles Omenihu,DL,2025,KC,76.0,74.0,78.0,77.0,66.0,87.0,87.0,83.0
JUSTINJONES_19960828,Justin Jones,DL,2025,ARI,74.0,72.0,73.0,61.0,54.0,85.0,72.0,84.0
JACOBMARTIN_19951211,Jacob Martin,DL,2025,WAS,73.0,86.0,85.0,80.0,71.0,74.0,83.0,77.0
KEVINGIVENS_19970301,Kevin Givens,DL,2025,SF,73.0,73.0,66.0,63.0,58.0,80.0,76.0,88.0
PAYTONTURNER_19990107,Payton Turner,DL,2025,DAL,73.0,80.0,84.0,83.0,72.0,68.0,85.0,82.0
ROYROBERTSON-HARRIS_19930723,Roy Robertson-Harris,DL,2025,NYG,73.0,77.0,72.0,71.0,62.0,87.0,84.0,82.0
RUKEORHORHORO_20011013,Ruke Orhorhoro,DL,2025,ATL,73.0,76.0,83.0,71.0,64.0,59.0,78.0,90.0
MARSHAWNKNEELAND_20010708,Marshawn Kneeland,DL,2025,DAL,72.0,81.0,84.0,79.0,75.0,74.0,85.0,78.0
DEANLOWRY_19940609,Dean Lowry,DL,2025,PIT,71.0,76.0,76.0,69.0,56.0,71.0,79.0,86.0
KENTAVIUSSTREET_19960508,Kentavius Street,DL,2025,ATL,71.0,77.0,80.0,72.0,57.0,69.0,79.0,89.0
KHYIRISTONGA_19960707,Khyiris Tonga,DL,2025,NE,71.0,68.0,75.0,56.0,54.0,69.0,74.0,91.0
TYLERDAVIS_20001101,Tyler Davis,DL,2025,LAR,71.0,72.0,78.0,60.0,51.0,60.0,71.0,89.0
ISAIAHFOSKEY_20001030,Isaiah Foskey,DL,2025,NO,70.0,86.0,90.0,74.0,69.0,66.0,82.0,76.0
JAQUELINROY_20001022,Jaquelin Roy,DL,2025,NE,70.0,68.0,68.0,57.0,54.0,64.0,66.0,91.0
JORDANJEFFERSON_20010924,Jordan Jefferson,DL,2025,JAX,70.0,69.0,72.0,67.0,50.0,60.0,76.0,91.0
JOWONBRIGGS_20010901,Jowon Briggs,DL,2025,CLE,70.0,72.0,73.0,66.0,57.0,61.0,66.0,88.0
MEKHIWINGO_20030417,Mekhi Wingo,DL,2025,DET,70.0,77.0,86.0,73.0,66.0,66.0,77.0,79.0
MYLESMURPHY_20010302,Myles Murphy,DL,2025,CIN,70.0,88.0,90.0,77.0,74.0,64.0,76.0,82.0
PHIDARIANMATHIS_19980426,Phidarian Mathis,DL,2025,NYJ,70.0,63.0,69.0,56.0,50.0,70.0,61.0,89.0
ZACHHARRISON_20010814,Zach Harrison,DL,2025,ATL,70.0,83.0,87.0,73.0,61.0,68.0,83.0,81.0
AUSTINBOOKER_20021214,Austin Booker,DL,2025,CHI,69.0,79.0,83.0,74.0,69.0,72.0,79.0,76.0
DOMINIQUEROBINSON_19980702,Dominique Robinson,DL,2025,CHI,69.0,80.0,87.0,76.0,72.0,64.0,91.0,79.0
MCKINNLEYJACKSON_20011226,McKinnley Jackson,DL,2025,CIN,69.0,64.0,72.0,55.0,51.0,71.0,60.0,84.0
TA'QUONGRAHAM_19981201,Ta'Quon Graham,DL,2025,ATL,69.0,74.0,79.0,72.0,57.0,64.0,79.0,86.0
CEDRICJOHNSON_20020906,Cedric Johnson,DL,2025,CIN,68.0,85.0,89.0,69.0,66.0,68.0,90.0,79.0
DANIELHARDY_19981215,Daniel Hardy,DL,2025,CHI,68.0,83.0,90.0,89.0,74.0,61.0,91.0,71.0
JALYNHOLMES_19960125,Jalyn Holmes,DL,2025,WAS,68.0,78.0,79.0,62.0,56.0,66.0,78.0,87.0
JAMESLYNCH_19990120,James Lynch,DL,2025,TEN,68.0,72.0,76.0,71.0,66.0,66.0,72.0,82.0
MIKEMORRIS_20010422,Mike Morris,DL,2025,SEA,68.0,74.0,84.0,69.0,61.0,63.0,71.0,82.0
SHELDONDAY_19940701,Sheldon Day,DL,2025,WAS,68.0,69.0,75.0,66.0,58.0,73.0,74.0,82.0
COLBYWOODEN_20001221,Colby Wooden,DL,2025,GB,67.0,79.0,87.0,68.0,66.0,72.0,76.0,78.0
DYLANHORTON_20000821,Dylan Horton,DL,2025,HOU,67.0,81.0,82.0,70.0,65.0,68.0,82.0,73.0
EVANANDERSON_20020214,Evan Anderson,DL,2025,SF,67.0,62.0,73.0,47.0,48.0,68.0,74.0,87.0
KURTHINISH_19990427,Kurt Hinish,DL,2025,HOU,67.0,70.0,78.0,67.0,63.0,65.0,70.0,88.0
MATTHEWBUTLER_19990610,Matthew Butler,DL,2025,MIA,67.0,72.0,82.0,54.0,51.0,71.0,82.0,80.0
TOMMYTOGIAI_19990919,Tommy Togiai,DL,2025,HOU,67.0,71.0,72.0,72.0,62.0,53.0,78.0,91.0
ALIGAYE_19981129,Ali Gaye,DL,2025,TEN,66.0,82.0,87.0,78.0,72.0,63.0,79.0,73.0
ESEZIOTOMEWO_19990309,Esezi Otomewo,DL,2025,PIT,66.0,76.0,81.0,62.0,48.0,67.0,69.0,81.0
ISAACUKWU_19990114,Isaac Ukwu,DL,2025,DET,66.0,76.0,85.0,72.0,66.0,58.0,85.0,83.0
JANARIUSROBINSON_19980504,Janarius Robinson,DL,2025,KC,66.0,81.0,85.0,73.0,67.0,67.0,82.0,81.0
JAVONTAEJEAN-BAPTISTE_20000516,Javontae Jean-Baptiste,DL,2025,WAS,66.0,84.0,85.0,67.0,58.0,67.0,83.0,77.0
JONATHANHARRIS_19960804,Jonathan Harris,DL,2025,MIN,66.0,70.0,67.0,67.0,52.0,68.0,76.0,81.0
BRODRICMARTIN_19990524,Brodric Martin,DL,2025,DET,65.0,61.0,69.0,48.0,49.0,62.0,64.0,87.0
ERICWATTS_20001001,Eric Watts,DL,2025,NYJ,65.0,83.0,88.0,65.0,58.0,63.0,87.0,79.0
ISAIAHHLOUDERMILK_19971010,Isaiahh Loudermilk,DL,2025,PIT,65.0,69.0,78.0,66.0,63.0,61.0,71.0,79.0
JAYTOIA_20030716,Jay Toia,DL,2025,DAL,65.0,65.0,72.0,53.0,51.0,72.0,63.0,86.0
JORDANJACKSON_19980130,Jordan Jackson,DL,2025,DEN,65.0,74.0,74.0,76.0,66.0,67.0,75.0,78.0
KALIADAVIS_19981002,Kalia Davis,DL,2025,SF,65.0,70.0,80.0,54.0,48.0,62.0,69.0,84.0
LEONARDTAYLORIII_20020529,Leonard Taylor III,DL,2025,NYJ,65.0,68.0,75.0,58.0,57.0,65.0,74.0,84.0
NAQUANJONES_19980205,Naquan Jones,DL,2025,LAC,65.0,61.0,56.0,57.0,53.0,73.0,64.0,82.0
TAKITAIMANI_19991006,Taki Taimani,DL,2025,MIN,65.0,62.0,66.0,52.0,46.0,69.0,64.0,80.0
TOMMYAKINGBESOTE_20030225,Tommy Akingbesote,DL,2025,DAL,65.0,69.0,74.0,62.0,55.0,70.0,73.0,82.0
ZEEKBIGGERS_20031004,Zeek Biggers,DL,2025,MIA,65.0,69.0,76.0,56.0,56.0,67.0,81.0,84.0
ADETOMIWAADEBAWORE_20010304,Adetomiwa Adebawore,DL,2025,IND,64.0,89.0,92.0,79.0,73.0,60.0,88.0,84.0
ISAIAHLAND_20000205,Isaiah Land,DL,2025,IND,64.0,85.0,90.0,77.0,70.0,59.0,83.0,69.0
ARRONMOSBY_19990413,Arron Mosby,DL,2025,GB,63.0,82.0,86.0,67.0,62.0,58.0,74.0,76.0
DESJUANJOHNSON_19990903,Desjuan Johnson,DL,2025,LAR,63.0,72.0,80.0,62.0,64.0,65.0,72.0,79.0
MALIKHERRING_19981109,Malik Herring,DL,2025,KC,63.0,75.0,79.0,69.0,54.0,59.0,74.0,78.0
PATO'CONNOR_19931101,Pat O'Connor,DL,2025,DET,63.0,75.0,83.0,70.0,62.0,58.0,76.0,82.0
BRANDONPILI_19990402,Brandon Pili,DL,2025,SEA,62.0,61.0,72.0,60.0,49.0,68.0,72.0,82.0
C.J.BREWER_19971122,C.J. Brewer,DL,2025,TB,62.0,73.0,81.0,55.0,51.0,57.0,71.0,80.0
BENSTILLE_19971112,Ben Stille,DL,2025,MIA,64.83062989146856,72.71425314667897,77.27006722877582,65.45885092532865,57.838796235107,66.18461208309122,77.24790494963554,82.6744044569327
BRENTONCOX_20000130,Brenton Cox Jr.,DL,2025,GB,64.78330049040324,82.59374469712895,84.35920897333835,75.23824397779305,66.09304925607444,63.194770899006016,82.55040431946418,75.74375564134985
BRENTURBAN_19910505,Brent Urban,DL,2025,BAL,73.48535176966641,70.98477349695338,74.1229791734163,65.76469144398942,52.889736817660605,83.46115581009781,68.62988430063933,86.70089043859358
DEMONEHARRIS_19951230,Demone Harris,DL,2025,ATL,68.39131416757891,75.9864962863029,78.0918688266338,69.89856764646231,58.78133684970851,73.0556441853646,75.3481379421653,80.80152521612246
DESHAWNWILLIAMS_19921229,DeShawn Williams,DL,2025,CAR,71.11323403318659,70.60177041091822,73.81914230306961,64.20921746543593,54.46750132057832,80.06905428391156,72.76065825815863,84.84975537303245
ERICJOHNSONII_19980716,Eric Johnson,DL,2025,IND,67.59724220031694,73.799682695765,78.78479930331991,66.85906828674388,59.293483931572496,68.51638958934677,76.59839649919832,83.99711989185539
JAMESHOUSTONIV_19981116,James Houston,DL,2025,DAL,66.70654500050057,81.18963964985835,84.12862126390633,75.0536830997869,69.20646835525201,65.19122446252095,79.5043075963431,76.83244355719458
JERRYHUGHES_19880813,Jerry Hughes,DL,2025,HOU,81.43698545869006,82.19061323840799,80.35762693249694,80.43812135179127,68.2432219923246,92.00483572121743,78.76215501529805,82.16485145530396
JOHNRIDGEWAY_19990507,John Ridgeway,DL,2025,NO,66.54702378307445,65.83058266299975,74.30582770915612,62.637277261407235,56.00749379932495,68.2982399086577,74.00428729080522,85.82606863436831
JORDANPHILLIPS_19920921,Jordan Phillips,DL,2025,BUF,74.77950072080523,65.87857743796269,72.6073504671997,60.9106768390223,49.49084579721148,84.9985195407337,67.7516001623726,91.5229952122705
KEONDRECOBURN_20000523,Keondre Coburn,DL,2025,LV,66.35012502656696,63.99217939726657,72.8670719304323,58.555252578839884,54.39543654059594,68.9161759698959,69.62450076079358,87.32730630852777
KYLEPEKO_19930723,Kyle Peko,DL,2025,DET,70.17339587427739,69.60313892284978,73.55832306768843,62.09306508402773,52.92994899913856,78.68285364834423,71.40180456479197,85.6929196516044
LINVALJOSEPH_19881010,Linval Joseph,DL,2025,DAL,79.49175426054148,66.67019994513169,71.28315964136505,58.320822055690485,44.01257772770373,92.83587328112753,63.08456197854889,97.13685385038715
MAURICEHURST_19950509,Maurice Hurst,DL,2025,CLE,71.84306454051728,73.56945590499902,77.25538332605493,67.5021569315474,56.98368785058847,77.31938293329381,75.07632452230655,84.84650733390438
MICHAELPIERCE_19921106,Michael Pierce,DL,2025,BAL,70.55454540678215,61.90126522230264,68.70464610501472,52.55808493716597,45.79242858968655,80.89194214295321,68.16696955134944,92.23982335859728
MONTRAVIUSADAMS_19950724,Montravius Adams,DL,2025,PIT,74.13770019557876,74.19596696993756,76.98657831562764,66.50153465339872,55.59104843598004,79.96541953177984,69.88365872816621,84.32012476622523
NEILFARRELLJR._d_line,Neil Farrell,DL,2025,MIA,65.75951455573625,63.139587617309985,74.42923578900422,53.7632170567631,48.73520834363649,72.64190464935928,56.19315806147415,90.57943630095463
NESTAJADESILVERA_20000123,Nesta Jade Silvera,DL,2025,LAC,65.11438721435013,68.61016131961208,75.90123862171458,63.04716348042598,57.62735322901972,66.0296338258297,73.9318037322621,84.7694235993134
QUINTONJEFFERSON_19930331,Quinton Jefferson,DL,2025,BUF,71.50499152247971,73.08420105512926,77.53758884292574,65.58137139534563,56.210215461476196,82.0353946247551,69.41830377141946,84.55817280999804
ROBERTBEALJR_19990818,Robert Beal Jr.,DL,2025,SF,67.35791491943121,87.99040054974705,87.0094553733179,76.47817750980317,69.1297220225847,63.22549090180473,79.70400340151696,77.22111943396706
TYRUSWHEAT_19991208,Tyrus Wheat,DL,2025,DAL,65.85554228589365,82.86440719245422,83.3026421483712,71.86875286698569,64.69146199004547,63.73758876308966,76.37114494467028,77.98894012953883
ZACHARYCARTER_19990407,Zachary Carter,DL,2025,LV,69.66740199630124,75.23978060207867,80.0980635381195,69.5959903334329,62.49269020894167,71.73042416304065,71.4467241314535,80.95353688052407
CHASEYOUNG_19990101,Chase Young,DL,2025,NO,79.0,83.0,87.0,84.0,71.0,74.0,84.0,86.0
DENICOAUTRY_19900715,Denico Autry,DL,2025,HOU,76.0,74.0,72.0,68.0,63.0,85.0,72.0,86.0
LAIATULATU_20001231,Laiatu Latu,DL,2025,IND,76.0,84.0,88.0,81.0,72.0,74.0,78.0,77.0
DERRICKNNADI_19960509,Derrick Nnadi,DL,2025,NYJ,75.0,73.0,65.0,53.0,46.0,85.0,68.0,88.0
DEVONTEWYATT_19980331,Devonte Wyatt,DL,2025,GB,75.0,80.0,88.0,69.0,60.0,77.0,72.0,86.0
TEAIRTART_19970228,Teair Tart,DL,2025,LAC,75.0,71.0,77.0,64.0,51.0,80.0,72.0,88.0
BILALNICHOLS_19960914,Bilal Nichols,DL,2025,ARI,74.0,73.0,75.0,65.0,58.0,74.0,75.0,87.0
LUKASVANNESS_20010706,Lukas Van Ness,DL,2025,GB,74.0,86.0,91.0,83.0,73.0,72.0,76.0,81.0
GREGGAINES_19960506,Greg Gaines,DL,2025,TB,73.0,71.0,70.0,60.0,55.0,81.0,76.0,87.0
MALCOLMROACH_19980609,Malcolm Roach,DL,2025,DEN,73.0,74.0,80.0,64.0,50.0,78.0,74.0,83.0
TYQUANLEWIS_19950130,Tyquan Lewis,DL,2025,IND,73.0,80.0,87.0,74.0,66.0,69.0,85.0,83.0
DARRELLTAYLOR_19970324,Darrell Taylor,DL,2025,HOU,72.0,83.0,86.0,74.0,64.0,68.0,75.0,86.0
JOSEPHOSSAI_20000412,Joseph Ossai,DL,2025,CIN,72.0,84.0,90.0,80.0,65.0,66.0,90.0,80.0
,Jalen Redmond,DL,2025,MIN,72.0,79.0,85.0,74.0,64.0,70.0,83.0,85.0
AL-QUADINMUHAMMAD_19950328,Al-Quadin Muhammad,DL,2025,DET,71.0,80.0,82.0,73.0,64.0,74.0,75.0,78.0
DAWUANESMOOT_19950302,Dawuane Smoot,DL,2025,JAX,71.0,79.0,77.0,79.0,61.0,78.0,73.0,82.0
JORDANPHILLIPS_20040630,Jordan Phillips,DL,2025,MIA,71.0,72.0,81.0,59.0,56.0,66.0,76.0,89.0
JOSHUAFARMER_20030117,Joshua Farmer,DL,2025,NE,71.0,69.0,74.0,67.0,59.0,68.0,72.0,88.0
NEVILLEGALLIMORE_19970117,Neville Gallimore,DL,2025,IND,71.0,80.0,82.0,71.0,63.0,74.0,75.0,80.0
SOLOMONTHOMAS_19950826,Solomon Thomas,DL,2025,DAL,71.0,82.0,83.0,77.0,59.0,65.0,84.0,87.0
TYHAMILTON_20020415,Ty Hamilton,DL,2025,LAR,71.0,75.0,80.0,61.0,57.0,69.0,79.0,89.0
BARRYNSORRELL_20021222,Barryn Sorrell,DL,2025,GB,70.0,83.0,85.0,80.0,73.0,71.0,82.0,82.0
DEWAYNECARTER_20001210,DeWayne Carter,DL,2025,BUF,70.0,73.0,78.0,57.0,56.0,73.0,78.0,82.0
ISAIAHMCGUIRE_20010727,Isaiah McGuire,DL,2025,CLE,70.0,79.0,88.0,75.0,66.0,66.0,86.0,79.0
CASEYTOOHILL_19960822,Casey Toohill,DL,2025,HOU,69.0,85.0,88.0,81.0,71.0,58.0,89.0,75.0
ELIJAHROBERTS_20011224,Elijah Roberts,DL,2025,TB,69.0,80.0,83.0,76.0,57.0,67.0,77.0,83.0
JAVONSOLOMON_20010117,Javon Solomon,DL,2025,BUF,69.0,82.0,84.0,75.0,64.0,70.0,88.0,77.0
JEREMIAHLEDBETTER_19940529,Jeremiah Ledbetter,DL,2025,NYG,69.0,77.0,78.0,67.0,51.0,70.0,81.0,85.0
MAASONSMITH_20021013,Maason Smith,DL,2025,JAX,69.0,72.0,75.0,64.0,58.0,64.0,76.0,83.0
TYLERBARON_20011022,Tyler Baron,DL,2025,NYJ,69.0,85.0,89.0,73.0,65.0,69.0,84.0,76.0
AENEASPEEBLES_20010903,Aeneas Peebles,DL,2025,BAL,68.0,73.0,81.0,64.0,57.0,68.0,80.0,81.0
JAYTUFELE_19990725,Jay Tufele,DL,2025,NYJ,68.0,71.0,74.0,58.0,52.0,63.0,76.0,88.0
MOROOJOMO_20010815,Moro Ojomo,DL,2025,PHI,68.0,71.0,82.0,69.0,61.0,68.0,80.0,84.0
RYLIEMILLS_20010820,Rylie Mills,DL,2025,SEA,68.0,73.0,77.0,66.0,61.0,65.0,66.0,84.0
SAMOKUAYINONU_19980501,Sam Okuayinonu,DL,2025,SF,68.0,80.0,85.0,68.0,63.0,61.0,85.0,83.0
TONKAHEMINGWAY_20011031,Tonka Hemingway,DL,2025,LV,68.0,72.0,84.0,72.0,65.0,66.0,78.0,81.0
ZACCHPICKENS_20000306,Zacch Pickens,DL,2025,CHI,68.0,76.0,83.0,69.0,60.0,68.0,75.0,81.0
JJPEGUES_20011125,JJ Pegues,DL,2025,LV,67.0,67.0,69.0,62.0,60.0,64.0,69.0,84.0
TIMSMITH_20020809,Tim Smith,DL,2025,IND,67.0,68.0,71.0,60.0,58.0,67.0,60.0,83.0
YAHYABLACK_20020421,Yahya Black,DL,2025,PIT,67.0,60.0,66.0,63.0,55.0,68.0,65.0,85.0
TYRIONINGRAM-DAWKINS_20030626,Tyrion Ingram-Dawkins,DL,2025,MIN,66.0,77.0,86.0,75.0,70.0,65.0,85.0,83.0
WARRENBRINSON_20020204,Warren Brinson,DL,2025,GB,66.0,70.0,75.0,65.0,59.0,66.0,74.0,83.0
ELIJAHGARCIA_19990311,Elijah Garcia,DL,2025,NYG,65.0,72.0,74.0,70.0,60.0,55.0,74.0,83.0
AUSTINJOHNSON_19940508,Austin Johnson,DL,2025,JAX,75.37918303018591,63.566632612740364,72.43942810064016,62.40870337661795,52.48424984379733,88.00038224079049,64.40964539146512,89.18498569670612
BRANDONGRAHAM_19880403,Brandon Graham,DL,2025,PHI,82.04295955735893,78.6756639941159,79.60926940460342,74.22936861565285,58.93079693537993,96.53079791924824,69.9332033079886,86.25079278357532
CARLLAWSON_19950629,Carl Lawson,DL,2025,DAL,76.08579419592024,81.40423131573448,83.36743777102379,75.89770469747498,66.03033429722046,81.7510612675078,79.28521111319083,85.17695561646192
CHRISTIANWILKINS_19951220,Christian Wilkins,DL,2025,LV,75.26929743074504,71.1293123463712,77.29553475710702,67.66345069328537,58.28729800422224,82.10583264294178,72.59853695236325,89.10678342219572
D.J.DAVIDSON_19970919,DJ Davidson,DL,2025,NYG,69.32274738842136,71.58848480259076,76.74481461282994,65.2551222307813,56.06005689018116,73.00486589384786,71.0154965505426,87.1941904893724
JAMESSMITH-WILLIAMS_19970730,James Smith-Williams,DL,2025,ATL,70.59441800365175,83.3855468255241,82.26036056336443,75.29912130453658,64.87222569697252,74.57643195421838,79.41626465088098,80.93366877576179
MIKEHALLJR_20030613,Mike Hall Jr.,DL,2025,CLE,71.96712266982354,75.83607645825623,81.14844675261372,71.88216787074106,63.73414302232925,70.60026703581661,80.66005709622459,86.37058781408973
THOMASBOOKERIV_19991111,Thomas Booker,DL,2025,LV,71.36884947419821,74.33754103107378,79.85330636509241,70.37624243374188,62.10735772678356,73.05603871879725,78.5518156482915,84.94970049091361
WILLIAMGHOLSTON_19910731,William Gholston,DL,2025,TB,76.28163125098729,72.99867392313593,75.4863924065263,71.4248898748495,57.422657896465694,90.68899759801707,68.33511407900494,83.03914046251069
AIDANHUTCHINSON_20000809,Aidan Hutchinson,DL,2025,DET,93.0,82.0,89.0,85.0,70.0,96.0,85.0,87.0
JONATHANALLEN_19950116,Jonathan Allen,DL,2025,MIN,88.0,73.0,76.0,69.0,52.0,88.0,74.0,93.0
SHELDONRANKINS_19940402,Sheldon Rankins,DL,2025,HOU,75.0,72.0,72.0,71.0,58.0,83.0,83.0,87.0
DA'SHAWNHAND_19951114,Da'Shawn Hand,DL,2025,LAC,74.0,76.0,77.0,57.0,53.0,69.0,77.0,88.0
ASHTONGILLOTTE_20021030,Ashton Gillotte,DL,2025,KC,73.0,84.0,90.0,83.0,72.0,72.0,87.0,78.0
AZEEZOJULARI_20000616,Azeez Ojulari,DL,2025,PHI,73.0,85.0,90.0,80.0,73.0,70.0,74.0,77.0
DEREKBARNETT_19960625,Derek Barnett,DL,2025,HOU,73.0,77.0,75.0,74.0,62.0,75.0,76.0,85.0
LANDONJACKSON_20030102,Landon Jackson,DL,2025,BUF,73.0,83.0,85.0,79.0,64.0,72.0,90.0,81.0
MORGANFOX_19940912,Morgan Fox,DL,2025,ATL,73.0,73.0,76.0,73.0,67.0,77.0,84.0,82.0
FELIXANUDIKE-UZOMAH_20020124,Felix Anudike-Uzomah,DL,2025,KC,72.0,81.0,82.0,85.0,72.0,71.0,82.0,72.0
OGBONNIAOKORONKWO_19950424,Ogbo Okoronkwo,DL,2025,PHI,72.0,81.0,83.0,78.0,69.0,77.0,90.0,83.0
BRODERICKWASHINGTONJR_19961204,Broderick Washington,DL,2025,BAL,71.0,70.0,73.0,61.0,52.0,76.0,65.0,83.0
ELIJAHCHATMAN_20001205,Elijah Chatman,DL,2025,NYG,71.0,82.0,79.0,56.0,61.0,65.0,70.0,88.0
JAMAREECALDWELL_20000830,Jamaree Caldwell,DL,2025,LAC,70.0,67.0,72.0,67.0,61.0,70.0,68.0,87.0
KARLBROOKS_20000508,Karl Brooks,DL,2025,GB,70.0,70.0,79.0,67.0,47.0,74.0,73.0,84.0
SAI'VIONJONES_20030703,Sai'vion Jones,DL,2025,DEN,70.0,81.0,88.0,79.0,68.0,75.0,80.0,80.0
VERNONBROUGHTON_20010715,Vernon Broughton,DL,2025,NO,69.0,72.0,80.0,63.0,59.0,69.0,72.0,86.0
JORDONRILEY_19980519,Jordon Riley,DL,2025,NYG,68.0,63.0,61.0,47.0,51.0,65.0,64.0,88.0
TYLERLACY_19991110,Tyler Lacy,DL,2025,JAX,68.0,69.0,81.0,65.0,58.0,64.0,71.0,86.0
JONAHWILLIAMS_19950817,Jonah Williams,DL,2025,NO,67.0,78.0,78.0,73.0,59.0,66.0,83.0,82.0
LABRYANRAY_19971205,LaBryan Ray,DL,2025,CAR,67.0,68.0,70.0,62.0,64.0,69.0,71.0,83.0
DEATRICHWISEJR_19940726,Deatrich Wise,DL,2025,WAS,72.81989344020462,76.57881985956021,80.61306427214038,71.55350610770421,60.91129170187958,79.95753377009737,77.44896816933567,81.71336012588861
JEREMIAHPHARMSJR_19961016,Jeremiah Pharms Jr.,DL,2025,NE,70.22320047923358,71.22955625261727,76.4679949330349,64.87418042374739,56.04829126687082,75.60951082916347,72.74865365921994,85.01023204300066
ABDULCARTER_20031003,Abdul Carter,DL,2025,NYG,81.0,88.0,91.0,86.0,77.0,80.0,86.0,80.0
SHEMARSTEWART_20031112,Shemar Stewart,DL,2025,CIN,77.0,86.0,91.0,86.0,74.0,77.0,93.0,87.0
TYLEIKWILLIAMS_20030225,Tyleik Williams,DL,2025,DET,77.0,75.0,78.0,68.0,60.0,75.0,82.0,91.0
WALTERNOLEN_20031014,Walter Nolen,DL,2025,ARI,77.0,81.0,88.0,81.0,71.0,75.0,81.0,87.0
SAMWILLIAMS_19990331,Sam Williams,DL,2025,DAL,76.0,89.0,91.0,82.0,70.0,71.0,86.0,79.0
ALFREDCOLLINS_20011008,Alfred Collins,DL,2025,SF,75.0,73.0,79.0,69.0,52.0,73.0,75.0,92.0
DONOVANEZEIRUAKU_20030925,Donovan Ezeiruaku,DL,2025,DAL,75.0,83.0,90.0,85.0,75.0,69.0,85.0,77.0
SAMSONEBUKAM_19950509,Samson Ebukam,DL,2025,IND,75.0,84.0,88.0,79.0,67.0,70.0,87.0,83.0
JTTUIMOLOAU_20030510,JT Tuimoloau,DL,2025,IND,74.0,80.0,87.0,77.0,71.0,75.0,87.0,82.0
T.J.SANDERS_20030730,T.J. Sanders,DL,2025,BUF,74.0,74.0,83.0,61.0,58.0,73.0,77.0,88.0
MALCOLMKOONCE_19980606,Malcolm Koonce,DL,2025,LV,73.0,79.0,82.0,81.0,69.0,75.0,82.0,75.0
DARIUSALEXANDER_20000826,Darius Alexander,DL,2025,NYG,72.0,74.0,79.0,73.0,63.0,68.0,78.0,86.0
SHEMARTURNER_20030114,Shemar Turner,DL,2025,CHI,72.0,80.0,85.0,72.0,62.0,74.0,79.0,88.0
OMARRNORMAN-LOTT_20020311,Omarr Norman-Lott,DL,2025,KC,71.0,67.0,82.0,71.0,61.0,71.0,77.0,85.0
TYROBINSON_20010503,Ty Robinson,DL,2025,PHI,71.0,78.0,80.0,65.0,64.0,69.0,83.0,89.0
BOOGIEBASHAMJR_19971216,Boogie Basham Jr,DT,2025,CAR,70.0,85.0,86.0,76.0,65.0,72.0,82.0,81.0
CAMJACKSON_20020807,Cam Jackson,DL,2025,CAR,70.0,67.0,70.0,60.0,54.0,69.0,63.0,87.0
LOGANLEE_20000612,Logan Lee,DL,2025,PIT,70.0,71.0,73.0,78.0,69.0,70.0,77.0,83.0
CHRISSMITH_19991215,Chris Smith,DL,2025,DET,69.0,70.0,74.0,75.0,61.0,54.0,76.0,92.0
DEONEWALKER_20040311,Deone Walker,DL,2025,BUF,69.0,61.0,73.0,70.0,62.0,72.0,64.0,82.0
AHMEDHASSANEIN_20020709,Ahmed Hassanein,DL,2025,DET,68.0,80.0,81.0,76.0,67.0,72.0,79.0,83.0
CJWEST_20020612,CJ West,DL,2025,SF,68.0,74.0,77.0,64.0,53.0,63.0,80.0,84.0
MATTHENNINGSEN_19990501,Matt Henningsen,DL,2025,DEN,68.0,73.0,77.0,77.0,72.0,69.0,89.0,82.0
CHRISRUMPHII_19981019,Chris Rumph II,DL,2025,NO,67.0,80.0,88.0,80.0,74.0,60.0,80.0,74.0
JAMREEKROMAH_20000614,Jamree Kromah,DL,2025,CHI,67.0,79.0,85.0,73.0,62.0,60.0,76.0,82.0
LARRELLMURCHISON_19970424,Larrell Murchison,DL,2025,LAR,67.0,70.0,68.0,57.0,55.0,70.0,72.0,87.0
MARCUSHARRIS_20000927,Marcus Harris,DL,2025,BUF,67.0,67.0,70.0,59.0,58.0,65.0,72.0,83.0
PERRIONWINFREY_20000805,Perrion Winfrey,DL,2025,DAL,67.0,76.0,79.0,59.0,53.0,68.0,73.0,82.0
KYONTEHAMILTON_20021107,Kyonte Hamilton,DL,2025,HOU,66.0,72.0,79.0,68.0,62.0,57.0,67.0,85.0
MCTELVINAGIM_19970925,McTelvin Agim,DL,2025,CIN,66.0,73.0,73.0,68.0,59.0,65.0,75.0,84.0
TIMMYHORNE_19971025,Timmy Horne,DL,2025,TEN,65.0,64.0,63.0,66.0,54.0,62.0,84.0,85.0
TRAVISBELL_19981027,Travis Bell,DL,2025,MIN,65.0,72.0,79.0,53.0,59.0,61.0,79.0,86.0
CHRISWILLIAMS_19980616,Chris Williams,DL,2025,CHI,64.0,67.0,73.0,58.0,47.0,60.0,68.0,84.0
JACKHEFLIN_19980308,Jack Heflin,DL,2025,LAR,64.0,61.0,69.0,65.0,59.0,67.0,72.0,83.0
LACALELONDON_19970805,LaCale London,DL,2025,ATL,64.0,72.0,77.0,66.0,51.0,60.0,79.0,83.0
CHRISTOPHERHINTON_20000914,Christopher Hinton,DL,2025,LAC,63.0,63.0,72.0,55.0,52.0,52.0,77.0,84.0
TREVENMA'AE_20010226,Treven Ma'ae,DL,2025,LV,63.0,77.0,86.0,69.0,61.0,56.0,80.0,83.0
TYLERBATTY_19990502,Tyler Batty,DL,2025,MIN,63.0,80.0,81.0,77.0,65.0,52.0,82.0,83.0
DANNYSTRIGGOW_20020724,Danny Striggow,DL,2025,JAX,62.0,78.0,80.0,81.0,74.0,56.0,80.0,75.0
JALENREDMOND_19990312,Raymond Johnson III,DL,2025,CIN,62.0,79.0,81.0,67.0,63.0,62.0,80.0,75.0
TERAHEDWARDS_20010603,TeRah Edwards,DL,2025,LAC,62.0,65.0,70.0,61.0,58.0,58.0,65.0,87.0
JAYSONJONES_20011029,Jayson Jones,DL,2025,BAL,59.0,62.0,62.0,51.0,49.0,60.0,60.0,78.0
ERICBANKS_19980130,Eric Banks,DL,2025,TB,58.0,72.0,79.0,68.0,60.0,58.0,76.0,74.0
BJTHOMPSON_19990323,BJ Thompson,DL,2025,KC,64.78623226924049,82.24746056620836,83.42168417778794,76.17076286477987,63.91979948247052,62.803669336502935,83.60610509273067,76.6128292375843
BRADLEEANAE_19980117,Bradlee Anae,DL,2025,SF,69.5533601184344,78.02071583067243,80.73538714166898,73.31015281591309,64.87978718497237,70.80943543051103,79.9669117935349,79.84225199077818
BREIDENFEHOKO_19961015,Breiden Fehoko,DL,2025,PIT,67.77575519881714,71.67105154752198,77.12264541706418,65.81828850782517,56.880862903703985,70.66646297161981,74.44374527405387,84.54880496672752
BYRONYOUNG_19980313,Byron Young,DL,2025,PHI,69.25361545055432,76.34953494487138,80.57973212118168,69.17641367135985,61.928968904395106,67.79397955239267,74.05052372901685,84.24407418938421
CAMSAMPLE_19990920,Cameron Sample,DL,2025,CIN,71.47532064778864,82.33564545874583,84.13303563369743,77.19151128214472,63.5788892524115,70.33994165272804,88.13636726237507,80.77609841401016
DRAKEJACKSON_20041201,Drake Jackson,DL,2025,SF,69.48657385149443,79.23550551698054,82.72751975168842,75.4085962367094,62.70095922881086,67.38361109984965,87.1755333011796,84.14555942708284
FABIENLOVETTSR_19991205,Fabien Lovett Sr.,DL,2025,KC,64.31593067943811,70.8602694123881,76.76944528664296,63.912715290076676,54.80694531010505,63.07381027539816,75.08264939761364,86.10254032137092
JACOBSLADE_20000223,Jacob Slade,DL,2025,PIT,65.58245349892286,72.12169165254159,77.3029694424888,65.99994522301571,56.202264215708794,65.80036667916897,75.80586092675242,84.76861120167808
JERRODCLARK_19991116,Jerrod Clark,DL,2025,CAR,64.83936303079975,62.58884782450059,70.80616153023618,58.230440865804724,50.06672446221728,67.12313566389378,67.1973103862399,88.50553630982651
JOHNCOMINSKY_19951122,John Cominsky,DL,2025,DET,71.96745562947035,79.32568036264729,80.8615096719875,75.08355979334769,61.071364532660084,74.19870838126326,82.04429802239895,80.95835952782795
JOSIAHBRONSON_d_line,Josiah Bronson,DL,2025,TEN,65.81277725690836,70.36240275198372,75.53559268626134,64.4370945871818,54.327864631494265,68.03265645735837,73.33910522325198,82.9225601689927
JUSTINROGERS_20091201,Justin Rogers,DL,2025,SEA,66.66205503133051,66.297136225808,72.30775423191483,59.51437611265129,52.037835067443496,67.33119447745946,65.80708359218386,86.92850372606011
KEITHRANDOLPHJR_20010901,Keith Randolph Jr.,DL,2025,GB,63.965207089868954,70.17882502967905,75.80949942862344,65.38457693396819,57.00621379241869,64.11044170974083,73.69243904580765,83.24034053057503
MARLONDAVIDSON_19980511,Marlon Davidson,DL,2025,HOU,71.44003859160205,72.23397443375711,77.49852855905601,69.24802448220419,57.780245699927434,73.61778398072863,76.72458214061851,85.09388979330424
PJMUSTIPHER_19981110,PJ Mustipher,DL,2025,ARI,61.44461704274954,62.74220303299546,71.63660006937289,57.94600600771446,48.51360439282399,64.8065443317156,67.17646411495002,82.60927739209919
RAEQUANWILLIAMS_d_line,Raequan Williams,DL,2025,DET,66.567434012018,69.24640476889215,75.43911033256074,63.00998800465425,55.57752653424217,71.93625976417434,66.71445740829256,80.35683829455778
ROSSBLACKLOCK_19980709,Ross Blacklock,DL,2025,NYG,72.36900604919163,74.56023524362206,78.63647485118543,68.23452867026438,55.52518986487411,74.5372882346951,74.73923063912355,86.32159707586919
RYDERANDERSON_19981015,Ryder Anderson,DL,2025,NO,65.71179479572436,75.53509024188497,79.21674317707493,69.90547902091603,58.5494451105472,67.19257069145556,77.86070661077144,81.20226825027251
SIAKIIKA_20001108,Siaki Ika,DL,2025,KC,65.83754093886637,63.35409341813772,73.11284918838783,60.06642783168701,50.07398946621947,66.00361298216728,73.87141175017302,91.64372813240226
VILIAMIFEHOKO_19991216,Viliami Fehoko Jr.,DL,2025,WAS,66.5471920914199,79.50267504354917,82.2991283815627,73.53115719384292,62.88337525926801,64.24620070756112,82.23759089203884,79.9768305051254
WILLIAMBRADLEY-KING_19971222,William Bradley-King,DL,2025,MIA,68.21176542427634,79.83490507591205,81.16484541810144,74.88029260359164,63.19576711631322,68.42336700780504,83.26112249421669,79.45253195780487
,Domenique Davis,DL,2025,PIT,67.59632019705668,67.9294773783464,74.94531430070106,61.483271145204554,52.94382266385031,70.54783831329735,71.62067688372838,87.88168594422075
,Haggai Ndubuisi,DL,2025,HOU,69.44605321245251,71.9406944397316,75.70862663384605,68.78766760771498,55.96307293782917,74.02766370220968,75.0947247595567,83.96363304247001
,Ralph Holley,DL,2025,CLE,63.08200631878401,74.65957344471235,79.54015396753425,66.73947972514944,60.515440643002194,59.53371994319605,77.35854875863231,82.48994884034502
,Adedayo Odeleye,DL,2025,BAL,64.78220575437365,76.70245481901907,80.20811181938086,70.38239129801264,59.9227822187915,65.34499256461663,78.46228568661252,80.02835156114301
,Garrett Nelson,DL,2025,DEN,64.40577651541184,80.25813283043715,82.28283287674196,74.21488774165434,65.00634049267364,63.08935230884924,81.2878650254653,77.00911130011644
,Jeremiah Martin,DL,2025,GB,64.71453149305239,77.58782282598315,80.96448010890106,71.24099740573226,62.114293582506946,63.79949838577738,79.71425620795105,79.89193429234635
,Jacob Sykes,DL,2025,PHI,64.49322231234578,74.07836538751258,78.83001116400987,67.27175738320355,58.01631599396819,63.859576539218665,77.03758124517287,82.92783531067985
,Marcus Haynes,DL,2025,CLE,62.849166692046765,80.73555375475974,82.51031143809792,73.99662001594064,64.2597881607914,61.084363718584086,81.01741673298159,75.88237541009198
,Junior Aho,DL,2025,ATL,64.14276228735366,76.65778873435261,80.2097799721962,70.08645912310914,60.47764346476998,63.27344116966674,78.68229492514968,80.28024934799026
,Basil Okoye,DL,2025,BAL,67.24476261783241,70.97382695190731,76.14961077589066,66.15391153317788,54.73898725581455,69.0415500440671,75.47585374712787,86.0941200742013
,David Ebuka Agoha,DL,2025,LV,68.23280194843858,78.9318457382742,81.53262244552172,74.24880974857169,65.74803022992933,69.7404204159102,80.57904245140423,78.7784743288745
,Durell Nchami,DL,2025,IND,64.65072852034166,78.52073864937176,81.24521167268244,72.4380998280835,63.12617073758088,63.65361267923447,80.13565174380153,78.69340514907299
,Gabe Hall,DL,2025,PHI,64.54936838279184,74.06330363703898,78.23477150480835,68.19955002404757,56.675777490508665,64.30901207119553,77.48916372819565,82.98430579336704
,James Ester,DL,2025,GB,64.43419444442964,74.82994423747607,79.44134877091301,68.08627651194496,59.73218178852096,62.5547920305371,78.2031434525519,82.87584798107036
,C.J. Ravenell,DL,2025,BAL,63.7105648109374,74.48561408891328,78.83936891135227,67.86334981846889,57.24235001186605,62.670334210066926,77.63817112859545,82.59459329722873
,Nate Lynn,DL,2025,DET,64.3942562144008,80.05896311556967,82.78638767572568,73.61717437652533,66.02090874272551,61.67165765787263,82.10244382154099,78.34426511471639
,Popo Aumavae,DL,2025,CAR,63.684393960616035,70.59614714694555,76.2731912614745,63.56161821798861,53.89208703985986,62.410623375873456,74.3929189428344,85.69712710382962
,Derrick McLendon,DL,2025,MIA,63.79018246958583,79.8238851580868,81.93874337504019,73.69964552520815,64.39621717836906,61.56850573048439,81.27840502145375,77.57232009345122
,Ovie Oghoufo,DL,2025,LV,62.870489977825514,80.2094230182513,82.63276202523718,73.30759325582727,64.1777427066221,60.23837873724858,81.59213423997778,77.39073191441923
,Jaylon Allen,DL,2025,SF,63.89158113812414,74.03636284444815,78.43751399989969,67.40616967169123,57.83301969937065,62.371983643836984,77.08650185592876,82.81002660040522
,Jordan Miller,DL,2025,DEN,64.25212770672783,71.79318523577626,77.05017685042424,65.10981771242771,55.81882246517881,62.92792456885593,75.50404493346366,84.90401117809756
,Daniel Grzesiak,DL,2025,TB,63.40753139586684,81.18742435141667,84.25004323369342,73.53896930105248,68.09235678194909,59.19519265097824,82.92228385416695,77.68133793286779
,Pheldarius Payne,DL,2025,IND,63.50600912672428,76.43511998488577,80.19659115684783,69.5280861403285,60.8391145056944,61.20772712346809,78.84952769180188,80.80201438156271
,Kyler Baugh,DL,2025,PIT,65.57406627350315,72.49996522348613,78.04624222400855,66.00553183910563,58.58692959423138,63.89498177077394,76.81873282578647,85.37812905950821
,Isaiah Iton,DL,2025,NE,64.2961906097679,76.19534414793532,80.27428471217388,69.38758735880145,61.953969633677275,61.741502544626655,79.01152140737406,81.51681492166242
,Norell Pollard,DL,2025,WAS,63.05820992709948,78.82057633400427,82.79605106336453,70.69573274246318,65.64382636687628,58.685609663043806,80.94119029630849,79.57756945434292
,Tyler Manoa,DL,2025,LV,64.29982654911566,71.01402206040916,76.35866154139012,64.67119762934155,53.488853344610845,64.029334202026,75.04510644836557,85.5266331910729
,Anthony Goodlow,DL,2025,ARI,63.75015502613155,75.15472224872735,78.69235006104498,69.02821466701778,57.97098470228798,62.76368377784104,77.69176383971524,81.36431721997445
,Denzel Daxon,DL,2025,DAL,63.6133053118275,70.16499867637162,76.79388583954369,62.35684636048498,54.16337095113187,61.748482812834254,74.55279928485118,86.88913411471941
,David Olajiga,DL,2025,NE,62.86809465675947,70.71787734353597,76.53945949758281,63.13732837480549,53.39037010346084,61.319731656954104,74.33884533662797,85.483791990816
,Kyon Barrs,DL,2025,ARI,65.45180451430326,73.97756781576891,78.20440281754463,68.27731565971885,59.034723297425444,64.38630238965413,77.4521110456534,83.25891968021855
,Camron Peterson,DL,2025,NO,63.425600684041115,76.23953000300799,80.04066179696542,69.5218123576218,59.139121650292054,62.013298404331294,78.91111730420891,81.0579318452273
,Jalan Gaines,DL,2025,SEA,62.87647956959438,74.31831034650122,78.93808891847448,68.93223010486571,58.445529876540036,58.365762144719156,77.4249310716533,81.69943146908483
,Connor O'Toole,DL,2025,SEA,63.63074296070738,74.35486474805498,78.92847093081912,69.37586249233019,59.117192291730476,59.31311269904813,77.69968637269847,81.93181474248655
,J.R. Singleton,DL,2025,SEA,63.63074296070738,74.35486474805498,78.92847093081912,69.37586249233019,59.117192291730476,59.31311269904813,77.69968637269847,81.93181474248655
,Coziah Izzard,DL,2025,KC,63.44463522247918,74.82971854248842,79.69842167617844,69.43389012517434,59.62702872810428,58.882489205278375,78.36173145721352,81.9889592236523
,Hayden Harris,DL,2025,BUF,62.897158207174925,74.26554881378593,78.85253883565656,68.92578259010489,58.388881383609544,58.41360919958265,77.35137050670698,81.6930820822887
,Jared Harrison-Hunte,DL,2025,CAR,62.08085890331927,74.38727901037714,79.11880707176545,68.50149274692231,57.887164447210864,57.32271748066319,77.29729690050101,81.47974696927534
,Ricky Barber,DL,2025,WAS,62.659353874994395,74.87230644000681,79.83636478806079,68.99992900985046,59.040339052309776,57.86336806865381,78.19731700358795,81.7661000304447
,James Carpenter,DL,2025,JAX,62.793765019270495,74.52935647736047,79.28028924974558,68.95802016390772,58.672123848262004,58.17437392526563,77.71917333143813,81.72482901626952
,BJ Green II,DL,2025,JAX,64.30229180149706,74.60246528046821,79.26105327443463,69.84528493883627,60.01544867864226,60.069075033924264,78.268683933528,82.18959556307323
,Eli Mostaert,DL,2025,JAX,62.03950162815727,74.4928020758066,79.28990723740071,68.51438777644336,58.000461433071735,57.227023370936195,77.4444180303932,81.49244574286763
,Devonta Davis,DL,2025,IND,62.78342570048005,74.55573724371754,79.32306429115431,68.96124392128786,58.700448094726994,58.150450397833765,77.75595361391095,81.72800370966772
,Joe Evans,DL,2025,PHI,62.638675237413395,74.92506797272165,79.92191487087837,69.00637652461103,59.096987545239756,57.81552101379032,78.27087756853405,81.77244941724081
,Desmond Little,DL,2025,IND,62.02916230936694,74.51918284216413,79.3326822788099,68.51761153382338,58.028785679536895,57.20309984350479,77.48119831286624,81.49562043626588
,Fatorma Mulbah,DL,2025,NYJ,63.50667113522161,74.6714339443439,79.44177142772548,69.41454758089284,59.457083249312916,59.026030369867954,78.14104976237547,81.96991106326365
,Warren Peeples,DL,2025,TB,62.58697864346118,75.05697180450875,80.1357900779227,69.02249531151227,59.23860877756624,57.69590337663226,78.45477898089928,81.78832288423138
,Josh Fuga,DL,2025,LAC,62.814443656851495,74.47659494464551,79.19473916692766,68.9515726491471,58.61547535533151,58.222220980128895,77.64561276649181,81.71847962947328
,Anthony Booker,DL,2025,LV,62.700711150156394,74.76678337457736,79.6652646224253,68.98703398032973,58.92704206644896,57.95906217838069,78.05019587369577,81.75340125685244
,Philip Blidi,DL,2025,TEN,63.59972500433594,74.43400704712735,79.056796055046,69.38553376447075,59.20216503112613,59.241342116753344,77.81002722011783,81.94133882268073
,Desmond Evans,DL,2025,TEN,63.59972500433594,74.43400704712735,79.056796055046,69.38553376447075,59.20216503112613,59.241342116753344,77.81002722011783,81.94133882268073
,Cam Horsley,DL,2025,TEN,63.59972500433594,74.43400704712735,79.056796055046,69.38553376447075,59.20216503112613,59.241342116753344,77.81002722011783,81.94133882268073
,Isaiah Raikes,DL,2025,TEN,62.845461613222824,74.39745264557337,79.06641404270101,68.9419013770065,58.5305026159358,58.29399156242391,77.53527191907267,81.70895554927904
,Sebastian Valdez,DL,2025,SF,63.55836772917394,74.53953011255692,79.22789622068103,69.39842879399157,59.31546201698683,59.14564800702635,77.95714835001002,81.95403759627317
,Bill Norton,DL,2025,LAR,61.8740725275095,74.91489433752531,79.97430789994269,68.56596789452678,58.45364937651516,56.84424693202948,78.03290254996239,81.54324083723697
,Jahfari Harvey,DL,2025,LV,62.700711150156394,74.76678337457736,79.6652646224253,68.98703398032973,58.92704206644896,57.95906217838069,78.05019587369577,81.75340125685244
,Dvon J-Thomas,DL,2025,TB,62.58697864346118,75.05697180450875,80.1357900779227,69.02249531151227,59.23860877756624,57.69590337663226,78.45477898089928,81.78832288423138
,Keith Cooper,DL,2025,DET,64.17821997601118,74.91903447675702,79.77435377134066,69.88397002739902,60.355339636224926,59.78199270474397,78.71004732320455,82.22769188385027
,Da'Jon Terry,DL,2025,LAR,62.62833591862284,74.95144873907907,79.96468991228721,69.00960028199117,59.12531179170526,57.79159748635868,78.30765785100732,81.77562411063897
,Michael Fletcher,DL,2025,NYJ,62.75240774410861,74.63487954279003,79.45138941538062,68.9709151934284,58.78542083412265,58.07867981553875,77.86629446133031,81.73752778986193
,Patrick Jenkins,DL,2025,ARI,64.36432771423972,74.4441806823238,79.00440302598145,69.82594239455497,59.84550319985118,60.212616198514525,78.04800223868972,82.17054740268458
,Anthony Campbell,DL,2025,SEA,62.12221617848104,74.28175594494724,78.94770690612995,68.48859771740132,57.77386746135005,57.41841159038984,77.1501757706086,81.46704819568308
,Decarius Hawthorne,DL,2025,LAR,63.38259930973618,74.98800314063283,79.9550719246314,69.4532326694557,59.7969742068957,58.738948040688115,78.58241315205225,82.00800738404078
KENNETHGRANT_20031027,Kenneth Grant,DL,2025,MIA,78.0,68.0,78.0,66.0,60.0,77.0,76.0,92.0
MYKELWILLIAMS_20040629,Mykel Williams,DL,2025,SF,78.0,81.0,89.0,82.0,71.0,77.0,79.0,86.0
DERRICKHARMON_20030803,Derrick Harmon,DL,2025,PIT,77.0,74.0,76.0,76.0,66.0,77.0,77.0,93.0
CLELINFERRELL_19970517,Clelin Ferrell,DL,2025,WAS,75.0,83.0,84.0,75.0,66.0,79.0,81.0,83.0
EDDIEGOLDMAN_19940106,Eddie Goldman,DL,2025,WAS,74.0,63.0,58.0,60.0,52.0,81.0,63.0,93.0
ANDREWBILLINGS_19950306,Andrew Billings,DL,2025,CHI,73.0,70.0,68.0,62.0,51.0,75.0,69.0,89.0
KINGSLEYENAGBARE_20000118,Kingsley Enagbare,DL,2025,GB,71.0,77.0,83.0,67.0,63.0,70.0,87.0,83.0
MIKEPENNEL_19910509,Mike Pennel,DL,2025,KC,71.0,67.0,67.0,54.0,47.0,71.0,71.0,85.0
TAVENBRYAN_19960311,Taven Bryan,DL,2025,CIN,71.0,77.0,79.0,75.0,62.0,69.0,84.0,88.0
JONAHLAULU_20000630,Jonah Laulu,DL,2025,LV,69.0,74.0,79.0,65.0,61.0,68.0,86.0,84.0
JORDANELLIOTT_19971123,Jordan Elliott,DL,2025,SF,69.0,71.0,78.0,61.0,55.0,73.0,69.0,82.0
BYRONCOWART_19970520,Byron Cowart,DL,2025,NYJ,66.0,68.0,66.0,60.0,58.0,63.0,74.0,85.0
KRISJENKINSJR_20011010,Kris Jenkins,DL,2025,CIN,73.41944465035476,75.86091007168284,81.36901306195318,70.3677757385368,59.95289805482582,70.95413098922245,76.37361321169419,89.51075543123659
DEFORESTBUCKNER_19940317,DeForest Buckner,DL,2025,IND,88.0,76.0,77.0,80.0,65.0,89.0,80.0,90.0
MILTONWILLIAMS_19990406,Milton Williams,DL,2025,NE,85.0,83.0,86.0,82.0,67.0,88.0,89.0,92.0
BRADENFISKE_20000118,Braden Fiske,DL,2025,LAR,82.0,80.0,82.0,67.0,69.0,88.0,81.0,93.0
JARRANREED_19931216,Jarran Reed,DL,2025,SEA,79.0,71.0,67.0,61.0,54.0,87.0,76.0,89.0
BYRONMURPHYII_20020908,Byron Murphy II,DL,2025,SEA,77.0,77.0,81.0,67.0,64.0,78.0,80.0,86.0
SHELBYHARRIS_19910811,Shelby Harris,DL,2025,CLE,77.0,75.0,76.0,66.0,57.0,78.0,78.0,85.0
JER'ZHANNEWTON_20020831,Jer'Zhan Newton,DL,2025,WAS,76.0,78.0,82.0,73.0,67.0,73.0,80.0,85.0
LARRYOGUNJOBI_19940603,Larry Ogunjobi,DL,2025,BUF,76.0,74.0,73.0,71.0,53.0,83.0,79.0,89.0
TERSHAWNWHARTON_19980625,Tershawn Wharton,DL,2025,CAR,76.0,79.0,83.0,72.0,60.0,84.0,76.0,87.0
A'SHAWNROBINSON_19950321,A'Shawn Robinson,DL,2025,CAR,75.0,65.0,68.0,57.0,52.0,79.0,66.0,85.0
JOHNATHANHANKINS_19920330,Johnathan Hankins,DL,2025,SEA,75.0,73.0,65.0,60.0,50.0,87.0,74.0,90.0
DAVONHAMILTON_19970201,DaVon Hamilton,DL,2025,JAX,74.0,70.0,68.0,65.0,53.0,74.0,73.0,91.0
LEVIONWUZURIKE_19980302,Levi Onwuzurike,DL,2025,DET,74.0,79.0,82.0,74.0,64.0,74.0,74.0,87.0
LOGANHALL_20000422,Logan Hall,DL,2025,TB,72.0,76.0,83.0,75.0,66.0,73.0,74.0,85.0
KHALENSAUNDERS_19960809,Khalen Saunders,DL,2025,NO,71.0,72.0,76.0,67.0,59.0,73.0,75.0,84.0
SHYTUTTLE_19951020,Shy Tuttle,DL,2025,CAR,71.0,75.0,74.0,71.0,59.0,68.0,70.0,82.0
DANTESTILLS_19991214,Dante Stills,DL,2025,ARI,70.0,76.0,83.0,71.0,60.0,74.0,71.0,80.0
FOLORUNSOFATUKASI_19950304,Foley Fatukasi,DL,2025,HOU,73.54531595799335,64.24056773425218,69.98515064972366,63.73701471111431,55.40387473174792,81.95197478363832,71.56347541157379,90.82994816297509
JOSHPASCHAL_19991217,Joshua Paschal,DL,2025,DET,76.82392895232977,83.01683205854033,85.04277552902863,77.48222493045488,63.988002047150985,78.29415345099164,86.05659838794918,84.17594371345145
MIKEDANNA_19971201,Michael Danna,DL,2025,KC,72.23984874253586,79.83574842280564,80.35416870325344,74.30632647432583,62.89993797394675,76.89912919973159,78.60516132652106,79.79155432112574
GEORGEKARLAFTIS_20010403,George Karlaftis,DL,2025,KC,84.0,80.0,86.0,80.0,68.0,89.0,86.0,85.0
DAVIDONYEMATA_19921113,David Onyemata,DL,2025,ATL,79.0,73.0,78.0,69.0,55.0,77.0,80.0,89.0
DORANCEARMSTRONG_19970610,Dorance Armstrong,DL,2025,WAS,78.0,79.0,80.0,80.0,67.0,83.0,80.0,82.0
KEIONWHITE_19990120,Keion White,DL,2025,NE,78.0,82.0,81.0,75.0,66.0,77.0,82.0,85.0
SEBASTIANJOSEPH-DAY_19950321,Sebastian Joseph-Day,DL,2025,TEN,78.0,74.0,78.0,68.0,59.0,80.0,77.0,86.0
TRAVISJONES_19991015,Travis Jones,DL,2025,BAL,78.0,75.0,72.0,71.0,59.0,75.0,71.0,95.0
B.J.HILL_19960420,B.J. Hill,DL,2025,CIN,77.0,73.0,76.0,71.0,60.0,72.0,67.0,88.0
LEONARDFLOYD_19920908,Leonard Floyd,DL,2025,ATL,77.0,85.0,86.0,83.0,69.0,82.0,91.0,76.0
CALIJAHKANCEY_20010301,Calijah Kancey,DL,2025,TB,76.0,83.0,91.0,82.0,69.0,74.0,81.0,84.0
MALIEKCOLLINS_19950408,Maliek Collins,DL,2025,CLE,75.0,70.0,71.0,67.0,60.0,88.0,75.0,84.0
BRYANBRESEE_20011006,Bryan Bresee,DL,2025,NO,74.0,78.0,85.0,70.0,68.0,77.0,72.0,88.0
CHAUNCEYGOLSTON_19980210,Chauncey Golston,DL,2025,NYG,74.0,78.0,86.0,71.0,63.0,76.0,84.0,81.0
NATHANSHEPHERD_19931009,Nathan Shepherd,DL,2025,NO,74.0,73.0,73.0,70.0,60.0,75.0,76.0,90.0
DAYOODEYINGBO_19990924,Dayo Odeyingbo,DL,2025,CHI,73.0,80.0,84.0,79.0,65.0,71.0,83.0,84.0
JERRYTILLERY_19961008,Jerry Tillery,DL,2025,KC,71.0,75.0,78.0,72.0,66.0,72.0,78.0,85.0
TIMSETTLE_19970711,Tim Settle,DL,2025,HOU,72.67438707011502,65.3630003067592,70.17858293709992,61.87751872134223,53.07259133356604,81.31520285572208,66.94834817373135,87.21935402956596
JOSHALLEN_19970713,Josh Hines-Allen,DL,2025,JAX,90.0,88.0,88.0,84.0,73.0,95.0,92.0,83.0
D.J.READER_19940701,D.J. Reader,DL,2025,DET,85.0,70.0,62.0,58.0,54.0,92.0,73.0,95.0
ALIMMCNEILL_20000511,Alim McNeill,DL,2025,DET,83.0,75.0,81.0,64.0,55.0,89.0,75.0,93.0
GRADYJARRETT_19930428,Grady Jarrett,DL,2025,CHI,82.0,72.0,76.0,68.0,59.0,85.0,76.0,90.0
EDOLIVER_19971212,Ed Oliver,DL,2025,BUF,81.0,82.0,85.0,84.0,70.0,84.0,86.0,89.0
DAVONGODCHAUX_19941111,Davon Godchaux,DL,2025,NO,80.0,71.0,64.0,57.0,50.0,78.0,73.0,93.0
OSAODIGHIZUWA_19980813,Osa Odighizuwa,DL,2025,DAL,79.0,77.0,82.0,68.0,61.0,84.0,77.0,85.0
T'VONDRESWEAT_20010711,T'Vondre Sweat,DL,2025,TEN,79.0,63.0,70.0,67.0,45.0,72.0,66.0,94.0
DALVINTOMLINSON_19940228,Dalvin Tomlinson,DL,2025,ARI,77.0,70.0,66.0,59.0,49.0,87.0,68.0,89.0
KWITYPAYE_19981119,Kwity Paye,DL,2025,IND,77.0,84.0,85.0,88.0,74.0,72.0,85.0,86.0
A.J.EPENESA_19980915,A.J. Epenesa,DL,2025,BUF,76.0,79.0,76.0,76.0,66.0,82.0,79.0,85.0
KEEANUBENTON_20010617,Keeanu Benton,DL,2025,PIT,76.0,70.0,75.0,69.0,59.0,78.0,73.0,88.0
BOBBYBROWNIII_20000807,Bobby Brown III,DL,2025,CAR,74.0,72.0,79.0,63.0,61.0,73.0,80.0,86.0
JOHNJENKINS_19890711,John Jenkins,DL,2025,BAL,74.0,71.0,63.0,55.0,42.0,75.0,63.0,90.0
ADAMBUTLER_19940412,Adam Butler,DL,2025,LV,73.0,70.0,63.0,63.0,51.0,85.0,71.0,85.0
MAZISMITH_20010616,Mazi Smith,DL,2025,DAL,73.0,74.0,77.0,76.0,66.0,66.0,73.0,91.0
MICHEALCLEMONS_19970821,Micheal Clemons,DL,2025,NYJ,72.0,77.0,84.0,74.0,65.0,74.0,84.0,80.0
ROYLOPEZ_19970807,Roy Lopez,DL,2025,DET,72.0,66.0,68.0,69.0,60.0,74.0,76.0,90.0
DANIELEKUALE_19940113,Daniel Ekuale,DL,2025,PIT,71.0,67.0,68.0,64.0,50.0,73.0,77.0,81.0
L.J.COLLIER_19950912,L.J. Collier,DL,2025,ARI,69.0,77.0,76.0,64.0,56.0,74.0,74.0,83.0
BENITOJONES_19971127,Benito Jones,DL,2025,MIA,68.0,69.0,68.0,52.0,46.0,74.0,67.0,86.0
DA'RONPAYNE_19970527,Daron Payne,DL,2025,WAS,80.17088040566921,74.4983467484119,78.11171293736447,69.73884326639423,56.598072526139276,84.92929417663476,73.31077070725587,90.32452677055915
MARIOEDWARDSJR_19940419,Mario Edwards,DL,2025,HOU,81.55976831677992,80.44438199731553,80.619793428825,77.61199371257104,62.66741677297682,87.73074871643468,78.16248667995524,87.64652194490259
RAKEEMNUNEZ-ROCHES_19930703,Rakeem Nunez-Roches,DL,2025,NYG,76.52500361802231,71.36832339982038,75.05430011444582,66.459228326799,52.122412311077596,84.85119091473473,74.82764751856962,86.63278655809
MYLESGARRETT_19951229,Myles Garrett,DL,2025,CLE,99.0,87.0,90.0,86.0,71.0,97.0,94.0,96.0
MICAHPARSONS_19990526,Micah Parsons,DL,2025,DAL,98.0,90.0,95.0,90.0,77.0,97.0,85.0,89.0
,Chris Jones,DL,2025,KC,97.0,73.0,79.0,74.0,62.0,99.0,63.0,96.0
MAXXCROSBY_19970822,Maxx Crosby,DL,2025,LV,96.0,86.0,88.0,83.0,71.0,96.0,85.0,85.0
NICKBOSA_19971023,Nick Bosa,DL,2025,SF,95.0,80.0,91.0,87.0,73.0,95.0,81.0,94.0
CAMERONHEYWARD_19890506,Cameron Heyward,DL,2025,PIT,94.0,75.0,73.0,67.0,59.0,94.0,74.0,94.0
NNAMDIMADUBUIKE_19971117,Nnamdi Madubuike,DL,2025,BAL,93.0,81.0,83.0,74.0,64.0,93.0,70.0,95.0
VITAVEA_19950205,Vita Vea,DL,2025,TB,93.0,74.0,73.0,71.0,60.0,90.0,70.0,98.0
JEFFERYSIMMONS_19970728,Jeffery Simmons,DL,2025,TEN,92.0,78.0,82.0,75.0,63.0,91.0,78.0,97.0
TREYHENDRICKSON_19941205,Trey Hendrickson,DL,2025,CIN,92.0,84.0,87.0,81.0,65.0,97.0,81.0,82.0
DANIELLEHUNTER_19941029,Danielle Hunter,DL,2025,HOU,91.0,88.0,88.0,83.0,71.0,95.0,88.0,82.0
QUINNENWILLIAMS_19971220,Quinnen Williams,DL,2025,NYJ,91.0,84.0,83.0,79.0,62.0,92.0,75.0,92.0
JALENCARTER_20010404,Jalen Carter,DL,2025,PHI,90.0,82.0,88.0,78.0,69.0,89.0,80.0,94.0
GREGROUSSEAU_20000405,Greg Rousseau,DL,2025,BUF,88.0,86.0,90.0,82.0,68.0,95.0,83.0,83.0
KHALILMACK_19910222,Khalil Mack,DL,2025,LAC,87.0,85.0,86.0,85.0,70.0,87.0,94.0,87.0
LEONARDWILLIAMS_19940620,Leonard Williams,DL,2025,SEA,87.0,78.0,76.0,70.0,58.0,94.0,73.0,90.0
ZACHALLEN_19970820,Zach Allen,DL,2025,DEN,86.0,76.0,79.0,74.0,65.0,93.0,78.0,94.0
GROVERSTEWART_19931020,Grover Stewart,DL,2025,IND,85.0,73.0,72.0,58.0,49.0,86.0,66.0,91.0
JOEYBOSA_19950711,Joey Bosa,DL,2025,BUF,85.0,79.0,83.0,83.0,68.0,86.0,78.0,87.0
KOBIETURNER_19990426,Kobie Turner,DL,2025,LAR,85.0,74.0,82.0,80.0,64.0,87.0,72.0,89.0
ZACHSIELER_19950907,Zach Sieler,DL,2025,MIA,84.0,78.0,74.0,73.0,58.0,88.0,72.0,89.0
KENNYCLARK_19951004,Kenny Clark,DL,2025,GB,83.0,72.0,75.0,62.0,57.0,86.0,71.0,91.0
CALAISCAMPBELL_19860901,Calais Campbell,DL,2025,ARI,82.0,72.0,72.0,73.0,60.0,82.0,82.0,89.0
RASHANGARY_19971203,Rashan Gary,DL,2025,GB,82.0,85.0,88.0,78.0,71.0,87.0,89.0,83.0
MONTEZSWEAT_19960904,Montez Sweat,DL,2025,CHI,81.0,88.0,90.0,82.0,71.0,75.0,86.0,80.0
CARLGRANDERSON_19961218,Carl Granderson,DL,2025,NO,80.0,81.0,84.0,74.0,66.0,81.0,84.0,80.0
JOHNFRANKLIN-MYERS_19960926,John Franklin-Myers,DL,2025,DEN,80.0,78.0,80.0,71.0,62.0,84.0,80.0,90.0
MASONGRAHAM_20030902,Mason Graham,DL,2025,CLE,80.0,78.0,86.0,74.0,65.0,78.0,71.0,90.0
POONAFORD_19951119,Poona Ford,DL,2025,LAR,80.0,71.0,68.0,62.0,53.0,90.0,73.0,87.0
CAMERONJORDAN_19890710,Cameron Jordan,DL,2025,NO,79.0,77.0,77.0,77.0,66.0,85.0,76.0,87.0
DAQUANJONES_19911217,DaQuan Jones,DL,2025,BUF,79.0,70.0,65.0,62.0,50.0,89.0,69.0,88.0
D.J.JONES_19950119,D.J. Jones,DL,2025,DEN,78.0,73.0,73.0,72.0,59.0,85.0,71.0,88.0
HARRISONPHILLIPS_19960125,Harrison Phillips,DL,2025,MIN,78.0,70.0,67.0,72.0,61.0,73.0,78.0,93.0
JORDANDAVIS_20000112,Jordan Davis,DL,2025,PHI,78.0,80.0,87.0,58.0,51.0,72.0,78.0,96.0
TRAVONWALKER_20001218,Travon Walker,DL,2025,JAX,78.0,88.0,92.0,83.0,73.0,74.0,88.0,88.0
EMMANUELOGBAH_19931106,Emmanuel Ogbah,DL,2025,JAX,74.0,82.0,86.0,74.0,63.0,77.0,85.0,83.0
JAVONKINLAW_19971003,Javon Kinlaw,DL,2025,WAS,73.0,73.0,77.0,72.0,62.0,75.0,76.0,86.0
JONATHANBULLARD_19931022,Jonathan Bullard,DL,2025,NO,73.0,71.0,79.0,70.0,58.0,69.0,78.0,81.0
OTITOOGBONNIA_20000825,Otito Ogbonnia,DL,2025,LAC,68.0,62.0,65.0,53.0,45.0,74.0,65.0,86.0
DEXTERLAWRENCEII_19971112,Dexter Lawrence,DL,2025,NYG,83.58078872266839,69.84936631296318,74.95738124079207,67.27602001992688,60.79620457063754,87.25331094587762,76.96970379480672,96.56277467837401
GERVONDEXTER_20100501,Gervon Dexter Sr.,DL,2025,CHI,79.22650015670177,77.85701909680483,81.01483977193539,73.42637716069248,65.32649647153926,80.02828543078084,83.85379512585382,87.15520476554661
T.J.SLATONJR_d_line,Tedarrell Slaton,DL,2025,CIN,76.76795884964622,68.38631795362653,72.56552527758504,62.35482129633186,55.007997481604434,81.6669543125247,72.78755683496479,90.97368287326407
WILLANDERSONJR._20010902,Will Anderson Jr.,DL,2025,HOU,79.46200495675396,91.03989853625035,90.05865499974743,84.85261614848025,76.62354879843008,80.96663086125938,94.87385722087015,78.65244181059069
DEIONJONES_19941104,Deion Jones,LB,2025,TB,75.0,87.0,88.0,83.0,79.0,75.0,85.0,73.0
DREWSANDERS_20011231,Drew Sanders,LB,2025,DEN,71.0,84.0,89.0,81.0,74.0,73.0,88.0,72.0
CEDRICGRAY_20021030,Cedric Gray,LB,2025,TEN,69.0,84.0,91.0,77.0,74.0,66.0,85.0,69.0
SIRVOCEADENNIS_20000309,SirVocea Dennis,LB,2025,TB,68.0,85.0,89.0,81.0,75.0,70.0,93.0,66.0
JAMINDAVIS_19981212,Jamin Davis,LB,2025,NYJ,67.0,89.0,93.0,84.0,74.0,63.0,91.0,73.0
TONYFIELDSII_19990618,Tony Fields II,LB,2025,LAR,67.0,86.0,91.0,78.0,64.0,74.0,82.0,64.0
DYONTAEJOHNSON_20000928,Dyontae Johnson,LB,2025,NYG,65.0,86.0,88.0,74.0,66.0,59.0,71.0,73.0
JALENGRAHAM_20010111,Jalen Graham,LB,2025,SF,65.0,84.0,90.0,75.0,73.0,67.0,77.0,65.0
ELIASNEAL_20010911,Elias Neal,LB,2025,LAR,64.0,84.0,88.0,75.0,76.0,63.0,84.0,70.0
JOEGILES-HARRIS_19970401,Joe Giles-Harris,LB,2025,CIN,64.0,83.0,81.0,79.0,66.0,60.0,73.0,69.0
OCHAUNMATHIS_19990801,Ochaun Mathis,LB,2025,PHI,64.0,82.0,90.0,77.0,72.0,62.0,84.0,75.0
JOSHWOODS_19960701,Josh Woods,LB,2025,ATL,63.0,84.0,84.0,78.0,69.0,73.0,77.0,64.0
AUSTINKEYS_20020403,Austin Keys,LB,2025,MIN,62.0,85.0,86.0,70.0,72.0,62.0,87.0,71.0
BRANSONCOMBS_20000714,Branson Combs,LB,2025,JAX,62.0,83.0,93.0,81.0,73.0,59.0,82.0,71.0
DALLASGANT_20000516,Dallas Gant,LB,2025,PHI,62.0,83.0,85.0,73.0,75.0,60.0,84.0,68.0
SHAKAHEYWARD_20000419,Shaka Heyward,LB,2025,CIN,62.0,88.0,89.0,73.0,73.0,57.0,76.0,74.0
SHAUNDOLAC_20010914,Shaun Dolac,LB,2025,LAR,62.0,85.0,93.0,86.0,82.0,58.0,85.0,73.0
CHAZCHAMBLISS_20021025,Chaz Chambliss,LB,2025,MIN,61.0,81.0,84.0,82.0,74.0,59.0,78.0,79.0
JAYHIGGINS_20020214,Jay Higgins,LB,2025,BAL,61.0,78.0,84.0,83.0,76.0,62.0,80.0,68.0
LIAMANDERSON_20000430,Liam Anderson,LB,2025,IND,61.0,87.0,88.0,80.0,76.0,56.0,81.0,70.0
POWERECHOLS_20030120,Power Echols,LB,2025,CHI,61.0,82.0,88.0,71.0,71.0,62.0,80.0,63.0
TYREEMPOWELL_20011228,Tyreem Powell,LB,2025,NO,61.0,75.0,91.0,67.0,65.0,61.0,78.0,68.0
JOSHROSS_19991031,Josh Ross,LB,2025,SEA,58.0,79.0,86.0,72.0,69.0,60.0,81.0,65.0
WILLIAMKWENKEU_19970108,William Kwenkeu,LB,2025,BAL,58.0,86.0,92.0,84.0,74.0,49.0,81.0,72.0
CURTISROBINSON_19980602,Curtis Robinson,LB,2025,SF,57.0,85.0,85.0,83.0,77.0,57.0,89.0,74.0
PATRICKO'CONNELL_19981231,Patrick O'Connell,LB,2025,SEA,57.0,82.0,87.0,83.0,78.0,59.0,89.0,62.0
ADISAISAAC_20011004,Adisa Isaac,LB,2025,BAL,67.334752051869,83.08838592215534,88.3979974116778,79.59086808925272,71.53844917648416,62.902761242110955,84.18631138328118,78.11792342065053
AMAREBARNO_19990426,Amare Barno,LB,2025,CAR,63.7460631576364,87.43889104285029,90.04489200548653,79.82461811439612,71.49252998005784,61.35167618338335,85.43949327156264,72.89569588984943
ANDRECARTERII_20000328,Andre Carter II,LB,2025,LV,60.406625284959375,79.57742858270092,82.44887128949699,74.14769163031818,67.27375491186035,59.243480562093055,69.08737540928234,69.28339256019399
ANTHONYPITTMAN_19951124,Anthony Pittman,LB,2025,DET,64.56603120735366,83.58937455622089,85.8311285263776,78.70051484238311,69.0434651916081,67.28878133112653,82.1762789520842,70.20396786441154
AUBREYMILLER_d_lb,Mitchell Agude,LB,2025,DET,61.932371328361825,82.12631921974116,86.05347325456137,77.41415351059793,71.16229546029729,59.15775604732562,82.67376398382743,74.26867862721815
BENTONWHITLEY_19990212,Benton Whitley,LB,2025,ARI,62.94545284499122,81.73675014378097,85.69203637184341,76.07594255922479,69.83439739971402,60.36161090960172,81.6091193054545,74.86103309960185
BLAKELYNCH_d_lb,Blake Lynch,LB,2025,KC,63.78050791969727,83.67389935452388,86.15999339572329,78.82576163968147,70.1937007235764,65.91015477131111,82.58500522773096,70.29894280432086
CALEBMURPHY_19991215,Caleb Murphy,LB,2025,LAC,62.14577474582239,82.63400242419647,86.54388013765436,76.84477214436177,71.18573516537549,58.378987917743984,82.7499291118325,74.25446474020964
CAMERONGOODE_19980415,Cameron Goode,LB,2025,MIA,64.01446671007352,83.35349974371093,86.88834868728873,77.85799962481603,71.59077546970047,63.60256117583333,82.54577118239877,72.79730436610316
CARLOSBASHAMJR_d_line,Carlos Basham,LB,2025,CAR,71.99041441244103,82.13842329544872,86.90186690774544,77.82421232731046,70.24556829497885,72.27008033437767,78.63191904374446,78.34805783473996
CURTISBOLTON_19951218,Curtis Bolton,LB,2025,TEN,65.61706872962583,84.09878727745962,86.5116268937519,78.42593078270491,71.01979719417477,69.08441175034454,82.28927788755317,69.83388538665304
DARIUSHARRIS_d_lb,Darius Harris,LB,2025,DAL,65.68793918678136,82.19614464111214,85.12212517228977,77.92401728669377,69.31998577962054,68.36792356140984,81.38988477167862,72.36042944281655
DORIANMAUSIJR._20020305,Dorian Mausi,LB,2025,MIN,60.60284126698687,84.56836217482606,89.21401813925786,79.93567439158241,75.41119882110354,55.90363517314404,84.4525276103684,72.1412703898036
EKULEOTA_19990511,Eku Leota,LB,2025,PIT,62.22431988508589,81.57425395809759,85.76136739993308,76.86285771141758,70.88062661757385,59.05165487056013,82.26703514621335,75.2254909682805
ELERSONSMITH_19980717,Elerson Smith,LB,2025,CLE,69.26480438889206,83.23923341740613,88.38969860185864,78.24954160680457,69.62812789322413,70.23668352197785,93.2540496597394,75.29917060883793
GABRIELMURPHY_20001013,Gabriel Murphy,LB,2025,MIN,62.15478065161031,83.2696786169958,87.93201273037357,77.5051200089828,72.93748246571988,57.222604896190546,91.91075546540338,73.55976545292845
ISAIAHTHOMAS_19981203,Isaiah Thomas,LB,2025,CIN,64.58707895457835,79.20648721308424,83.97818482126695,75.46331760908532,67.97809044175301,61.98632964361218,76.21978661018602,78.88427968835015
JAMIESHERIFF_20000818,Jamie Sheriff,LB,2025,SEA,61.91926255179769,83.29220009642842,87.41725485596987,77.14469867020944,73.38197512929196,57.589285386311985,83.55357482393748,73.95157177998385
JOSERAMIREZ_19990509,Jose Ramirez,LB,2025,TB,65.31066708685324,82.76505359431246,87.01129299593936,78.72595158079062,72.35124681607499,62.99316199435236,82.98329320579842,75.47460373578986
JOSHUCHE_19980918,Joshua Uche,LB,2025,PHI,70.8539755831824,85.88926374388336,88.48092822445471,81.11133453830529,70.0760133781547,74.05536337108128,81.45604831432667,70.2961880190104
KEIRTHOMAS_19980125,Keir Thomas,LB,2025,LAR,63.98546639570259,81.20451310032439,85.44672959369416,76.75230242497595,70.94606897226856,61.9468515936137,81.81921815036992,75.68511074778871
KHALEKEHUDSON_19971206,Khaleke Hudson,LB,2025,CLE,69.07131191533753,87.42410004904019,89.62651320480393,82.44133235222178,72.26666110941301,70.63009804515423,84.15260298627197,74.87163614807923
MARKEESWATTS_19991207,Markees Watts,LB,2025,TB,62.46550926409296,83.49603798123644,87.07218780088374,78.49741506097223,72.40772081767318,59.17549168479684,83.92217614738195,73.14898792682027
MILOEIFLER_19980213,Milo Eifler,LB,2025,ARI,62.18009600710778,85.15191898713795,87.69098093952061,77.34465743208013,72.64957503094286,63.18780614908587,84.02264227567895,64.99356018330218
MOHAMEDKAMARA_20000609,Mohamed Kamara,LB,2025,MIA,65.71643397190337,85.21255141562102,89.32182675929312,79.44287643505156,74.26049536879691,62.08578568955477,83.68746410167734,75.81282680030347
OSHANEXIMINES_19961207,Oshane Ximines,LB,2025,NE,72.77018956719303,81.33747755971484,86.54472246884029,78.0893341217115,67.36693090839287,76.22594894893086,82.22718127094106,77.46818057120095
RASHADWEAVER_19971110,Rashad Weaver,LB,2025,NYJ,69.22885950496126,78.60192728073122,83.785998528974,77.43758301192125,68.1136896463313,71.2315518995025,76.73815940887664,77.34183299973745
SHAQUILBARRETT_19921117,Shaquil Barrett,LB,2025,TB,70.58853586341701,79.9155539128842,82.46796455133392,76.12018867039804,64.41019622708927,78.00115071165567,77.90187987500235,73.74451290204013
SHAQUILLEQUARTERMAN_19971028,Shaquille Quarterman,LB,2025,LAC,70.10632789734373,83.34157577199363,87.33399445884834,80.37452713040354,71.18250253303938,71.51140955035737,78.66933578144568,76.93672096612238
TARRONJACKSON_19980622,Tarron Jackson,LB,2025,SF,66.96956285654315,82.09249133027976,86.84406389991727,76.87492783554382,70.43475458297155,65.17124581577161,77.1340980333431,78.95801576328483
THOMASINCOOM_19990219,Thomas Incoom,LB,2025,CAR,63.04016374305775,80.87131988337768,85.3612468239138,76.56966595918448,71.03141635061002,59.27962313997568,76.72940532713517,78.6103156581687
TREVISGIPSON_19970613,Trevis Gipson,LB,2025,SEA,69.24707851669334,82.23047891251844,86.31425940690804,77.48643844008699,68.8892946754047,70.28230563850184,81.78434537069967,77.50117213392741
,Abraham Beauplan,LB,2025,DET,61.8647895832741,83.88894769654524,87.23399920143356,78.56428705993432,72.21881092854369,58.944593576700186,83.97649818511917,72.2614379466811
,DaShaun White,LB,2025,SF,61.74538899890558,85.81927222805604,88.57223407982406,79.55857854194163,73.94401506873226,59.72582515117472,85.11688935875753,69.60575147982422
,Swayze Bozeman,LB,2025,CHI,60.92631876637856,85.07154730273606,88.25493823294437,79.81642961237328,74.90248211329447,59.04918279842968,85.15684952528437,70.29713951176416
,Carl Jones,LB,2025,CHI,60.63838910268262,84.84620237582902,88.06751343510564,79.09571106792349,73.21206936861415,56.67069257480068,84.93973364630307,71.33937906169092
,Kenny Dyson,LB,2025,CAR,60.378976476631635,84.61216079765705,87.9165708474111,78.4027183566841,72.70003893177795,56.302194293888306,84.46864815251081,71.56179603673047
,Isaiah Stalbird,LB,2025,NO,60.561550247582716,85.71393779427649,88.54882795512674,80.61927614397133,74.64318001555341,58.18977083599066,85.83913907956867,69.5698681165959
,Jamon Johnson,LB,2025,GB,60.80276037164924,84.1272056374558,88.91568067472963,79.95282597242564,75.19721506312999,55.87737235740519,84.34477092625104,72.82592545653768
,Justin Barron,LB,2025,DAL,59.39540873615371,84.36807677469511,88.70813787107761,80.60405372296643,74.18561824631217,55.181800811693165,84.47524763325873,71.54645810252885
,Seth Coleman,LB,2025,SEA,60.420317038539224,83.36898040390281,88.4243927672178,78.69314909744816,74.62617779516142,56.14131506607009,83.25390942326084,73.28668918606809
,Jackson Woodard,LB,2025,HOU,59.90174784842216,85.20545222715674,89.56095576041582,79.85206606263513,75.33731030063439,55.669246278172636,84.49956830824021,70.89938677458656
,Xavier Carlton,LB,2025,CHI,60.81650035392204,80.08096152942232,86.22782177211627,76.67946036681258,71.834939278977,54.87737063218151,81.19229250221463,77.97328710281874
,Bam Martin-Scott,LB,2025,CAR,60.20296194745043,84.62067774918256,89.94714159058185,79.56479718518861,76.26324042725162,56.848185972086185,83.92072054222535,72.04750866604775
,K.C. Ossai,LB,2025,HOU,60.55180125603229,84.78645886716254,89.45718035841219,79.08960890607563,74.90570845586524,54.806017172703605,84.2406312066123,72.36334593077709
,John Bullock,LB,2025,TB,61.054681854098135,84.39851230455048,89.1073819840824,80.69771629728379,76.319582833445,57.25841409741906,84.71785866050448,72.12208976223633
,Karene Reid,LB,2025,DEN,60.7468978680875,85.12111426786504,89.63160439087687,80.58198200215023,77.2589252935594,58.293729585384426,84.72033624521737,70.60168234116315
,Marlowe Wax,LB,2025,LAC,59.685675779965976,83.9592221735511,88.63854610198734,78.99812352725864,73.35700733336796,53.94658263843587,83.73794369797389,72.87850059868072
,Nick Jackson,LB,2025,TB,61.35917712804056,83.81592450077926,88.79213535187773,80.165230539092,76.0235363196391,57.15274926901384,84.31203999037382,73.1231938076836
,Stone Blanton,LB,2025,SF,60.111777205178754,85.56318222431725,89.81123061388803,80.26661143831834,75.31173241353633,55.00661533762241,85.00339612597219,70.94706974736573
DREGREENLAW_19970525,Dre Greenlaw,LB,2025,DEN,86.0,85.0,87.0,81.0,74.0,91.0,80.0,72.0
SHAQTHOMPSON_19940421,Shaq Thompson,LB,2025,BUF,81.0,85.0,85.0,82.0,76.0,87.0,83.0,75.0
JEROMEBAKER_19961225,Jerome Baker,LB,2025,CLE,77.0,89.0,87.0,83.0,76.0,79.0,87.0,74.0
DERRICKBARNES_19990529,Derrick Barnes,LB,2025,DET,73.0,86.0,83.0,72.0,70.0,77.0,88.0,79.0
CHRISTIANHARRIS_20010116,Christian Harris,LB,2025,HOU,71.0,90.0,93.0,84.0,82.0,71.0,83.0,69.0
JUNIORCOLSON_20021206,Junior Colson,LB,2025,LAC,71.0,86.0,90.0,77.0,75.0,65.0,81.0,75.0
DEVINWHITE_19980217,Devin White,LB,2025,LV,70.0,88.0,88.0,80.0,81.0,65.0,93.0,76.0
ZACHCUNNINGHAM_19941212,Zach Cunningham,LB,2025,DET,70.0,84.0,87.0,79.0,71.0,69.0,84.0,80.0
CHANNINGTINDALL_20000328,Channing Tindall,LB,2025,MIA,69.0,91.0,94.0,75.0,81.0,64.0,95.0,69.0
JOEANDREESSEN_20000207,Joe Andreessen,LB,2025,BUF,69.0,84.0,89.0,77.0,80.0,66.0,87.0,77.0
NICKBELLORE_19890512,Nick Bellore,LB,2025,WAS,69.0,85.0,80.0,79.0,76.0,71.0,79.0,80.0
TOMMYEICHENBERG_20010111,Tommy Eichenberg,LB,2025,LV,69.0,78.0,84.0,81.0,77.0,64.0,79.0,75.0
MONTYRICE_19990108,Monty Rice,LB,2025,NE,68.0,86.0,89.0,76.0,70.0,65.0,78.0,72.0
NATHANIELWATSON_20000901,Nathaniel Watson,LB,2025,CLE,68.0,84.0,87.0,72.0,72.0,68.0,76.0,68.0
OWENPAPPOE_20000929,Owen Pappoe,LB,2025,ARI,68.0,89.0,92.0,77.0,74.0,65.0,85.0,77.0
EDEFUANULOFOSHIO_20000123,Edefuan Ulofoshio,LB,2025,BUF,67.0,87.0,91.0,84.0,76.0,60.0,92.0,71.0
JAYLANFORD_20011128,Jaylan Ford,LB,2025,NO,67.0,82.0,84.0,81.0,75.0,69.0,81.0,73.0
JDBERTRAND_20000505,JD Bertrand,LB,2025,ATL,67.0,83.0,87.0,75.0,74.0,72.0,79.0,70.0
JORDANMAGEE_20010324,Jordan Magee,LB,2025,WAS,67.0,87.0,91.0,87.0,82.0,65.0,85.0,64.0
JAMALHILL_20010404,Jamal Hill,LB,2025,HOU,66.0,91.0,89.0,78.0,75.0,63.0,80.0,65.0
JOEBACHIEJR_19980226,Joe Bachie,LB,2025,IND,66.0,82.0,87.0,78.0,70.0,61.0,81.0,76.0
NICKNIEMANN_19971202,Nick Niemann,LB,2025,HOU,66.0,88.0,90.0,86.0,73.0,66.0,81.0,71.0
NOAHSEWELL_20020426,Noah Sewell,LB,2025,CHI,66.0,82.0,89.0,74.0,73.0,63.0,80.0,80.0
SEGUNOLUBI_19991101,Segun Olubi,LB,2025,IND,66.0,90.0,91.0,82.0,79.0,61.0,83.0,66.0
DEL'SHAWNPHILLIPS_19961009,Del'Shawn Phillips,LB,2025,LAC,65.0,87.0,83.0,76.0,70.0,68.0,86.0,72.0
DRAKETHOMAS_20000225,Drake Thomas,LB,2025,SEA,65.0,82.0,87.0,80.0,79.0,63.0,85.0,66.0
NEPHISEWELL_19981219,Nephi Sewell,LB,2025,NO,65.0,83.0,88.0,83.0,78.0,65.0,78.0,68.0
TATUMBETHUNE_20010219,Tatum Bethune,LB,2025,SF,65.0,81.0,87.0,83.0,76.0,66.0,75.0,67.0
TY'RONHOPPER_20010406,Ty'Ron Hopper,LB,2025,GB,65.0,83.0,87.0,77.0,71.0,73.0,86.0,66.0
AMARIBURNEY_20000612,Amari Burney,LB,2025,TEN,64.0,89.0,88.0,83.0,81.0,58.0,80.0,70.0
CARSONBRUENER_20010605,Carson Bruener,LB,2025,PIT,64.0,86.0,90.0,81.0,73.0,63.0,81.0,67.0
CURTISJACOBS_20020218,Curtis Jacobs,LB,2025,TEN,64.0,87.0,88.0,79.0,75.0,64.0,84.0,68.0
D'MARCOJACKSON_19980720,D'Marco Jackson,LB,2025,NO,64.0,87.0,92.0,77.0,75.0,64.0,80.0,69.0
JACOBYWINDMON_20010820,Jacoby Windmon,LB,2025,CAR,64.0,84.0,89.0,73.0,71.0,55.0,76.0,70.0
JONRHATTIGAN_19990202,Jon Rhattigan,LB,2025,CAR,64.0,80.0,84.0,75.0,71.0,55.0,78.0,72.0
MARKROBINSON_19990814,Mark Robinson,LB,2025,PIT,64.0,83.0,89.0,72.0,74.0,60.0,81.0,81.0
CAMERONMCGRONE_20000622,Cameron McGrone,LB,2025,IND,63.0,87.0,90.0,81.0,67.0,57.0,82.0,69.0
CLAUDINCHERELUS_19990209,Claudin Cherelus,LB,2025,CAR,63.0,87.0,85.0,70.0,71.0,66.0,87.0,70.0
KRISTIANWELCH_19980524,Kristian Welch,LB,2025,GB,63.0,85.0,84.0,78.0,69.0,63.0,81.0,75.0
LEVELLEBAILEY_20001204,Levelle Bailey,LB,2025,DEN,63.0,81.0,78.0,76.0,75.0,66.0,77.0,69.0
CODYLINDENBERG_20020115,Cody Lindenberg,LB,2025,LV,62.0,82.0,81.0,79.0,77.0,64.0,87.0,71.0
KANA'IMAUGA_20000108,Kana'i Mauga,LB,2025,LAC,62.0,83.0,83.0,75.0,69.0,63.0,78.0,75.0
AMARIGAINER_20000622,Amari Gainer,LB,2025,LV,61.0,85.0,85.0,76.0,77.0,64.0,81.0,67.0
COLECHRISTIANSEN_19970730,Cole Christiansen,LB,2025,KC,61.0,82.0,83.0,66.0,55.0,60.0,80.0,73.0
JACKCOCHRANE_19990209,Jack Cochrane,LB,2025,KC,60.0,84.0,90.0,75.0,76.0,51.0,92.0,70.0
MARCELINOMCCRARY-BALL_19990323,Marcelino McCrary-Ball,LB,2025,NYJ,60.0,89.0,91.0,83.0,82.0,54.0,85.0,72.0
AMENOGBONGBEMIGA_19980904,Amen Ogbongbemiga,LB,2025,CHI,59.0,83.0,86.0,73.0,73.0,58.0,78.0,68.0
CALEBJOHNSON_19980728,Caleb Johnson,LB,2025,ATL,59.0,81.0,84.0,78.0,76.0,56.0,89.0,67.0
VIJONES_19980505,Vi Jones,LB,2025,ARI,58.0,88.0,91.0,86.0,77.0,55.0,86.0,61.0
EZEKIELTURNER_19960609,Ezekiel Turner,LB,2025,DET,57.0,86.0,88.0,82.0,72.0,58.0,75.0,63.0
ANTONIOGRIERJR_20000118,Antonio Grier Jr.,LB,2025,TB,61.704520967527245,85.46722639347615,88.14466545399695,79.98714375117049,75.51463957955775,59.356432235294136,85.24792134623806,71.74265442637167
BARONBROWNING_19990219,Baron Browning,LB,2025,ARI,68.81768259467663,87.30390394640153,89.47329169870474,82.19601774721957,75.6169636738282,68.37543127504344,91.98126536167013,73.49778075980461
BORICHTER_20000813,Bo Richter,LB,2025,MIN,63.05060847169385,84.15687339052408,87.3303699615923,78.45154210270834,73.84755404621296,59.52387861388061,84.04947317875201,74.8901986525683
BRENNANJACKSON_20001014,Brennan Jackson,LB,2025,LAR,67.58202155587857,81.01332411671245,86.3639803889096,77.7216879786505,71.1388966912998,64.67614778784272,80.66267909934709,78.22802227566922
BRIANASAMOAHII_20000329,Brian Asamoah,LB,2025,MIN,71.09579709024442,88.69880052256514,90.5392637460947,82.38174897324109,78.61473137029941,68.2769142875359,88.60559135223264,71.86624305997947
BUDDYJOHNSON_19990227,Buddy Johnson,LB,2025,DAL,68.22081828551408,85.09775037360959,88.44759806631124,80.20888583176725,73.4940187263137,68.45602894003204,83.16081577401269,74.58085128819661
CAMGILL_19971214,Cam Gill,LB,2025,CAR,65.96631550660156,83.67640960772451,86.57172578445558,78.08809068320977,72.04427814677103,66.81389627314164,82.88379762005593,72.69145002097025
CHRISBRASWELL_20011025,Chris Braswell,LB,2025,TB,70.4195241065939,84.27921124161065,88.80816819731875,79.94848549457186,73.15093632284106,66.81760633693611,81.43991638887542,77.39806246167507
DAVIDOJABO_20000517,David Ojabo,LB,2025,BAL,72.89255418136162,86.28800509853755,89.93495483652106,81.00009048684456,73.31484519998969,70.3996281698796,84.89966036084502,76.28460002128594
DEANGELOMALONE_19990712,DeAngelo Malone,LB,2025,ATL,70.55389839132256,86.22032015370087,89.24461002677137,81.61747071710931,75.73066897781734,69.47761600844066,85.66195459601681,74.15829238027024
DJJOHNSON_19981021,DJ Johnson,LB,2025,CAR,71.35518213675459,84.24009191803066,88.33339095415683,80.07794759155661,73.81391504118653,68.56663888578046,84.63158074321802,77.80309682855008
DONDREATILLMAN_19980430,Dondrea Tillman,LB,2025,DEN,67.59156364032907,81.29845267015025,85.44878263154102,75.8460670667755,68.67568760845927,66.73992015955159,80.31595517335336,78.34354198667972
HAASONREDDICK_19940922,Haason Reddick,LB,2025,TB,76.760423290467,89.8021998978665,91.56938044843808,84.60842597018564,76.01059811681716,78.28649568058322,87.29830337047315,75.82346493917669
ISAIAHSIMMONS_19980726,Isaiah Simmons,LB,2025,GB,74.06315386087608,90.79716962178134,92.42567923252109,83.4508334758957,76.52168248762837,73.0738688208298,90.92781210655289,71.73731281827804
JA'WHAUNBENTLEY_19960824,Ja'Whaun Bentley,LB,2025,NE,72.76573431464021,83.76034875980457,87.08466100495131,79.10025172502503,72.40011651303791,74.53621821210473,82.20290320136041,76.29951099413589
JAYLENHARRELL_20020501,Jaylen Harrell,LB,2025,TEN,61.84530257574745,83.21542008580877,86.6438747255974,76.50381930676338,71.7241715718227,59.85475945839417,85.40016346292111,72.86536112574905
JEREMIAHMOON_19980818,Jeremiah Moon,LB,2025,PIT,64.05197590647717,83.41874280278478,86.90716421473343,77.94976357935855,72.3561199294594,62.919083504952454,93.6143150007864,74.64147979732346
JERMAINEJOHNSONII_19990107,Jermaine Johnson II,LB,2025,NYJ,73.37789394446425,86.0457514235215,90.2078218485626,82.9238097462046,73.4655013375642,71.20251866683193,81.15217473398604,77.52356270131875
JULIANOKWARA_19971227,Julian Okwara,LB,2025,CLE,74.87541429386482,85.04301615435816,88.22020246084539,79.8638657835935,72.87756750628273,73.5583246315363,84.20626746800008,78.37309950066975
KRYSBARNES_19980402,Krys Barnes,LB,2025,CAR,65.4178456570955,84.73936173273671,87.04872394569125,78.925891862105,73.66188572858493,66.61656795457733,83.73211738350881,70.96852017225481
MARCUSDAVENPORT_19960904,Marcus Davenport,LB,2025,DET,79.17438217272353,82.6635823656078,88.06937321843314,78.94588367483709,67.98628772417476,79.3270926713324,78.79144211413336,83.34705522535205
MATTHEWADAMS_19951212,Matthew Adams,LB,2025,NYG,68.38782683490587,85.03229750248727,87.21046658598424,79.57163386789944,74.18553709109744,71.30559900166449,82.87502273072403,72.41841700971898
NICKHAMPTON_20000405,Nick Hampton,LB,2025,LAR,66.82602119079813,84.5585742192751,88.193589813578,79.2401407598793,73.09828948720201,64.75103736445053,84.10378440333079,75.19517959905508
NICKVIGIL_19930820,Nick Vigil,LB,2025,DAL,74.45037152515948,81.6535272956935,86.05909641707697,83.53665816078478,73.72981088264123,81.72114209840899,76.8485586867082,76.90585197965078
PATRICKJOHNSON_19990110,Patrick Johnson,LB,2025,PHI,65.32199116522527,83.40470553665705,87.03030697523121,79.20981176678481,72.64143941697694,66.83394492246677,82.9360521754113,72.3563819591152
SAMKAMARA_19971221,Sam Kamara,LB,2025,CLE,67.20079883901377,81.9739153105582,85.70705966941023,76.04287896845835,70.52533075822612,64.77703100086782,80.71535960644576,79.72329007495696
TOMONFOX_19980316,Tomon Fox,LB,2025,NYG,64.43576932812853,83.81527985378517,86.93898445333915,78.6188140498034,73.17880763481901,63.68473689200309,83.54096229401944,74.26364533146997
TYLERMATAKEVICH_19921222,Tyler Matakevich,LB,2025,PIT,69.71163720766216,80.09549213858708,84.14292039357397,77.56841106157754,70.24296129420895,77.67225721977317,75.86536149269978,76.78199292185056
UCHENNANWOSU_19961228,Uchenna Nwosu,LB,2025,SEA,77.32736341338003,82.65379245695561,87.25303714562058,79.61909466716452,71.31969250312352,78.03308159169907,77.47847414497073,79.94682042832713
VICTORDIMUKEJE_19991118,Victor Dimukeje,LB,2025,NYG,68.18487368221379,78.61915399416102,83.89133750998775,73.90618830158394,68.0007980589221,66.81147203335777,79.41036196956566,83.22294989039779
VONMILLER_19890326,Von Miller,LB,2025,WAS,81.91474719230791,86.5248585321188,88.85383277294831,84.55715146275395,73.49610036071465,91.73550218523414,82.982137512686,75.43650878242536
XAVIERTHOMAS_19991220,Xavier Thomas,LB,2025,ARI,69.0000997174462,85.61902386743958,88.69941125533411,80.78326929629065,74.97892044545233,64.19201475537292,82.74741272955691,77.49024583087231
YETURGROSS-MATOS_19980226,Yetur Gross-Matos,LB,2025,SF,75.79734194755085,83.10467213702452,87.83849169213521,79.80889527976126,71.74531796087228,75.31753394194916,81.55683230424665,78.16114998514752
MATTMILANO_19940728,Matt Milano,LB,2025,BUF,84.0,86.0,85.0,73.0,71.0,91.0,84.0,78.0
ALEXSINGLETON_19931207,Alex Singleton,LB,2025,DEN,77.0,85.0,86.0,78.0,71.0,82.0,76.0,72.0
DAMONECLARK_20000628,Damone Clark,LB,2025,DAL,72.0,90.0,89.0,80.0,74.0,67.0,87.0,67.0
JACKGIBBENS_19981124,Jack Gibbens,LB,2025,NE,71.0,78.0,85.0,79.0,78.0,72.0,82.0,68.0
TROYANDERSEN_19990423,Troy Andersen,LB,2025,ATL,71.0,91.0,93.0,87.0,85.0,76.0,86.0,68.0
CHADMUMA_19990818,Chad Muma,LB,2025,JAX,70.0,85.0,89.0,86.0,76.0,71.0,93.0,76.0
MYKALWALKER_19970828,Mykal Walker,LB,2025,ARI,70.0,87.0,87.0,79.0,74.0,73.0,80.0,72.0
ORENBURKS_19950321,Oren Burks,LB,2025,CIN,70.0,87.0,86.0,84.0,74.0,73.0,89.0,72.0
SMAELMONDONJR._20030213,Smael Mondon Jr.,LB,2025,PHI,68.0,86.0,92.0,83.0,78.0,68.0,82.0,70.0
JAMESWILLIAMS_20030215,James Williams,LB,2025,TEN,67.0,84.0,89.0,79.0,73.0,67.0,74.0,71.0
JEFFREYBASSA_20020920,Jeffrey Bassa,LB,2025,KC,67.0,85.0,89.0,78.0,75.0,68.0,91.0,69.0
WINSTONREID_19990803,Winston Reid,LB,2025,CLE,67.0,85.0,88.0,73.0,69.0,63.0,81.0,77.0
ANFERNEEORJI_20001006,Anfernee Orji,LB,2025,TEN,66.0,87.0,93.0,83.0,72.0,66.0,90.0,67.0
FRANCISCOMAUIGOA_20030317,Francisco Mauigoa,LB,2025,NYJ,66.0,84.0,90.0,75.0,71.0,68.0,84.0,73.0
KAINMEDRANO_20010216,Kain Medrano,LB,2025,WAS,66.0,90.0,92.0,85.0,80.0,66.0,89.0,71.0
CHRISBOARD_19950723,Chris Board,LB,2025,NYG,65.0,87.0,87.0,85.0,74.0,66.0,83.0,69.0
CAMJONES_19991021,Cam Jones,LB,2025,KC,64.0,85.0,90.0,74.0,70.0,68.0,80.0,65.0
JALENMCLEOD_20020605,Jalen McLeod,LB,2025,JAX,64.0,81.0,86.0,72.0,68.0,66.0,78.0,77.0
KOBEKING_20030128,Kobe King,LB,2025,MIN,64.0,83.0,91.0,77.0,73.0,66.0,80.0,76.0
TREVORNOWASKE_19981107,Trevor Nowaske,LB,2025,DET,64.0,88.0,89.0,86.0,81.0,59.0,83.0,74.0
JAKEHANSEN_19980619,Jake Hansen,LB,2025,HOU,63.0,81.0,85.0,76.0,72.0,65.0,74.0,71.0
TYSUMMERS_19951231,Ty Summers,LB,2025,NYG,63.0,89.0,87.0,81.0,73.0,54.0,86.0,77.0
DEMETRIUSFLANNIGAN-FOWLES_19960904,Demetrius Flannigan-Fowles,LB,2025,NYG,62.0,86.0,85.0,76.0,75.0,66.0,83.0,65.0
JAKEHUMMEL_19990104,Jacob Hummel,LB,2025,BAL,62.0,87.0,88.0,85.0,76.0,64.0,78.0,67.0
MAEMANJONGMETA_20010309,Maema Njongmeta,LB,2025,CIN,62.0,80.0,84.0,73.0,65.0,64.0,83.0,66.0
ANTWAUNPOWELL-RYLAND_20020223,Antwaun Powell-Ryland,LB,2025,PHI,64.10961230922561,85.18779225503204,88.89220350421726,79.02873692073172,73.07077804937398,58.582185973464675,85.79206371733676,76.45422374556996
ARNOLDEBIKETIE_19990123,Arnold Ebiketie,LB,2025,ATL,73.39303154417746,86.11891492505885,89.99603462360005,81.50987242195504,74.83058997093781,72.21652301357915,90.48083078452851,76.84295729684966
BRADYNSWINSON_20020704,Bradyn Swinson,LB,2025,NE,65.5953510535137,85.25120723147825,89.26630096679412,79.33960025446163,73.03718214483274,60.563591500282655,85.10871879203637,76.00661512926199
BUDDUPREE_19930212,Bud Dupree,LB,2025,LAC,81.68818274194302,85.62492342772498,89.37701025811998,81.67451682193064,70.70600720513426,85.08353220753213,91.29218060942753,80.41971212114721
CHOPROBINSON_20010203,Chop Robinson,LB,2025,MIA,72.46612199261801,86.34622596635643,90.15197429701408,80.03099217759791,72.66241107361952,70.49888175140279,86.40170788863293,78.60175755780064
COLLINOLIVER_20020923,Collin Oliver,LB,2025,GB,64.90202981545605,88.09454955195991,90.73723274096005,81.36368697124567,76.85641938821732,59.56291757017959,91.19776232885124,73.34755878496422
DALLASTURNER_20020203,Dallas Turner,LB,2025,MIN,72.12659324867741,89.60217874486494,92.08693089955148,82.3775525942084,75.92844314684362,68.66378999113658,93.08097659930968,74.79303315952176
DEMARCUSLAWRENCE_19920428,DeMarcus Lawrence,LB,2025,SEA,80.14679889457005,77.53622469250593,84.24728361705434,76.08869235809675,68.98503428301979,90.58325332775871,76.7991428996711,78.78072785806022
DENNISGARDECK_19940809,Dennis Gardeck,LB,2025,JAX,70.40146170882747,83.92386191534416,86.85046451654392,78.66164702806827,72.87749534485488,76.43562526055189,81.91491637098125,73.60235056733568
DUKERILEY_19940809,Duke Riley,LB,2025,MIA,75.51178893842297,85.08202917683502,88.01107768487634,82.93623109169619,74.20878222993701,83.19485022916149,82.53418232815147,72.27610041978419
ERNESTJONES_19991122,Ernest Jones,LB,2025,SEA,71.8764724230308,85.88990307995562,88.93892067625023,80.35470622547393,74.62618759581119,74.96146289664728,88.34584251652063,74.7211833821409
JAELANPHILLIPS_19990528,Jaelan Phillips,LB,2025,MIA,75.31168474706101,85.65027610092477,89.67649464921271,80.47426212121957,70.76556635144152,75.41579199090575,85.41159661850838,78.2384441947958
JALYXHUNT_20010313,Jalyx Hunt,LB,2025,PHI,69.93109908585478,85.41317100648132,89.43132631230026,80.19588815280679,73.31775525133571,68.50588180222394,86.0168292135038,76.51040529760543
JEREMIAHTROTTERJR_20021224,Jeremiah Trotter Jr.,LB,2025,PHI,67.15191665248358,87.45066135622511,89.76194468704978,80.66091615324297,76.88688718649951,67.26310979154425,87.07041657687591,71.9661540587014
JIHADWARD_19940311,Jihad Ward,LB,2025,TEN,79.99874649872231,72.29071388110361,81.54497301443229,71.52416966947169,61.14351913139694,89.08698752266628,68.82187029796978,87.43320152425575
JONAHELLISS_20030403,Jonah Elliss,LB,2025,DEN,70.42569730100024,86.49677894916408,89.83833923580465,80.04359925663266,74.0273604831491,68.83234678451822,86.38142446583083,76.57712726127359
KAMUGRUGIER-HILL_19940516,Kamu Grugier-Hill,LB,2025,MIN,73.09746694379152,83.91752881028475,86.68651204828404,79.9445000345371,72.24393425416156,82.46554991998232,80.44889676202752,72.89358566125246
OTISREESEIV_19980702,Otis Reese,LB,2025,TEN,63.85920279144392,86.05493550662123,88.47632913279597,80.67207599970368,76.273542252462,66.35051152137487,85.01292438150199,68.44660287147799
PATRICKJONESII_19980929,Patrick Jones II,LB,2025,CAR,73.48613899780906,78.11092678971653,84.77531740098988,75.23793859137845,67.17861839190073,77.99910236412995,76.71495550913437,82.01005149359405
RAEKWONMCMILLAN_19951117,Raekwon McMillan,LB,2025,TEN,77.85622693012124,84.02826159723895,87.69453115904975,79.08444004903652,70.28702052784001,84.2064974910437,79.8661655763758,78.64684735881049
SAMEGUAVOEN_19930222,Sam Eguavoen,LB,2025,NYJ,69.3845968503881,83.31878467114808,86.84447787022287,78.65905740689254,72.66623948891174,74.15248490947829,82.34768598384312,73.49739247218118
TYUSBOWSER_19950523,Tyus Bowser,LB,2025,MIA,78.31027644847558,84.25792406512886,87.85504862767402,81.82092712929136,70.97887023349404,83.99876668691775,86.7521709515413,78.50260630223734
YASIRABDULLAH_20000412,Yasir Abdullah,LB,2025,JAX,69.39855318017618,89.14531082219946,91.09690530356329,81.66298326525623,75.94580463840225,67.08464838315297,88.83740772318583,73.42135251374141
TEDDYEBUCHANAN_20021003,Teddye Buchanan,LB,2025,BAL,71.0,86.0,89.0,82.0,78.0,70.0,90.0,78.0
DANNYSTUTSMAN_20030310,Danny Stutsman,LB,2025,NO,70.0,87.0,90.0,79.0,77.0,69.0,79.0,74.0
CODYSIMON_20020401,Cody Simon,LB,2025,ARI,69.0,87.0,93.0,77.0,74.0,71.0,81.0,73.0
BARRETTCARTER_20021023,Barrett Carter,LB,2025,CIN,68.0,85.0,90.0,76.0,76.0,71.0,83.0,72.0
RUBENHYPPOLITEII_20010916,Ruben Hyppolite II,LB,2025,CHI,67.0,88.0,91.0,84.0,76.0,70.0,80.0,68.0
DAVIDWALKER_20000603,David Walker,LB,2025,TB,65.7297086425308,84.37581669358195,88.3907781911112,76.88728221654753,70.62556366483409,61.87282363755787,84.92795169371504,77.11906992091392
JACKSAWYER_20020506,Jack Sawyer,LB,2025,PIT,65.53885543305012,84.20222864152652,87.83666471321992,77.6182940214652,70.75883596171593,61.6172393614263,85.67785441181286,77.28689730156424
KYLEKENNARD_20011212,Kyle Kennard,LB,2025,LAC,65.05939208795525,84.26707269001452,87.64030551333722,77.84583511647872,70.93393882842724,61.499726613304745,85.87866258626173,76.60820809779284
QUEROBINSON_20010512,Que Robinson,LB,2025,DEN,64.2077106776486,84.89457942167945,87.93553790010398,78.03611932877277,71.69905081019374,61.67393371463095,85.68625065934214,74.91618600098752
COLEHOLCOMB_19960630,Cole Holcomb,LB,2025,PIT,78.0,87.0,88.0,87.0,75.0,77.0,80.0,72.0
MALCOLMRODRIGUEZ_19990329,Malcolm Rodriguez,LB,2025,DET,77.0,86.0,90.0,79.0,77.0,77.0,93.0,80.0
JIHAADCAMPBELL_20040224,Jihaad Campbell,LB,2025,PHI,76.0,89.0,91.0,87.0,81.0,75.0,85.0,72.0
DEMETRIUSKNIGHTJR._20000104,Demetrius Knight Jr.,LB,2025,CIN,74.0,86.0,87.0,80.0,75.0,75.0,77.0,72.0
TYRELDODSON_19980625,Tyrel Dodson,LB,2025,MIA,74.0,89.0,87.0,73.0,69.0,70.0,84.0,74.0
MALIKHARRISON_19980305,Malik Harrison,LB,2025,PIT,73.0,85.0,86.0,84.0,73.0,73.0,86.0,75.0
JACKSANBORN_20000729,Jack Sanborn,LB,2025,DAL,72.0,80.0,87.0,79.0,71.0,78.0,83.0,72.0
NICKMARTIN_20021013,Nick Martin,LB,2025,SF,71.0,88.0,93.0,79.0,82.0,73.0,90.0,74.0
JAYLONCARLIES_19970828,Jaylon Carlies,LB,2025,IND,70.0,89.0,90.0,83.0,71.0,73.0,83.0,72.0
TREVINWALLACE_20030222,Trevin Wallace,LB,2025,CAR,70.0,89.0,88.0,81.0,75.0,71.0,89.0,70.0
JACKKISER_20000910,Jack Kiser,LB,2025,JAX,69.0,83.0,88.0,78.0,75.0,69.0,83.0,70.0
CHRISPAULJR._20021104,Chris Paul Jr.,ROLB,2025,LAR,68.0,85.0,91.0,82.0,74.0,68.0,86.0,68.0
JACOBPHILLIPS_19990401,Jacob Phillips,LB,2025,IND,68.0,82.0,85.0,71.0,72.0,64.0,87.0,73.0
TROYREEDER_19940913,Troy Reeder,LB,2025,LAR,68.0,87.0,85.0,79.0,73.0,71.0,89.0,77.0
JAYLONSMITH_19950614,Jaylon Smith,LB,2025,LV,67.0,84.0,86.0,81.0,71.0,67.0,86.0,73.0
LUKEGIFFORD_19950828,Luke Gifford,LB,2025,SF,66.0,86.0,85.0,81.0,73.0,63.0,84.0,75.0
SHEMARJAMES_20040624,Shemar James,LB,2025,DAL,66.0,83.0,82.0,81.0,80.0,67.0,78.0,73.0
MICHAELBARRETT_19991221,Michael Barrett,LB,2025,LV,65.0,82.0,86.0,74.0,71.0,72.0,76.0,63.0
ZAIREBARNES_19990903,Zaire Barnes,LB,2025,NYJ,65.0,88.0,91.0,83.0,78.0,59.0,82.0,67.0
CHAZZSURRATT_19970216,Chazz Surratt,LB,2025,SF,64.0,85.0,87.0,82.0,73.0,64.0,77.0,75.0
AARONSMITH_20020812,Aaron Smith,LB,2025,NYJ,63.0,83.0,87.0,72.0,71.0,61.0,84.0,75.0
BAYLONSPECTOR_19981020,Baylon Spector,LB,2025,BUF,63.0,86.0,91.0,84.0,79.0,63.0,86.0,67.0
CAMRILEY_20020329,Cam Riley,LB,2025,NE,63.0,84.0,90.0,78.0,72.0,60.0,78.0,69.0
DEVINHARPER_19980513,Devin Harper,LB,2025,PIT,63.0,89.0,91.0,87.0,81.0,57.0,94.0,70.0
EUGENEASANTE_20000122,Eugene Asante,LB,2025,MIA,63.0,90.0,91.0,79.0,80.0,61.0,87.0,69.0
GRANTSTUARD_19981015,Grant Stuard,LB,2025,DET,63.0,84.0,88.0,69.0,67.0,67.0,74.0,76.0
MATTJONES_20000909,Matt Jones,LB,2025,LV,63.0,83.0,88.0,85.0,76.0,55.0,79.0,72.0
ANDREWFARMERII_20000419,Andrew Farmer,LB,2025,DEN,65.68720113509846,83.50723138974416,86.90645524221344,78.32202439955597,71.43509839934086,66.40127053961862,84.40133220250141,74.06207779178314
BENNIEMANN_19950727,Ben Niemann,LB,2025,DET,69.41529318446038,83.53744130551473,86.20982005282845,78.36194611356564,70.64021000861987,74.19126299242635,81.28670768275413,73.01817322403255
BJOJULARI_20040502,BJ Ojulari,LB,2025,ARI,73.44778867080481,86.6481397180001,88.76626710695051,82.2173926800125,74.96117008335727,72.37382220571766,84.9456192309824,76.83268141507924
BRADLEYCHUBB_19960624,Bradley Chubb,LB,2025,MIA,78.48444316399622,82.63174656425173,86.77100198652751,76.78641157554796,68.95892562491906,80.1285130026497,83.92899906660898,82.95081189859425
BRALENTRICE_20010226,Bralen Trice,LB,2025,ATL,70.40055331146937,83.78189095740271,87.92025763013443,80.71967328661788,74.2540556704837,70.32372492710829,86.25834932093585,75.89794680314424
BRANDONSMITH_20041201,Brandon Smith,LB,2025,LV,71.16253442068864,87.55237838843493,89.29564807420306,81.6419367704849,74.71911811718496,71.0435256562966,89.51610526038291,74.69710898871199
CAMBROWN_19980401,Cam Brown,LB,2025,MIA,69.02478751058544,82.15572397778135,85.3785541661198,80.24610502129735,71.95155673331703,72.69176402481673,83.82709844869817,70.61582757011806
D.J.WONNUM_19971031,D.J. Wonnum,LB,2025,CAR,72.70960647610644,81.62263526094529,85.8384344614603,77.82406074589073,69.17889168643296,74.41253467215563,83.27583111686965,77.84086172383763
FADILDIGGS_20011015,Fadil Diggs,LB,2025,NO,62.04242307498458,84.09564716261428,88.02347035012703,78.2912007006455,73.39807370161111,60.815619631224195,84.77467431560626,71.71112206866974
GARMONRANDOLPH_20001005,Garmon Randolph,LB,2025,LAC,61.749510684732115,83.77203582278656,87.76956694007362,77.77235522143565,73.62815047559354,60.60033191679935,84.57963957577249,71.75293625296143
GARRETWALLOW_19990125,Garret Wallow,LB,2025,DEN,70.65905669044213,85.61390524601183,87.24990797740499,81.96947777258538,74.60577558722059,73.80687546839658,81.46629355707353,73.69082939055724
GRAYSONMURPHY_20001013,Grayson Murphy,LB,2025,MIA,65.72842794240995,83.51025220809692,87.10344047174584,77.47243997455291,72.02721977591193,65.11785130833755,85.1004870760728,75.08917531446559
J.J.RUSSELL_19981012,J.J. Russell,LB,2025,ARI,65.8732453859065,84.89971549722827,87.18959398947993,79.37241351268472,74.44069927905923,68.56064096670156,84.57634981288777,70.50655506408944
JONATHANGARVIN_19990728,Jonathan Garvin,LB,2025,SF,70.00179793091263,80.64752193489272,84.49122752274694,76.92902101977177,68.7488825315927,72.00366616188654,85.37880749717647,78.60636152688892
JORDANBURCH_20011010,Jordan Burch,LB,2025,ARI,69.36066277898601,83.09680860082346,88.4700830917631,77.50056285123242,71.3829754681816,65.30544185705617,84.98890061959742,79.96740792675206
JOSAIAHSTEWART_20030426,Josaiah Stewart,LB,2025,LAR,68.48574660678668,85.47206018428147,89.36085855873903,79.25272707334545,75.03573178086015,66.2477560949867,86.0450696814645,75.46146574211204
JUSTINHOLLINS_19960115,Justin Hollins,LB,2025,BUF,72.13060647417342,85.27643984209817,88.04716808842558,78.09268497866458,69.70515957705561,74.75688136771419,84.34432722677116,77.75109940774965
K'LAVONCHAISSON_19990725,K'Lavon Chaisson,LB,2025,NE,76.87174427427448,85.14737834295983,88.10408848759083,79.9384030085763,72.19109875059553,78.30302514513039,84.43418704661804,79.19954860005393
KYRONJOHNSON_19980724,Kyron Johnson,LB,2025,TEN,68.42692502855994,84.89260390886704,87.75764783871074,79.40668244733467,74.7511625838747,70.25142402123447,84.42166994263175,72.72681724466176
LUIJIVILAIN_19980310,Luiji Vilain,LB,2025,DAL,66.22370324784356,83.19708503372334,87.04550171003007,78.30587443096226,70.53319034305082,67.7990569083392,82.91043151735937,74.37849737856976
MALIKHAMM_20000826,Malik Hamm,LB,2025,BAL,66.02085291822874,83.61941531937134,87.24559330599807,78.30577717265248,71.33346037084402,66.58593668220846,84.13495119342656,74.41875616952981
MARTEMAPU_19991108,Marte Mapu,LB,2025,NE,70.54594398493924,85.94485782615959,88.84537373195737,81.80674745732733,75.55376709153336,71.80233992431488,85.82641863610695,73.46887112300715
MICHAELHOECHT_19971005,Michael Hoecht,LB,2025,BUF,71.55661498492628,80.06091712707558,85.11711086208307,73.58521054484481,64.44816769509498,70.51421014204129,81.52590468599522,83.64043262806547
MIKEGREEN_20030728,Mike Green,LB,2025,BAL,62.38116069305812,84.23958193891093,87.90069463699761,78.34535472721575,73.37276812208518,60.92632217770631,85.28181438705656,71.83001009290732
NEVILLEHEWITT_19930406,Neville Hewitt,LB,2025,HOU,72.18628964148695,82.90985494569543,84.95569910473107,77.43367855964311,69.14789374189286,78.52627252379966,80.06041521459235,73.98282306679309
NICSCOURTON_20040825,Nic Scourton,LB,2025,CAR,62.757753934114135,84.23508824968184,87.46674921341275,78.0156332059538,73.51662135537049,60.95062828110457,86.04678060201638,72.08165211549516
OLUWAFEMIOLADEJO_20030920,Oluwafemi Oladejo,LB,2025,TEN,62.759746335323655,84.22727622518045,87.45037186023087,77.99542922975206,73.52552445078163,60.9460810998894,86.06035039904305,72.08863916804003
PRINCELYUMANMIELEN_20020418,Princely Umanmielen,LB,2025,CAR,67.62843387864785,84.78158281935384,88.98904592654134,79.97191635987713,74.47100217876141,65.57212229446958,85.76685098203018,74.92063596941671
QUINTONBELL_19960509,Quinton Bell,LB,2025,MIA,70.27324196316107,82.72010521554046,86.04721425783941,77.25048773449203,69.09716858327795,73.33599779567402,81.70639454749573,76.4420159920856
SHAUNBRADLEY_19970408,Shaun Bradley,LB,2025,KC,69.7119214263775,85.5351483177381,87.4669315865421,80.23106933269219,73.61754449514501,73.42206884132798,78.64331404720008,69.31539841542809
TYREEWILSON_20000520,Tyree Wilson,LB,2025,LV,74.54775430874145,84.10212485783552,88.81777618610789,79.97169090340913,70.87219045993538,73.14151470754734,84.96656841680192,81.81577346201917
TYREKESMITH_d_lb,Tyreke Smith,LB,2025,SEA,70.47851244491505,79.86911949279448,84.77048025308586,77.05379864891404,70.3468175644191,72.25828009140355,83.10359378619432,77.90219016538225
,Deslin Alexandre,LB,2025,GB,65.85570684462334,82.79621657503804,87.23753747547592,77.37107501565777,70.56040922894931,66.25624364352808,82.9879380106114,75.66581965035431
,Dequan Jackson,LB,2025,MIA,64.97165545182861,85.12220018539364,87.38989223260818,79.51460344257089,74.97812310481675,66.94714277531904,85.31322617566968,70.26634269038692
,Thomas Rush,LB,2025,PIT,65.88329261926361,83.7167366784326,87.18901892225934,78.39004319657454,71.65267413395839,66.58159089808242,84.28468646131785,74.02989943635237
,Kenneth Odumegwu,LB,2025,SEA,66.1321663440823,82.8987466789435,86.47512363557964,77.99177733964507,69.77748159959276,66.18090845461211,84.55202504963597,75.65016939089841
,Austin Ajiake,LB,2025,IND,64.8560397713369,85.28082538545056,87.54870421496463,79.81322850627282,75.08409513529261,66.99881176048058,85.25021212327579,69.92326023773165
,Deion Jennings,LB,2025,TB,64.19302696325838,85.29995600041167,88.18690199584744,79.68560367882867,75.34953481114735,65.59881250221883,85.12947409446235,70.33191522024364
,Jimmy Ciarlo,LB,2025,NYJ,63.962173289843975,85.27844204841932,87.7699716025245,80.09206565931765,75.03022961727686,65.4354721719456,85.7482449756344,69.98656217127052
,Jackson Sirmon,LB,2025,NYJ,64.37499400530135,84.39791569277389,87.65154393252813,78.97005427468127,73.74436543438787,65.20098874721543,84.92666206958495,72.03554349435214
,DaRon Gilbert,LB,2025,DET,63.771513298007676,85.82559120628434,88.06544379108571,80.58683361547958,76.01001109942194,65.64967558488996,85.89519531189364,68.84756200191885
,Jackson Mitchell,LB,2025,LV,64.45059363787033,84.83685715069527,87.71289258392571,79.50811926988433,74.09973017139623,65.38175040080768,85.45267437139853,71.3875570700333
,Brock Mogensen,LB,2025,DAL,64.09790921132952,84.74760654590824,87.9503097693283,79.59539307672617,74.06271408304463,65.3028781228303,84.85054572076058,71.21975967798218
,Andrew Parker,LB,2025,NE,64.12978763068327,84.6226141538865,87.68827211841841,79.27212945749852,74.20516360962256,65.23012322339156,85.06766247318956,71.33155251869829
,Craig Young,LB,2025,CIN,64.12477164101529,85.28198740152453,87.59639592862614,80.31276390485016,74.5652034750832,65.42641631046632,86.14571167095573,70.1764157789161
,Max Tooley,LB,2025,MIN,62.9559224416717,84.80757759702277,88.05641197600353,79.82858369859775,75.15066183291094,65.0806286264255,84.29467374641763,69.66483336128147
,Jeremiah Jean-Baptiste,LB,2025,LAC,64.2233188741389,84.99124739129599,87.60222459117934,79.62835866688658,74.6406562053312,65.36996024604997,85.71580294824457,70.74644956728224
,Tre'Mon Morris-Brash,LB,2025,LAC,64.97089240525037,84.27027986094981,87.39377591441722,78.60090926122382,73.31168025209365,65.25527373023107,85.3742205195914,72.90034480951195
,K.J. Cloyd,LB,2025,NYG,64.10770319364684,85.14987259135279,87.76103657353575,79.92698373058852,74.74662823580718,65.42162923121117,85.65278889585011,70.40336711462677
,Chris Collins,LB,2025,LAC,64.6120813465925,83.18547167234163,87.14329919482275,78.26040174009074,71.17635565184821,64.6861023765781,84.37818768578654,74.46521895970918
,Julius Welschof,LB,2025,PIT,63.90615717228695,82.17950504703788,87.4201247080255,77.70074146611046,69.87314928646754,64.1850617392484,82.43795369404381,75.57352831662246
,Elliott Brown,LB,2025,ARI,63.71151457749528,83.94858690044816,87.64771173117092,78.57872468913615,73.7909438782873,64.88676936709788,84.07231625621125,71.97563566570298
,Lance Dixon,LB,2025,PHI,61.715639864169134,83.90484023930952,88.04798194416534,78.11582281686503,73.47679785360413,60.677633997453256,84.34895302631685,71.63415635970068
,Brandon George,LB,2025,KC,61.72560187021679,83.86578011680285,87.966095178256,78.01480293585621,73.52131333065972,60.65489809137807,84.41680201145073,71.66909162242459
,Chandler Martin,LB,2025,BAL,62.38116069305812,84.23958193891093,87.90069463699761,78.34535472721575,73.37276812208518,60.92632217770631,85.28181438705656,71.83001009290732
,Cooper McDonald,LB,2025,KC,61.72560187021685,83.86578011680285,87.966095178256,78.01480293585621,73.52131333065961,60.65489809137813,84.41680201145084,71.66909162242456
,Easton Mascarenas-Arnold,LB,2025,CLE,62.43296312450798,84.03646930187585,87.47488345426919,77.82005134597159,73.60424860277442,60.80809546611806,85.63462910975363,72.01167345907095
,Kam Arnold,LB,2025,WAS,62.05437748224239,84.04877501560622,87.92520623103592,78.16997684343517,73.45149227407796,60.78833654393486,84.85609309776714,71.75304438393823
,Ale Kaho,LB,2025,WAS,61.38487185093396,83.72965736500754,88.10524824456733,77.9808528854876,73.53771581477474,60.54874272611136,83.89609214297377,71.54321654564225
,Solomon DeShields,LB,2025,IND,62.0782862967576,83.95503072158994,87.72867799285349,77.92752912901472,73.55832941901167,60.733770369355625,85.01893066208868,71.83688901447536
,Keonta Jenkins,LB,2025,BUF,62.10020271006351,83.86909845207515,87.54852710785299,77.70528539079612,73.65626346853423,60.68375137599173,85.16819842938355,71.91374659246787
,Jared Bartlett,LB,2025,GB,61.71763226537854,83.89702821480813,88.03160459098343,78.09561884066306,73.48570094901481,60.67308681623797,84.3625228233434,71.64114341224564
,Ja'Markis Weston n,LB,2025,NYJ,61.4028034618205,83.65934914449542,87.9578520659306,77.79901709967248,73.61784367347502,60.507818095177356,84.01822031621498,71.60610001854485
,Trace Ford,LB,2025,NYG,61.73357147505533,83.8345320187974,87.90058576552853,77.93398703104936,73.55692571230452,60.63670936651852,84.47108119955817,71.69703983260368
,J.B. Brown,LB,2025,DEN,62.08625590159613,83.92378262358449,87.663168580126,77.84671322420797,73.59394180065624,60.71558164449607,85.07320985019578,71.86483722465431
,Kylan Guidry,LB,2025,LAC,62.0842635003865,83.93159464808593,87.67954593330794,77.8669172004096,73.58503870524476,60.72012882571073,85.05964005316912,71.85785017210958
,David Gbenda,LB,2025,TEN,61.755487888361074,83.74859974928262,87.7204348805281,77.71174329283076,73.65485976182663,60.586690373154454,84.62034896685304,71.77389741059568
,Nick Kubitz,LB,2025,ATL,61.731579073845865,83.8423440432988,87.91696311871043,77.9541910072511,73.54802261689281,60.6412565477338,84.45751140253105,71.69005278005892
,Malik Verdon,LB,2025,ATL,62.401084705154176,84.16146169389742,87.73692110517898,78.1433149651989,73.46179907619626,60.880850365556796,85.41751235732465,71.89988061835498
,Pooh Paul Jr.,LB,2025,LAR,62.38315309426753,84.23176991440948,87.88431728381568,78.32515075101412,73.38167121749598,60.9217749964908,85.29538418408345,71.83699714545213
,Jamil Muhammad,LB,2025,LAR,61.71364746295916,83.91265226381086,88.06435929734717,78.13602679306655,73.46789475819287,60.68218117866746,84.33538322928985,71.62716930715598
,Josh Pearcy,LB,2025,LAR,61.71364746295916,83.91265226381086,88.06435929734717,78.13602679306655,73.46789475819287,60.68218117866746,84.33538322928985,71.62716930715598
,D'Eryk Jackson,LB,2025,SEA,62.096217907644075,83.88472250107787,87.58128181421678,77.74569334319949,73.63845727771172,60.69284573842123,85.14105883533011,71.89977248737819
,Jordan Turner,LB,2025,DEN,62.08625590159613,83.92378262358449,87.663168580126,77.84671322420797,73.59394180065624,60.71558164449607,85.07320985019578,71.86483722465431
,J.J. Weaver,LB,2025,CAR,61.41874267149734,83.5968529484847,87.82683324047571,77.63738529005866,73.68906843676393,60.471440645457676,84.12677869242918,71.66199643890303
JEREMIAHOWUSU-KORAMOAH_19991104,Jeremiah Owusu-Koramoah,LB,2025,CLE,83.0,88.0,91.0,88.0,79.0,85.0,87.0,65.0
EDGERRINCOOPER_20011117,Edgerrin Cooper,LB,2025,GB,79.0,89.0,92.0,80.0,78.0,77.0,83.0,72.0
PAYTONWILSON_20000421,Payton Wilson,LB,2025,PIT,76.0,91.0,93.0,87.0,81.0,74.0,83.0,67.0
CARSONSCHWESINGER_20030224,Carson Schwesinger,LB,2025,CLE,75.0,87.0,90.0,83.0,79.0,75.0,93.0,72.0
NATELANDMAN_19981119,Nate Landman,LB,2025,LAR,74.0,79.0,86.0,79.0,72.0,77.0,87.0,75.0
MARISTLIUFAU_20010209,Marist Liufau,LB,2025,DAL,72.0,84.0,88.0,78.0,78.0,71.0,74.0,73.0
AKEEMDAVIS-GAITHER_19970921,Akeem Davis-Gaither,LB,2025,ARI,71.0,87.0,91.0,85.0,78.0,73.0,86.0,70.0
TROYDYE_19960918,Troy Dye,LB,2025,LAC,70.0,87.0,87.0,81.0,75.0,73.0,84.0,71.0
CHRISTIANELLISS_19990102,Christian Elliss,LB,2025,NE,68.0,85.0,86.0,82.0,70.0,68.0,85.0,74.0
DEEWINTERS_20001017,Dee Winters,LB,2025,SF,67.0,89.0,93.0,81.0,71.0,68.0,77.0,66.0
VENTRELLMILLER_19990115,Ventrell Miller,LB,2025,JAX,67.0,83.0,87.0,76.0,72.0,70.0,80.0,74.0
DARIUSMUASAU_20010210,Darius Muasau,LB,2025,NYG,64.0,82.0,88.0,76.0,75.0,71.0,87.0,63.0
ANTHONYNELSON_19970304,Anthony Nelson,LB,2025,TB,77.838327863094,79.35453521533117,87.09207676878816,79.15349726191016,66.7628716069039,81.50740409164268,82.86590076680886,78.8614559582744
BRYCEHUFF_19980417,Bryce Huff,LB,2025,SF,71.20200407695684,83.98600479178445,87.2039977850144,78.0881614696691,69.75285908269092,74.95733614514666,82.2646293948967,77.17261734190689
DE'VONDRECAMPBELL_19930701,De'Vondre Campbell,LB,2025,SF,82.04841517562679,84.92510630376,88.18201632825037,83.59037885408156,73.37341679834361,93.89695505700342,77.35753076015158,72.55381895989964
JALONWALKER_20010224,Jalon Walker,LB,2025,ATL,73.88644425688456,88.44938877973783,90.55033188610616,82.70238508486898,74.39179624333366,69.96316280200358,88.20541481139162,77.43599546082703
JAMESPEARCEJR._20031012,James Pearce Jr.,LB,2025,ATL,72.4814800574549,89.47759923550326,91.01869599501072,85.25666616706894,74.46502495228685,67.4745204878609,83.53289271624817,77.80342756424315
LORENZOCARTER_19951210,Lorenzo Carter,LB,2025,TEN,81.8240623070474,85.74822190401296,89.44130223106538,81.91084842320288,71.17424489032419,87.20775880759447,82.89403688633706,79.7579076924844
NICKHERBIG_20011121,Nick Herbig,LB,2025,PIT,70.77925785386583,86.5257528900897,89.45701394413243,80.03303505344024,71.90957168660856,70.320410704295,86.87069811998003,78.19158271273415
TAVIUSROBINSON_19990103,Tavius Robinson,LB,2025,BAL,72.37480987498105,83.3565790578757,88.41502942912359,79.33939729375038,68.90809128463076,73.86621946226,84.09558102593633,78.65743886683632
BOBBYOKEREKE_19960729,Bobby Okereke,LB,2025,NYG,86.0,88.0,88.0,81.0,76.0,88.0,81.0,73.0
DEVINLLOYD_19980930,Devin Lloyd,LB,2025,JAX,85.0,84.0,91.0,79.0,75.0,84.0,84.0,78.0
LEOCHENAL_20001026,Leo Chenal,LB,2025,KC,84.0,88.0,93.0,82.0,75.0,83.0,94.0,82.0
LOGANWILSON_19960708,Logan Wilson,LB,2025,CIN,82.0,86.0,88.0,82.0,76.0,84.0,78.0,74.0
AZEEZAL-SHAAIR_19970804,Azeez Al-Shaair,LB,2025,HOU,80.0,86.0,87.0,78.0,72.0,84.0,80.0,77.0
ALEXANZALONE_19940922,Alex Anzalone,LB,2025,DET,79.0,86.0,86.0,81.0,72.0,84.0,75.0,74.0
QUAYWALKER_20000508,Quay Walker,LB,2025,GB,79.0,88.0,90.0,86.0,73.0,76.0,78.0,75.0
PETEWERNER_19980605,Pete Werner,LB,2025,NO,78.0,84.0,88.0,81.0,72.0,81.0,89.0,72.0
TRENTONSIMPSON_20010614,Trenton Simpson,LB,2025,BAL,78.0,91.0,95.0,81.0,79.0,76.0,94.0,77.0
DEMARVIONOVERSHOWN_20000813,DeMarvion Overshown,LB,2025,DAL,76.0,88.0,92.0,78.0,72.0,82.0,87.0,64.0
DENZELPERRYMAN_19921205,Denzel Perryman,LB,2025,LAC,76.0,82.0,82.0,76.0,68.0,82.0,81.0,84.0
E.J.SPEED_19950601,E.J. Speed,LB,2025,HOU,76.0,88.0,88.0,83.0,74.0,80.0,82.0,74.0
ELANDONROBERTS_19940422,Elandon Roberts,LB,2025,LV,76.0,85.0,83.0,73.0,70.0,82.0,83.0,82.0
OMARSPEIGHTS_20010302,Omar Speights,LB,2025,LAR,76.0,84.0,91.0,81.0,78.0,75.0,77.0,78.0
DEVINBUSH_19980718,Devin Bush,LB,2025,CLE,75.0,87.0,91.0,84.0,80.0,77.0,92.0,74.0
DORIANWILLIAMS_20010628,Dorian Williams,LB,2025,BUF,75.0,89.0,93.0,79.0,75.0,75.0,84.0,63.0
TYRICEKNIGHT_20001220,Tyrice Knight,LB,2025,SEA,74.0,85.0,90.0,75.0,73.0,74.0,83.0,71.0
CHRISTIANROZEBOOM_19970130,Christian Rozeboom,LB,2025,CAR,73.0,82.0,86.0,77.0,70.0,79.0,80.0,67.0
DIVINEDEABLO_19980817,Divine Deablo,LB,2025,ATL,73.0,88.0,86.0,83.0,74.0,78.0,82.0,69.0
ERICWILSON_19940926,Eric Wilson,LB,2025,MIN,73.0,87.0,88.0,82.0,72.0,74.0,91.0,75.0
JUSTINSTRNAD_19960821,Justin Strnad,LB,2025,DEN,71.0,88.0,84.0,81.0,75.0,76.0,74.0,71.0
K.J.BRITT_19990604,K.J. Britt,LB,2025,MIA,71.0,81.0,82.0,72.0,69.0,75.0,79.0,74.0
MOHAMOUDDIABATE_20010518,Mohamoud Diabate,LB,2025,CLE,67.0,87.0,86.0,79.0,76.0,72.0,82.0,69.0
ALEXHIGHSMITH_19970807,Alex Highsmith,LB,2025,PIT,74.97398533213808,84.02920026098832,86.72748494561661,80.0372763758046,71.80203257885256,79.91402553649647,84.52777033859638,76.8873866940454
ANTHONYWALKERJR_19950808,Anthony Walker,LB,2025,TB,75.62074604261718,83.70050417656773,85.64917732002871,78.88811104215893,71.01155076816445,83.60423639888427,80.30685918419204,76.64941733677927
BOYEMAFE_19981130,Boye Mafe,LB,2025,SEA,76.7372366756276,86.62691334188366,89.33811197982268,80.12792914164879,72.5457758585568,76.5119378409147,88.7952222754202,77.61754710472519
CHARLESSNOWDEN_19980327,Charles Snowden,LB,2025,LV,71.67295628408652,84.0940440078902,87.1658212138966,80.10179407110718,70.17702893564154,75.2491406280866,81.8778989206719,73.72079392792153
DANTEFOWLERJR_19940803,Dante Fowler Jr.,LB,2025,DAL,80.16077594709668,83.31069901542622,85.79873124453863,79.05358584472901,69.69082310692374,88.47498710445439,79.41622424426919,80.04798226882491
DRE'MONTJONES_19970105,Dre'Mont Jones,LB,2025,TEN,76.75106667175214,75.47730469196006,81.95054682451699,70.42782637700816,62.6001935355967,82.95823564126414,78.04643226944586,86.4803849194509
FOYESADEOLUOKUN_19950802,Foye Oluokun,LB,2025,JAX,73.68377193320936,84.78814943057631,86.2651980379631,80.21357153189615,72.84505068677134,80.54083813930754,84.01684978259709,73.63609623266802
IVANPACEJR_20001216,Ivan Pace Jr.,LB,2025,MIN,72.38975604588711,86.73151158960411,87.87301469321815,80.5572481012207,76.76331956278119,75.43128673317744,89.55587925228747,71.92547115354478
JADEVEONCLOWNEY_19930214,Jadeveon Clowney,LB,2025,CAR,80.12585449127249,84.04760780336403,86.37848667192696,78.66948205737913,68.04197309218267,87.1201772621423,83.44691846191586,81.47037892539538
JOETRYON-SHOYINKA_19990430,Joe Tryon-Shoyinka,LB,2025,CLE,77.47008265703008,84.17851991726292,87.50491567215495,79.40292327303723,69.7859922426502,78.78823876193428,83.47883385579985,81.01372035419195
JORDANHICKS_19920627,Jordan Hicks,LB,2025,CLE,76.18270946501423,83.40100410947366,85.57791104922943,79.90189775281715,72.85634175217211,84.3729174803288,86.14829608150467,76.349628738805
JOSEYJEWELL_19941225,Josey Jewell,LB,2025,CAR,73.73324547979848,81.24628436440219,84.89728008707472,79.2997759755624,71.51445082269271,80.9700583124382,82.4756515738884,74.87954909601535
KAYVONTHIBODEAUX_20001215,Kayvon Thibodeaux,LB,2025,NYG,78.59872387863552,86.78388199588329,89.9304218802544,81.58670248657313,71.57066915721776,78.44815784048143,86.55913404625244,80.87025846365384
KENNETHMURRAYJR_19981117,"Kenneth Murray, Jr.",LB,2025,DAL,78.426081575864,88.13738386453633,89.5379655546235,83.90054554137032,75.5327932926964,81.67821645111042,92.31717836606481,77.03333694514976
NOLANSMITHJR_20010118,Nolan Smith,LB,2025,PHI,77.70599078070907,91.08865478908575,91.74741783376102,85.24918494663689,77.4142865497189,77.23697075840306,96.45847965368193,75.28751449839064
ODAFEOWEH_19981215,Odafe Oweh,LB,2025,BAL,76.91596930014538,89.87303312135703,91.16445491468863,84.73866109963546,74.81513426476397,76.64793349736732,92.88889010857474,76.5858503595868
TULITUIPULOTU_20090302,Tuli Tuipulotu,LB,2025,LAC,77.5907363454618,86.14779934953725,89.01679614667769,80.31057374744364,72.65640802907512,76.78163865413109,87.16357583195781,79.96219312708206
WILLIEGAY_19980215,Willie Gay Jr.,LB,2025,MIA,76.20287169319738,88.71519330605236,89.1674896848982,82.28608898410062,76.08983963375931,78.50728717885136,94.52784508669652,75.93524558400674
BLAKECASHMAN_19960510,Blake Cashman,LB,2025,MIN,83.0,88.0,90.0,83.0,76.0,85.0,89.0,70.0
KADENELLISS_19950710,Kaden Elliss,LB,2025,ATL,82.0,86.0,87.0,85.0,75.0,88.0,83.0,75.0
GERMAINEPRATT_19960521,Germaine Pratt,LB,2025,LV,79.0,88.0,88.0,79.0,74.0,87.0,79.0,76.0
TERRELBERNARD_19990507,Terrel Bernard,LB,2025,BUF,79.0,86.0,91.0,83.0,79.0,84.0,85.0,67.0
MICAHMCFADDEN_20000103,Micah McFadden,LB,2025,NYG,76.0,85.0,91.0,83.0,75.0,77.0,84.0,72.0
JAHLANITAVAI_19960928,Jahlani Tavai,LB,2025,NE,75.0,84.0,85.0,79.0,70.0,72.0,81.0,78.0
HENRYTO'OTO'O_20010105,Henry To'oTo'o,LB,2025,HOU,74.0,85.0,92.0,81.0,73.0,79.0,78.0,65.0
JAMIENSHERWOOD_20000112,Jamien Sherwood,LB,2025,NYJ,74.0,81.0,85.0,78.0,75.0,77.0,86.0,67.0
ANFERNEEJENNINGS_19970501,Anfernee Jennings,LB,2025,NE,77.54876833044443,85.01050244579415,87.88775162464488,79.47671917585012,70.55277949544413,80.50853061567938,84.0880318844097,77.55316747020515
ARDENKEY_19960503,Arden Key,LB,2025,TEN,78.39799173182749,84.76287986590677,87.17691621170283,81.44541302706943,71.57724938863853,84.33750827567513,77.68833780478394,76.22729512468555
ERICKENDRICKS_19920229,Eric Kendricks,LB,2025,DAL,78.98583518155922,84.84017959113248,86.64352636158755,81.11451163740003,72.16757408340749,88.46757171485746,87.78615359267292,75.28907643620482
MACKWILSONSR_19980214,Mack Wilson,LB,2025,ARI,77.49478577732364,85.2060404099974,87.02715007345707,79.9744892284873,72.93955832874295,82.41426497095216,81.1494356849546,76.45529452065426
MATTHEWJUDON_19920815,Matt Judon,LB,2025,ATL,79.33851128763672,80.55866745633233,84.79818618016013,71.3959789836349,62.04496295320226,85.8585087489833,76.30043963774415,84.34897308871246
WILLMCDONALDIV_19990604,Will McDonald IV,LB,2025,NYJ,76.25149209148807,86.58006369420451,89.62197515595906,81.83786989358055,71.78493569426578,76.87296316841844,90.43853668037127,75.67991945176402
ZAVENCOLLINS_19990519,Zaven Collins,LB,2025,ARI,78.60749770043574,84.5827198583948,88.01172101053479,80.21399869061906,71.99747029694106,80.35530797281058,85.1245551215734,78.9893846788699
,Byron Young,LB,2025,LAR,75.62647342657067,88.37677227345944,90.43128764423838,80.22113735070207,70.85264567790045,75.35069409759188,92.21546389319042,74.24545580875872
FREDWARNER_19961119,Fred Warner,LB,2025,SF,97.0,88.0,91.0,83.0,82.0,99.0,94.0,80.0
ROQUANSMITH_19970408,Roquan Smith,LB,2025,BAL,94.0,86.0,89.0,87.0,82.0,91.0,81.0,80.0
BOBBYWAGNER_19900627,Bobby Wagner,LB,2025,WAS,91.0,84.0,84.0,80.0,70.0,97.0,89.0,78.0
DEMARIODAVIS_19890111,Demario Davis,LB,2025,NO,90.0,88.0,87.0,78.0,72.0,96.0,86.0,85.0
LAVONTEDAVID_19900123,Lavonte David,LB,2025,TB,88.0,86.0,86.0,83.0,76.0,97.0,87.0,76.0
ZACKBAUN_19961230,Zack Baun,LB,2025,PHI,88.0,87.0,87.0,83.0,74.0,87.0,79.0,80.0
DRUETRANQUILL_19950815,Drue Tranquill,LB,2025,KC,84.0,88.0,89.0,83.0,78.0,93.0,89.0,77.0
JACKCAMPBELL_20000822,Jack Campbell,LB,2025,DET,84.0,85.0,90.0,87.0,77.0,85.0,89.0,76.0
DAIYANHENLEY_19991118,Daiyan Henley,LB,2025,LAC,83.0,88.0,91.0,82.0,78.0,84.0,89.0,65.0
NICKBOLTON_20000310,Nick Bolton,LB,2025,KC,83.0,87.0,84.0,74.0,72.0,89.0,78.0,74.0
PATRICKQUEEN_19990813,Patrick Queen,LB,2025,PIT,82.0,88.0,89.0,85.0,78.0,87.0,84.0,73.0
QUINCYWILLIAMS_19960828,Quincy Williams,LB,2025,NYJ,82.0,88.0,89.0,77.0,74.0,85.0,89.0,67.0
ROBERTSPILLANE_19951214,Robert Spillane,LB,2025,NE,82.0,87.0,86.0,77.0,72.0,90.0,79.0,71.0
T.J.EDWARDS_19960812,T.J. Edwards,LB,2025,CHI,81.0,85.0,84.0,81.0,75.0,85.0,79.0,72.0
FRANKIELUVU_19960919,Frankie Luvu,LB,2025,WAS,80.0,85.0,86.0,81.0,72.0,87.0,73.0,83.0
JORDYNBROOKS_19971021,Jordyn Brooks,LB,2025,MIA,80.0,87.0,86.0,85.0,76.0,85.0,82.0,74.0
TREMAINEEDMUNDS_19980502,Tremaine Edmunds,LB,2025,CHI,80.0,86.0,86.0,85.0,78.0,85.0,85.0,75.0
ZAIREFRANKLIN_19960702,Zaire Franklin,LB,2025,IND,80.0,84.0,89.0,80.0,72.0,83.0,88.0,80.0
CODYBARTON_19961113,Cody Barton,LB,2025,TEN,79.0,85.0,86.0,83.0,76.0,87.0,79.0,78.0
NAKOBEDEAN_20001213,Nakobe Dean,LB,2025,PHI,77.0,87.0,90.0,83.0,76.0,76.0,79.0,66.0
ISAIAHMCDUFFIE_19990721,Isaiah McDuffie,LB,2025,GB,73.0,87.0,89.0,75.0,68.0,75.0,79.0,73.0
ANDREWVANGINKEL_19950701,Andrew Van Ginkel,LB,2025,MIN,86.7058753658074,86.6844416891322,88.79786530312617,82.62068249064643,74.15607287184056,91.3688571295313,89.25248082931148,76.96321286105984
BRIANBURNS_19980423,Brian Burns,LB,2025,NYG,81.23034330715592,86.09138662971884,88.61551003410727,84.51055923950994,72.75176753978297,85.993060185942,86.33213816010084,76.559756712291
DERICKHALL_20010319,Derick Hall,LB,2025,SEA,81.06511224350331,87.1404680474194,88.99810454436263,83.47375488293861,74.13001591926752,81.89096477968599,88.85836339654065,76.44094772611174
HAROLDLANDRYIII_19960605,Harold Landry III,LB,2025,NE,81.65682070451453,84.61581104999607,87.29417934208848,81.52658873221606,73.60976280094246,87.76963672910955,86.56506689964885,80.11822833861754
JAREDVERSE_20001104,Jared Verse,LB,2025,LAR,82.93342553307994,87.87784255914232,90.50256738835,81.52546118174726,71.06245036341986,81.5121905968889,88.77272151137834,81.60436591256149
JONATHANGREENARD_19970525,Jonathan Greenard,LB,2025,MIN,83.0166297046978,82.12184010972555,86.75081966167107,78.85135861507644,70.46044979825848,88.03849070177574,83.03612902758812,80.36544271098086
JONATHONCOOPER_19980108,Jonathon Cooper,LB,2025,DEN,78.44838580064624,85.03342686442716,87.68655523138563,77.04580522965276,70.18835473815757,81.17836830666232,80.21660614708594,81.22588889741075
JOSHSWEAT_19970329,Josh Sweat,LB,2025,ARI,80.06144890011197,86.55741789733304,88.3969217283497,81.07710789510699,70.9594758962638,84.4311141300496,86.479199319126,80.06382648584258
KYLEVANNOY_19910326,Kyle Van Noy,LB,2025,BAL,82.87924255363887,81.322485170915,84.88487162804259,79.27598598519063,70.10699187098605,93.92926308177653,79.69099810756143,79.75078800128915
KYZIRWHITE_19960324,Kyzir White,LB,2025,ARI,78.92199458079531,85.52041137428012,86.87769782675821,80.80271927740827,75.110873520701,86.44897970566916,85.09972314385641,75.37182666254614
NIKBONITTO_19990926,Nik Bonitto,LB,2025,DEN,87.5100567856226,90.29377771634381,91.49210283747621,84.90738547189196,77.87944765401741,88.37648439002243,91.6968073502909,78.12557557158993
T.J.WATT_19941011,T.J. Watt,LB,2025,PIT,87.77273922096546,85.03775243676887,88.85632255922019,84.07095410301491,72.44172747361552,93.84096440839664,88.46307996159999,80.68718720002948
YAYADIABY_19990530,Yaya Diaby,LB,2025,TB,79.35640978261642,88.00213064071681,89.99300015568863,81.00160729184242,72.60643198659446,79.99114182624032,88.58883708373355,79.32287155430384
TRE'DAVIOUSWHITE_19950116,Tre'Davious White,DB,2025,BUF,74.0,90.0,91.0,88.0,86.0,72.0,82.0,75.0
BRYCEHALL_19971105,Bryce Hall,DB,2025,TB,73.0,89.0,90.0,84.0,82.0,77.0,90.0,57.0
MARKQUESEBELL_19990106,Markquese Bell,DB,2025,DAL,73.0,92.0,94.0,77.0,79.0,70.0,87.0,68.0
TREHERNDON_19960305,Tre Herndon,DB,2025,IND,73.0,87.0,88.0,89.0,86.0,79.0,83.0,56.0
ELIAPPLE_19950809,Eli Apple,DB,2025,SF,72.0,88.0,90.0,84.0,84.0,76.0,85.0,60.0
NIKNEEDHAM_19961104,Nik Needham,DB,2025,CLE,72.0,87.0,86.0,86.0,87.0,79.0,75.0,56.0
AKAYLEBEVANS_19990602,Akayleb Evans,DB,2025,CAR,71.0,90.0,93.0,81.0,86.0,69.0,86.0,65.0
JEFFOKUDAH_19990202,Jeff Okudah,DB,2025,MIN,71.0,90.0,89.0,88.0,85.0,69.0,91.0,66.0
DUKESHELLEY_19961008,Duke Shelley,DB,2025,IND,70.0,88.0,90.0,82.0,85.0,71.0,82.0,53.0
KENDALLSHEFFIELD_19960530,Kendall Sheffield,DB,2025,MIA,70.0,91.0,92.0,91.0,90.0,65.0,92.0,56.0
LEWISCINE_19991005,Lewis Cine,DB,2025,PHI,70.0,92.0,94.0,83.0,79.0,60.0,88.0,58.0
MIKEEDWARDS_19960518,Mike Edwards,DB,2025,KC,70.0,88.0,90.0,85.0,81.0,70.0,88.0,63.0
NICKMCCLOUD_19980709,Nick McCloud,DB,2025,CHI,70.0,90.0,92.0,88.0,85.0,71.0,82.0,58.0
ARTIEBURNS_19950501,Artie Burns,DB,2025,MIA,69.0,89.0,88.0,82.0,79.0,74.0,79.0,56.0
CAMSMITH_20001221,Cam Smith,DB,2025,MIA,69.0,91.0,95.0,90.0,87.0,68.0,90.0,45.0
DARIUSRUSH_20000222,Darius Rush,DB,2025,KC,69.0,93.0,93.0,85.0,81.0,60.0,84.0,53.0
MARCOWILSON_19990303,Marco Wilson,DB,2025,CIN,69.0,91.0,92.0,87.0,88.0,70.0,94.0,66.0
MARCUSHARRIS_20010306,Marcus Harris,DB,2025,TEN,69.0,93.0,92.0,79.0,86.0,63.0,87.0,59.0
T.J.TAMPA_20020313,T.J. Tampa,DB,2025,BAL,69.0,88.0,88.0,86.0,87.0,68.0,91.0,60.0
TREFLOWERS_19950602,Tre Flowers,DB,2025,CHI,69.0,90.0,92.0,80.0,79.0,68.0,83.0,66.0
JAMMIEROBINSON_20010124,Jammie Robinson,DB,2025,ARI,68.0,86.0,93.0,87.0,81.0,66.0,81.0,67.0
RUSSYEAST_19990508,Russ Yeast,DB,2025,HOU,68.0,86.0,90.0,89.0,83.0,70.0,89.0,62.0
DALLISFLOWERS_19970604,Dallis Flowers,DB,2025,SF,67.0,91.0,95.0,84.0,80.0,61.0,93.0,51.0
ETHANBONNER_19991023,Ethan Bonner,DB,2025,MIA,67.0,92.0,91.0,90.0,88.0,63.0,85.0,53.0
KAMALHADDEN_20010117,Kamal Hadden,DB,2025,GB,67.0,87.0,94.0,81.0,81.0,64.0,83.0,65.0
MYLESHARDEN_20011213,Myles Harden,DB,2025,CLE,67.0,89.0,94.0,90.0,95.0,53.0,85.0,59.0
SHEMARBARTHOLOMEW_20000606,Shemar Bartholomew,DB,2025,CAR,67.0,91.0,93.0,79.0,77.0,71.0,85.0,60.0
DARRENHALL_20000502,Darren Hall,DB,2025,ARI,66.0,90.0,90.0,79.0,83.0,68.0,91.0,60.0
DWIGHTMCGLOTHERN_20020206,Dwight McGlothern,DB,2025,MIN,66.0,90.0,92.0,75.0,83.0,63.0,78.0,59.0
JARRICKBERNARD-CONVERSE_20000429,Jarrick Bernard-Converse,DB,2025,NYJ,66.0,93.0,93.0,85.0,82.0,59.0,95.0,61.0
KEVONSEYMOUR_19931130,Kevon Seymour,DB,2025,WAS,66.0,89.0,88.0,85.0,84.0,67.0,84.0,62.0
NAHSHONWRIGHT_19970923,Nahshon Wright,DB,2025,CHI,66.0,89.0,85.0,81.0,76.0,73.0,83.0,54.0
CHIGOZIEANUSIEM_20001105,Chigozie Anusiem,DB,2025,CLE,65.0,91.0,90.0,82.0,77.0,63.0,89.0,60.0
CHRISTIANBRASWELL_19990927,Christian Braswell,DB,2025,JAX,65.0,90.0,90.0,89.0,87.0,61.0,93.0,42.0
DEEWILLIAMS_19991206,Dee Williams,DB,2025,NYG,65.0,91.0,89.0,76.0,82.0,68.0,75.0,57.0
DEONBUSH_19930814,Deon Bush,DB,2025,KC,65.0,88.0,88.0,82.0,79.0,69.0,86.0,71.0
ELIRICKS_20010926,Eli Ricks,DB,2025,PHI,65.0,87.0,90.0,82.0,78.0,68.0,84.0,50.0
JERRICKREEDII_20000807,Jerrick Reed II,DB,2025,SEA,65.0,91.0,93.0,78.0,81.0,62.0,90.0,59.0
MAXENHOOK_20010819,Maxen Hook,DB,2025,PHI,65.0,88.0,91.0,86.0,80.0,61.0,85.0,64.0
TARIQCASTRO-FIELDS_19990114,Tariq Castro-Fields,DB,2025,PHI,65.0,93.0,95.0,82.0,85.0,60.0,88.0,60.0
ZEMAIAHVAUGHN_20020402,Zemaiah Vaughn,DB,2025,MIN,65.0,91.0,92.0,73.0,82.0,57.0,93.0,66.0
CAMLAMPKIN_20010731,Cam Lampkin,DB,2025,LAR,64.0,87.0,90.0,81.0,83.0,67.0,83.0,53.0
GABEJEUDY-LALLY_20010216,Gabe Jeudy-Lally,DB,2025,TEN,64.0,88.0,91.0,79.0,83.0,66.0,85.0,54.0
KEIDRONSMITH_19991101,Keidron Smith,DB,2025,DEN,64.0,86.0,86.0,77.0,81.0,65.0,86.0,62.0
KENDALLWILLIAMSON_20000824,Kendall Williamson,DB,2025,LAC,64.0,91.0,90.0,84.0,81.0,67.0,91.0,63.0
LORENSTRICKLAND_20000531,Loren Strickland,DB,2025,DET,64.0,87.0,90.0,85.0,77.0,63.0,86.0,62.0
PATRICKMCMORRIS_20011018,Patrick McMorris,DB,2025,MIA,64.0,87.0,90.0,81.0,82.0,64.0,76.0,63.0
BEAUBRADE_20020129,Beau Brade,DB,2025,BAL,63.0,84.0,91.0,87.0,81.0,62.0,79.0,61.0
KENDELLBROOKS_20000303,Kendell Brooks,DB,2025,TEN,63.0,91.0,92.0,77.0,81.0,57.0,85.0,63.0
NATRONEBROOKS_19991211,Natrone Brooks,DB,2025,ATL,63.0,88.0,90.0,82.0,79.0,66.0,76.0,50.0
SHILOSANDERS_20000209,Shilo Sanders,DB,2025,TB,63.0,86.0,88.0,78.0,79.0,67.0,84.0,60.0
TYSHEEMJOHNSON_20020930,Tysheem Johnson,DB,2025,CHI,63.0,89.0,91.0,81.0,84.0,60.0,84.0,53.0
JALENDAVIS_19960202,Jalen Davis,DB,2025,CIN,62.0,88.0,88.0,81.0,77.0,61.0,86.0,53.0
KAHLEFHAILASSIE_20001109,Kahlef Hailassie,DB,2025,MIN,62.0,88.0,90.0,92.0,88.0,56.0,79.0,53.0
MELLODOTSON_20020219,Mello Dotson,DB,2025,CAR,62.0,87.0,90.0,87.0,83.0,55.0,83.0,54.0
TREYWASHINGTON_20021209,Trey Washington,DB,2025,IND,62.0,89.0,92.0,77.0,72.0,60.0,86.0,67.0
LAMARJACKSON_19980413,Lamar Jackson,DB,2025,ATL,61.0,87.0,88.0,80.0,75.0,61.0,88.0,63.0
RAHEEMLAYNE_19990702,Raheem Layne,DB,2025,NYG,61.0,86.0,92.0,75.0,75.0,59.0,83.0,60.0
TRESWILLING_19990326,Tre Swilling,DB,2025,CAR,61.0,86.0,87.0,90.0,86.0,60.0,88.0,61.0
BOBBYPRICE_19980425,Bobby Price,DB,2025,WAS,60.0,90.0,91.0,87.0,86.0,51.0,96.0,70.0
KEONDREJACKSON_20020502,Keondre Jackson,DB,2025,BAL,60.0,83.0,83.0,86.0,82.0,57.0,85.0,65.0
TYOKADA_19990604,Ty Okada,DB,2025,SEA,59.0,90.0,91.0,88.0,90.0,50.0,94.0,62.0
ADRIANCOLBERT_19931006,Adrian Colbert,DB,2025,CHI,68.13848549049601,88.43991813722437,89.44098542890646,82.8596698549057,79.85574489683961,72.83599421279519,86.94610399839505,63.76484535742617
AMEERSPEED_19991011,Ameer Speed,DB,2025,CHI,64.98313744238362,89.0241997101395,90.21225282560505,81.97396032907365,79.45507343668305,63.65081894360105,87.57362108677715,66.78981497588552
ARTHURMAULET_19930713,Arthur Maulet,DB,2025,HOU,68.50662184495741,86.8893132397169,89.0735362600056,84.06018653363907,81.85103458438942,74.77043979624978,84.05818553402045,61.44338510173651
DARRELLLUTERJR_20000424,Darrell Luter Jr.,DB,2025,SF,67.13287889660984,90.4080103316316,92.06018758701543,83.85823988178366,81.84716372742554,64.11368845406173,89.83534558519719,57.62296144856407
DICAPRIOBOOTLE_19970917,Dicaprio Bootle,DB,2025,DET,65.1925411333637,91.24111380454883,91.88633484283122,86.67118048046447,86.39935904031199,64.70891404145209,85.72006385059827,55.38039224088294
DOMINIQUEHAMPTON_20000725,Dominique Hampton,DB,2025,WAS,66.5070616037126,88.54012199982054,90.40791464805989,83.23077226823462,80.65970391016685,62.06835829527017,89.43954379592542,68.05878230090468
EMMANUELMOSELEY_19960325,Emmanuel Moseley,DB,2025,DET,67.20031934390948,88.46923988827689,89.85800877962856,83.87561027190897,82.22046113550653,70.80273925118922,85.54417559009032,59.580453979629965
ENNISRAKESTRAWJR_20020605,Ennis Rakestraw Jr.,DB,2025,DET,70.1894918058797,89.49898227696303,91.90860236921168,85.26653749044533,85.02808525762549,68.50323440950433,85.41659181810472,60.589387142622456
FABIANMOREAU_19940409,Fabian Moreau,DB,2025,SF,73.04564934359837,91.6928819431817,91.05757709726265,86.20898899101621,81.96588016017375,77.72595520595337,89.85769759166489,63.798002296739924
GERVARRIUSOWENS_19991014,Gervarrius Owens,DB,2025,MIN,64.32602566481825,89.5386180419585,90.56171615830999,83.08910066437457,82.02604947894253,63.858625928957736,88.36528137575652,61.23259444276994
J.J.ROBERTS_20010922,JJ Roberts,DB,2025,TB,62.5541414673375,89.85872280622107,91.72706653154069,85.37586464440582,85.67874437636993,57.67325091259454,86.02885985835775,56.148722189032526
JULIUSBRENTS_20000118,Julius Brents,DB,2025,IND,68.61683777387026,90.31963790875443,91.72601519606144,88.4635712768627,84.54221067300062,64.48680689009211,93.437737679443,62.72584765311183
KA'DARHOLLMAN_19940918,Ka'dar Hollman,DB,2025,HOU,68.21641822505768,89.74257909447346,90.58458743457652,84.7121677202129,81.64851185601628,70.52565305231519,86.90770279292275,61.5999290943729
KEENANISAAC_20000217,Keenan Isaac,DB,2025,CLE,61.12785093916153,90.02480901247469,91.20023916038065,83.42439184004084,81.60453111385391,57.585563895999485,86.18737965401654,60.08106699980948
KEMONHALL_19970602,Kemon Hall,DB,2025,DAL,66.37887686596042,88.69114793792698,90.26019520843141,84.1335998202606,83.02107677208727,68.9372748430801,85.50096916455038,58.08788004064104
KYUBLUKELLY_20010522,Kyu Kelly,DB,2025,LV,65.71213471740879,90.05275039000708,91.78799513931057,84.80986478370893,83.95851279817623,63.65913825009807,85.80424896678443,58.52587139017953
MORICENORRIS_20000927,Morice Norris Jr.,DB,2025,DET,62.958599598007424,89.60850731176271,91.27356037942275,84.40447690125477,83.37281969894678,59.54035409054927,85.8299810136901,58.59054733093956
NICJONES_20021015,Nic Jones,DB,2025,NYG,63.87212308368032,88.76560771595905,90.8894295071832,82.30420399297881,81.52964183195195,63.931129299860686,83.46462800371151,58.26027369793445
RYANNEAL_19951224,Ryan Neal,DB,2025,TB,65.69416774944307,88.18143814168405,89.65464517445542,82.56722520304086,80.42601943446493,68.36711489451068,85.99479143899894,61.95361396733915
SAMFRANKLINJR_19960202,Sam Franklin Jr.,DB,2025,DEN,64.52340568226339,88.92977328504918,89.82228243581898,82.55079299974173,78.95788247071079,64.67914306569378,87.15111216014157,65.24154693594954
STANTLEYTHOMAS-OLIVERIII_19980604,Stantley Thomas-Oliver,DB,2025,DET,65.97014096435203,89.1100711388022,90.65544003811493,84.482485146657,82.41771744835415,67.9164064741799,83.46881696470476,59.156917033671505
TASHAUNGIPSON_19900807,Tashaun Gipson,DB,2025,SF,71.01375855947572,87.26755710363545,87.95935623976925,82.35667229465011,78.48889756279345,80.94643696871503,86.10956389283507,65.25845318064353
TONYBROWN_19950713,Tony Brown,DB,2025,CLE,66.57390256813102,90.87979470139447,90.72916794368865,85.01234003234048,81.36421901380254,70.39022144670321,81.32122339490151,60.49360222036802
TROYPRIDEJR_19980119,Troy Pride,DB,2025,DAL,71.10382185822482,90.0039926685842,91.49145487600754,84.73618689968747,83.45181761576839,72.86476297282502,83.65595139886064,58.24043528763946
,Reese Taylor,DB,2025,DEN,64.20631997048258,90.12039221251706,91.32189869847144,85.27349606363008,83.88816588276359,62.51427870592738,86.31453118741982,57.50248659012561
,Divaad Wilson,DB,2025,DET,63.32794188939687,89.37172503774082,90.9497017227389,83.962616452436,82.53682059177544,60.832938005222786,86.0028772268355,59.7399438676735
,Tanner McCalister,DB,2025,NYJ,63.42510678580146,89.66969530167773,91.12357930804944,84.42518000681467,83.16140422354329,61.09523353255872,85.855111376113,58.62323272923146
,Andre' Sam,DB,2025,PHI,63.70423253057487,88.0562813575064,90.47227627484381,84.66020269150134,83.10319644732931,61.68526011530071,86.54622272664221,59.74242900700614
,Jarius Monroe,DB,2025,NYJ,61.9840083463489,89.27973811912909,90.75723297106487,83.01952539358436,80.80247821058708,57.50600973207111,86.10565376470727,63.11070767648522
,Miles Battle,DB,2025,NE,61.1619933709261,89.89113453820579,91.16802292534197,83.29006365628095,81.07813043480434,56.722415962444074,86.88678964556871,61.585893437266975
,Reddy Steward,DB,2025,MIN,62.07685264494211,90.31325308697205,91.86545580466185,85.0583094048951,84.70443725066235,58.72189755216846,85.77548948825536,55.25101687220689
,Chris Edmonds,DB,2025,CLE,61.94309592448013,89.3215800928997,90.56853546098421,82.80959356655357,80.04004318026756,57.17549275107558,86.04331458314537,64.74764574525756
,Omar Brown,DB,2025,GB,62.70040112217157,89.07334662175549,90.73857180925137,83.27093924168656,81.34271048036396,58.64506393310671,86.05789608578931,62.48956887783601
,Millard Bradford,DB,2025,NO,63.914689939749564,90.55982458103875,91.74770953048665,84.9363352355436,84.3639273769956,60.20895893566899,88.1571467372841,56.860161053875686
,Jaylen Mahoney,DB,2025,SF,63.072198560057984,89.52773912984685,90.96022430115778,84.0567200234884,82.29727766331115,59.324947470827055,85.77140241590311,60.98609087130103
,Johnathan Baldwin,DB,2025,GB,61.78351965542754,89.40899781725693,91.29850344164328,84.27167507698117,84.08517868505817,55.962058878654716,85.50835439341411,59.15927488744052
,Tyron Herring,DB,2025,GB,62.10874736871784,89.43553494143373,90.98845973790588,83.83286765117698,82.24771080705762,56.32882606121552,87.0250490434912,62.487924062097136
,Alijah Clark,DB,2025,DAL,61.215582215040115,88.90845013354829,91.26325688046535,83.83385151532298,83.61274235580129,56.306002955024496,81.80104023885436,59.284841213887034
,Zy Alexander,DB,2025,SEA,60.98203396503931,88.37213282173764,90.93692117663812,83.43716856566103,82.92282233445047,56.29763034033067,79.99631443915541,60.832033560267575
,Isas Waxter,DB,2025,SEA,61.47194359885577,88.1060446895691,90.1608084689376,83.37378549543446,81.26481665375121,55.92778181975018,84.76580599899272,64.79097023209334
,Reuben Lowery,DB,2025,BAL,64.15669012480294,88.95851234849897,90.77187645054022,84.5903963610637,83.57789958393028,59.172450300266064,85.94132650052737,61.71615428868944
,Isaac Gifford,DB,2025,CAR,62.285372421370084,89.67766353495801,90.92770129215023,84.0349938662861,82.06101118091664,56.41952109331396,86.83202988248271,63.175035879236134
,Trevian Thomas,DB,2025,CAR,62.28891795488255,89.71719362250633,91.14303239985588,84.45662340970782,83.31388013382565,56.54719881302594,86.02153618717992,60.96414516299052
,John Saunders Jr.,DB,2025,MIA,61.48061180365846,89.25286505749676,90.57783824945153,83.01812383735798,80.73170426733196,54.752135183861355,86.32484970503988,65.59386799286415
,Fentrell Cypress II,DB,2025,WAS,61.851568146838986,90.00964067565377,91.56755044345272,84.74419910780014,84.04553292963942,56.48869523675694,86.90169004800431,58.64189960967667
,Robert McDaniel,DB,2025,WAS,61.90798371116233,89.22626535057003,90.74466676857804,83.29211221562251,81.24782684919711,55.78163167872526,87.12782492001129,64.36832299276114
,Car'lin Vigers,DB,2025,WAS,61.67021521692993,89.7419031331458,91.10696225588919,83.78029285260385,81.8112869435979,55.85400525633372,87.82023706761098,62.704528055346145
,Jabbar Muhammad,DB,2025,JAX,61.36520925791399,90.00692668540972,91.34873350108955,84.95191978060184,83.83501687292949,58.90513165358652,79.45029131507329,57.45463799126878
,Doneiko Slaughter,DB,2025,JAX,61.58489006744736,89.9036753339085,91.39047315061435,84.45956179599483,83.65895882086784,55.74047359433803,86.13565696751834,59.66681620109733
,Ladarius Tennison,DB,2025,IND,63.21930267171365,89.67155865733793,91.03697919466191,84.6984657565283,83.17697885487246,57.97978730744262,86.65359222411841,61.60407082895432
,Jordan Clark,DB,2025,NYJ,62.9509409051912,90.25165303896472,91.69330583687713,85.6955954754277,85.25756667990873,58.22364472924869,86.54883596391578,57.13766459051294
,Alijah Huzzie,DB,2025,HOU,62.68630856460925,90.10316328596758,91.26227946799901,84.94642948906244,83.47674076700105,57.30575124398729,86.58399521109023,60.68366279118965
,Roman Parodie,DB,2025,TB,61.791408087111165,88.98676303827716,90.78758440150324,83.25269948088531,81.8576052456101,55.606831749323646,86.45981962764701,63.302804616197534
,O'Donnell Fortune,DB,2025,NYG,61.50255665255082,89.77253824216086,91.69630792649343,83.8246131846865,83.4536064220452,56.582245066219,81.747133903559,59.32763357989535
,Makari Paige,DB,2025,NYG,60.70237528097772,89.12243864086611,90.64993730436925,82.55697739304605,80.47070624733402,53.72329655961698,86.59201378388431,65.38458896817241
,Hudson Clark,DB,2025,LV,61.63343950044674,89.81631462518243,91.28660361632097,84.16206581732749,82.88575919582394,55.85932460935783,86.98988710909849,60.86115063459124
,Greedy Vance,DB,2025,LV,62.83995655346206,90.00915640296842,91.69760550146799,85.61328360955237,85.72596222509458,58.00685067671452,85.87152930390936,56.38233710695977
,Keenan Garber,DB,2025,MIN,61.84217992045183,90.34982095583376,91.6091892998474,84.87701648591445,83.62598561204277,56.54657280353263,87.56191083673505,59.23034220642114
,Jermari Harris,DB,2025,TEN,61.56067505276877,89.9447751254682,91.43245405917537,83.87055512508542,83.2665164888121,55.15473030072599,86.53904983403206,60.52654730948126
,Jalen Kimber,DB,2025,TEN,61.59286682989807,90.2279120736959,91.46926586481322,84.63375702902725,83.39930127922628,55.88052740602552,86.81045657167475,59.91640670359146
,Sebastian Castro,DB,2025,PIT,63.373666904630454,87.12861400813011,90.26666426318599,82.76233706072607,80.37146995270547,60.288807681474964,79.93381401064958,63.05998474452218
,Elliott Davison,DB,2025,NO,62.02105902946664,89.54385591608411,91.36265505053956,84.43065754781213,84.0105903906927,56.50393390812064,86.23592847540655,59.12225337753131
,Cobee Bryant,DB,2025,ATL,61.23054594916454,90.17981080419139,91.79568627085064,84.90832969823894,84.83219731168174,55.638047242545554,86.16006382275357,56.937502887118626
,Jakob Robinson,DB,2025,SF,62.194818051244795,90.48596537154464,91.82928501422361,85.57440029696048,85.12297603908621,57.17039077583172,86.6192202979767,56.85689191137146
,Brandon Crossley,DB,2025,NE,61.982871849046205,90.2826844280878,91.66272798156456,85.11944312368233,84.4058577836804,56.707184639606794,86.74059890978116,58.11690905601483
,Jordan Polk,DB,2025,NE,62.18888702760398,90.11920422050571,91.49654322398504,84.93567638936815,83.988381776592,56.86066512130242,86.74561302148085,59.12838301813355
,Josh Minkins,DB,2025,NE,61.532706770169966,89.20503443631907,90.68929982286369,83.14225740211228,81.21137359519685,54.998663918591774,86.36858615131726,64.57731171011233
,Keyon Martin,DB,2025,BAL,62.52831917530432,90.57764153225361,92.25591905151111,86.31900245466528,86.95932272617699,58.208830626427925,86.59989339415303,53.224910106973766
,Derrick Canteen,DB,2025,SF,62.53204860124373,89.8490573976299,91.1685660404176,84.57270674940062,83.09790898823292,57.04707971935977,86.73980890153013,61.23731454609174
MARSHONLATTIMORE_19960520,Marshon Lattimore,DB,2025,WAS,86.0,90.0,92.0,89.0,89.0,87.0,91.0,72.0
MARCUSEPPS_19960127,Marcus Epps,DB,2025,NE,77.0,87.0,88.0,88.0,82.0,79.0,91.0,63.0
MICHAELCARTERII_19990308,Michael Carter II,DB,2025,NYJ,77.0,92.0,93.0,86.0,82.0,77.0,85.0,55.0
ANDREWWINGARD_19961205,Andrew Wingard,DB,2025,JAX,74.0,86.0,90.0,86.0,83.0,77.0,87.0,55.0
IFEATUMELIFONWU_19990502,Ifeatu Melifonwu,DB,2025,MIA,74.0,88.0,90.0,83.0,82.0,77.0,95.0,64.0
JAMALADAMS_19951017,Jamal Adams,DB,2025,LV,74.0,87.0,87.0,83.0,85.0,71.0,81.0,77.0
DAMONTAEKAZEE_19930605,Damontae Kazee,DB,2025,CLE,73.0,87.0,86.0,87.0,85.0,77.0,82.0,68.0
JEREMYREAVES_19960829,Jeremy Reaves,DB,2025,WAS,73.0,86.0,85.0,76.0,74.0,75.0,76.0,61.0
KRISABRAMS-DRAINE_20011004,Kris Abrams-Draine,DB,2025,DEN,73.0,91.0,93.0,91.0,90.0,67.0,81.0,40.0
RICHIEGRANT_19971109,Richie Grant,DB,2025,SF,73.0,86.0,91.0,89.0,82.0,76.0,83.0,58.0
SYDNEYBROWN_20000321,Sydney Brown,DB,2025,PHI,73.0,90.0,95.0,83.0,79.0,72.0,94.0,69.0
CAELENCARSON_20020303,Caelen Carson,DB,2025,DAL,72.0,88.0,93.0,89.0,88.0,72.0,85.0,52.0
DARNAYHOLMES_19980623,Darnay Holmes,DB,2025,LV,72.0,90.0,89.0,89.0,88.0,73.0,87.0,56.0
DARRICKFORREST_19990522,Darrick Forrest,DB,2025,BUF,72.0,91.0,93.0,86.0,78.0,68.0,92.0,67.0
K'VONWALLACE_19970725,K'Von Wallace,DB,2025,NYG,72.0,87.0,90.0,89.0,86.0,72.0,90.0,64.0
DAMARRIMATHIS_19990412,Damarri Mathis,DB,2025,DEN,71.0,93.0,93.0,84.0,83.0,70.0,97.0,61.0
DANEJACKSON_19961129,Dane Jackson,DB,2025,BUF,71.0,88.0,88.0,86.0,88.0,75.0,84.0,54.0
ISRAELMUKUAMU_19991128,Israel Mukuamu,DB,2025,DAL,71.0,88.0,90.0,79.0,77.0,72.0,87.0,65.0
KEI'TRELCLARK_20010319,Kei'Trel Clark,DB,2025,ARI,71.0,92.0,95.0,90.0,87.0,70.0,83.0,51.0
NICKSCOTT_19950517,Nick Scott,DB,2025,CAR,71.0,90.0,93.0,82.0,82.0,75.0,92.0,64.0
ROCKYA-SIN_19960523,Rock Ya-Sin,DB,2025,DET,71.0,90.0,88.0,85.0,83.0,67.0,93.0,68.0
TAVIERRETHOMAS_19960311,Tavierre Thomas,DB,2025,MIN,71.0,90.0,90.0,79.0,78.0,75.0,81.0,55.0
ALEXAUSTIN_20010522,Alex Austin,DB,2025,NE,70.0,88.0,90.0,85.0,83.0,76.0,80.0,49.0
CAMERONMITCHELL_20010908,Cameron Mitchell,DB,2025,CLE,70.0,90.0,93.0,87.0,89.0,68.0,84.0,61.0
DADRIONTAYLOR-DEMERSON_20010120,Dadrion Taylor-Demerson,DB,2025,ARI,70.0,92.0,93.0,85.0,86.0,65.0,90.0,57.0
TREHAWKINSIII_20000801,Tre Hawkins III,DB,2025,NYG,70.0,92.0,94.0,91.0,87.0,66.0,89.0,63.0
JAYWARD_20000713,Jay Ward,DB,2025,MIN,69.0,87.0,93.0,79.0,83.0,69.0,86.0,58.0
JOSHBUTLER_19961125,Josh Butler,DB,2025,DAL,69.0,91.0,93.0,83.0,85.0,65.0,86.0,56.0
NEHEMIAHPRITCHETT_20010211,Nehemiah Pritchett,DB,2025,SEA,69.0,94.0,92.0,85.0,86.0,64.0,83.0,50.0
ROBERTROCHELL_19980426,Robert Rochell,DB,2025,DAL,69.0,92.0,92.0,91.0,90.0,69.0,94.0,55.0
AMANIORUWARIYE_19960209,Amani Oruwariye,DB,2025,TEN,68.0,88.0,85.0,85.0,84.0,74.0,87.0,65.0
D'ANTHONYBELL_19961017,D'Anthony Bell,DB,2025,SEA,68.0,89.0,89.0,83.0,81.0,65.0,86.0,66.0
DEANELEONARD_19991120,Deane Leonard,DB,2025,LAC,68.0,93.0,94.0,82.0,86.0,60.0,80.0,60.0
DELLPETTUS_20010602,Dell Pettus,DB,2025,NE,68.0,89.0,91.0,83.0,79.0,67.0,81.0,64.0
DONTEKENT_20010928,Donte Kent,DB,2025,PIT,68.0,93.0,93.0,79.0,81.0,61.0,91.0,56.0
KORIEBLACK_20020622,Korie Black,DB,2025,NYG,68.0,94.0,91.0,83.0,83.0,62.0,92.0,58.0
MYLESBRYANT_19980102,Myles Bryant,DB,2025,HOU,68.0,91.0,87.0,88.0,91.0,71.0,77.0,52.0
THEOJACKSON_19981002,Theo Jackson,DB,2025,MIN,68.0,90.0,92.0,76.0,81.0,71.0,88.0,58.0
TREMONSMITH_19960720,Tremon Smith,DB,2025,HOU,68.0,91.0,94.0,83.0,84.0,68.0,82.0,58.0
TREYTAYLOR_20010130,Trey Taylor,DB,2025,LV,68.0,86.0,88.0,87.0,87.0,64.0,89.0,70.0
C.J.GOODWIN_19900204,C.J. Goodwin,DB,2025,DAL,67.0,93.0,94.0,81.0,79.0,60.0,89.0,66.0
KITANOLADAPO_20001020,Kitan Oladapo,DB,2025,GB,67.0,86.0,89.0,79.0,78.0,62.0,86.0,68.0
KRISBOYD_19960912,Kris Boyd,DB,2025,NYJ,67.0,90.0,88.0,85.0,87.0,70.0,87.0,65.0
MICAHROBINSON_20020205,Micah Robinson,DB,2025,GB,67.0,92.0,94.0,79.0,78.0,64.0,84.0,58.0
QWAN'TEZSTIGGERS_20010802,Qwan'tez Stiggers,DB,2025,NYJ,67.0,91.0,94.0,83.0,81.0,60.0,86.0,60.0
SHEMARJEAN-CHARLES_19980620,Shemar Jean-Charles,DB,2025,SEA,67.0,88.0,87.0,84.0,85.0,69.0,84.0,61.0
TRIKWEZEBRIDGES_20000920,Trikweze Bridges,DB,2025,LAC,67.0,91.0,94.0,83.0,80.0,64.0,83.0,62.0
DAIJAHNANTHONY_20000909,Daijahn Anthony,DB,2025,CIN,66.0,88.0,92.0,87.0,88.0,59.0,88.0,56.0
DANIELTHOMAS_19980701,Daniel Thomas,DB,2025,JAX,66.0,87.0,89.0,81.0,81.0,67.0,88.0,65.0
DANJACKSON_20001130,Dan Jackson,DB,2025,DET,66.0,91.0,93.0,80.0,83.0,62.0,82.0,62.0
JALYNARMOUR-DAVIS_19990903,Jalyn Armour-Davis,DB,2025,BAL,66.0,93.0,94.0,81.0,82.0,56.0,87.0,60.0
JLSKINNER_20010416,JL Skinner,DB,2025,DEN,66.0,89.0,91.0,87.0,77.0,61.0,86.0,59.0
KITANCRAWFORD_20011231,Kitan Crawford,DB,2025,ARI,66.0,92.0,90.0,83.0,86.0,62.0,95.0,64.0
RICOPAYTON_19991128,Rico Payton,DB,2025,NO,66.0,86.0,91.0,86.0,90.0,66.0,88.0,58.0
SAMWEBB_19980519,Sam Webb,DB,2025,LV,66.0,90.0,92.0,85.0,85.0,60.0,96.0,58.0
SANOUSSIKANE_20011006,Sanoussi Kane,DB,2025,BAL,66.0,88.0,91.0,81.0,81.0,61.0,87.0,58.0
SIRANNEAL_19940804,Siran Neal,DB,2025,SF,66.0,90.0,86.0,81.0,80.0,64.0,92.0,60.0
ARTGREEN_20000429,Art Green,DB,2025,NYG,65.0,94.0,95.0,83.0,83.0,59.0,86.0,57.0
BRANDONCODRINGTON_20001117,Brandon Codrington,DB,2025,BUF,65.0,89.0,92.0,82.0,84.0,63.0,84.0,61.0
CHARLESWOODS_20000617,Charles Woods,DB,2025,LAR,65.0,86.0,85.0,87.0,85.0,68.0,79.0,55.0
HUNTERWOHLER_20030112,Hunter Wohler,DB,2025,IND,65.0,87.0,90.0,92.0,83.0,62.0,88.0,63.0
ISAIAHBOLDEN_19991216,Isaiah Bolden,DB,2025,NE,65.0,95.0,93.0,80.0,79.0,55.0,90.0,63.0
KEITHTAYLORJR_19981120,Keith Taylor,DB,2025,ATL,65.0,88.0,90.0,88.0,83.0,66.0,81.0,58.0
KOBEEMINOR_20020708,Kobee Minor,DB,2025,NE,65.0,87.0,90.0,78.0,78.0,68.0,86.0,55.0
TYCENANDERSON_19990613,Tycen Anderson,DB,2025,CIN,65.0,92.0,95.0,92.0,82.0,60.0,88.0,59.0
TYLEROWENS_20010512,Tyler Owens,DB,2025,WAS,65.0,93.0,94.0,79.0,76.0,62.0,93.0,63.0
TYREKFUNDERBURK_20001128,Tyrek Funderburk,DB,2025,TB,65.0,92.0,93.0,83.0,85.0,62.0,83.0,58.0
,Devon Key,DB,2025,DEN,65.0,86.0,89.0,79.0,83.0,64.0,90.0,66.0
JOEYBLOUNT_19981116,Joey Blount,DB,2025,ARI,64.0,92.0,94.0,87.0,80.0,62.0,90.0,65.0
JULIUSWOOD_20010502,Julius Wood,DB,2025,TEN,64.0,88.0,87.0,90.0,79.0,55.0,81.0,63.0
KHALILDORSEY_19980331,Khalil Dorsey,DB,2025,DET,64.0,92.0,91.0,87.0,86.0,59.0,84.0,51.0
AJFINLEY_20010914,AJ Finley,DB,2025,SEA,63.0,87.0,87.0,86.0,84.0,61.0,85.0,56.0
D'ANGELOROSS_19961029,D'Angelo Ross,DB,2025,HOU,63.0,92.0,94.0,78.0,78.0,61.0,92.0,59.0
ANDREWBOOTHJR_20000928,Andrew Booth,DB,2025,DAL,72.33605269654328,90.47480495110443,91.75381672532592,87.43567568332779,85.78037306709071,71.79767962877327,86.9609883631413,59.77816929438144
ANTONIOHAMILTON_19930124,Antonio Hamilton,DB,2025,ATL,69.60174340122535,88.53469127732052,90.48189328934319,84.29201401281352,81.13675521290723,75.93853698717146,86.6733356680725,58.842235639644045
ASANTESAMUELJR_19991003,Asante Samuel,DB,2025,LAC,72.41162940748183,91.7430322578374,92.29364494088668,88.62780070704221,87.1788270249531,73.96544082359583,85.27355216103152,53.53005240539541
CALEBFARLEY_19981102,Caleb Farley,DB,2025,CAR,72.95598541549845,90.38083452753563,91.0704930119121,86.19278451192363,84.88831841840685,73.63304232078713,87.31844608712015,62.509529981077506
CAMERONSUTTON_19950227,Cameron Sutton,DB,2025,PIT,73.51218537020384,88.14568087642266,90.68000144092531,87.01680896207051,84.21110722794147,79.92519610184229,83.99110629226192,56.976057913631664
CHRISTOPHERSMITHII_20000501,Chris Smith II,DB,2025,LV,67.50210982208137,87.56269241967146,90.30397087225435,85.04600624904384,84.24752841397508,66.49280055598592,82.56087903512244,63.2056540505245
COREYBALLENTINE_19960413,Corey Ballentine,DB,2025,GB,70.00039130688094,89.35476918313947,91.53985105971424,86.20149010131914,82.87784748566601,73.22680675292975,89.81189039107963,59.92330351225213
CORYTRICEJR_20000530,Cory Trice Jr.,DB,2025,PIT,65.53587713297486,89.88201808278018,91.346284882926,83.01996173592403,81.69595346116525,63.620731329985915,86.26014330346345,66.66472987907353
D.J.IVEY_20000225,D.J. Ivey,DB,2025,CIN,65.37634209093272,90.70671751555057,91.71098730210167,84.67183059808065,83.26636282674626,63.58612763205019,86.94563653410884,60.86508836504045
DAVIDLONGJR_19980206,David Long,DB,2025,IND,73.18770359347167,89.98333193236249,90.84482049099626,89.43349557895047,86.95998203972302,74.8744341401399,88.40553403739159,57.40769064984765
DAXTONHILL_20000929,Daxton Hill,DB,2025,CIN,72.89716017020407,92.06618601211579,92.36453936267088,88.9103491931321,87.61346684825467,72.1464312830575,83.35037514739193,59.758640716042024
DE'ANTREPRINCE_20001012,Deantre Prince,DB,2025,JAX,67.58455372201797,93.33198366926558,93.25128234045638,87.23288839530665,85.61277672163452,64.03761559850602,85.11045911216749,56.404202788857944
EMMANUELFORBESJR_20010113,Emmanuel Forbes,DB,2025,LAR,72.4422617216328,94.01161588219117,94.17366629716292,89.55134346118643,87.64302303344824,71.45188665511807,89.10872832204939,55.49500606453485
GEORGEODUM_19931103,George Odum,DB,2025,SF,67.95086161878595,88.47562569452913,90.00420404582968,82.93900236826886,80.10813115519572,70.62592367106754,86.62078218441843,63.49744876357674
GREGSTROMAN_19960308,Greg Stroman,DB,2025,NYG,69.61939355305782,89.23142423576411,90.90450590474956,84.32207818152682,80.55047770695838,73.33152515676534,83.32052588109869,56.01666873988616
JAYLONJONES_20020403,Jaylon Jones,DB,2025,ARI,65.6117677454045,90.47153061011443,91.54282474905642,85.0035873817009,82.67667176524465,64.23842564078518,86.38147517863561,58.97870120487268
JOHNJOHNSONIII_19951219,John Johnson,DB,2025,LAR,73.93778594323913,85.67313880799833,88.93618024579797,85.67098118763914,83.00378518042866,79.65072091005686,86.3264907118647,62.94486882579973
JUSTINHARDEESR_19940207,Justin Hardee,DB,2025,TEN,68.76407652467401,88.42293411162854,89.77779549851437,82.89989471527704,80.03504581466787,72.83867235157345,86.42240676839296,62.23637542023975
KEVINKING_19950505,Kevin King,DB,2025,ATL,74.35788197922903,89.66233681748969,90.39016818837257,88.79540800864467,86.77832746636444,78.05026487589612,89.7213205263892,58.79747322828986
LEVIWALLACE_19950612,Levi Wallace,DB,2025,JAX,68.07381435807696,86.68775911844148,90.07493896496936,84.46548676018088,82.45655031071301,74.34994833349708,82.55749927893558,58.48044528430519
LONNIEJOHNSONJR_19951104,Lonnie Johnson,DB,2025,LV,72.74835252618271,87.91246370999653,89.66680528638591,83.92616274436932,82.87597105701416,75.55935340398287,89.16450740443244,69.13605863223258
M.J.STEWARTJR_19950916,M.J. Stewart,DB,2025,HOU,74.67203341756073,87.57150816865908,89.26589032839269,84.26197308394191,81.87479326672896,78.36431221675423,84.56907470298654,65.5565126743975
MARCELLASDIALJR_20001206,Marcellas Dial Jr.,DB,2025,NE,66.63193890861186,91.78309018542558,92.31185917050487,86.72169993869383,84.49261299140981,62.74216149389076,90.88404905742863,57.55401540174124
MICHAELDAVIS_19950106,Michael Davis,DB,2025,WAS,68.95697180049297,88.49224958233617,90.18051425338143,83.56875212093414,80.91137420376826,73.5306085293521,86.7550411802577,60.69492564811743
MIKEFORD_19950804,Mike Ford,DB,2025,ATL,68.33354576548163,88.84570150984888,90.5708578574214,84.05966522816493,81.21622085487208,71.79425416963022,86.55001449670038,60.38100672571652
RODNEYTHOMASII_19990626,Rodney Thomas,DB,2025,IND,65.97963952610701,90.11311376951255,91.2983803889378,84.22875770591784,82.42014647773918,64.82517493180114,86.97310057958393,62.428155876386924
RONNIEHARRISONJR_19970418,Ronnie Harrison,DB,2025,IND,73.01057921342817,88.18634415368246,89.13391458456226,82.99818091926869,81.52683214902898,75.7361918020124,84.19044697927495,67.43017813340099
TARVARIUSMOORE_19960816,Tarvarius Moore,DB,2025,CHI,73.0413244828726,88.90054304520231,90.46348681653996,85.00184633524205,82.884430479307,77.29805799565383,87.15508383153087,63.4219686873959
TREAVERY_19970226,Tre Avery,DB,2025,NE,65.45011008402025,90.74084217237441,92.21359965753709,85.99271741279486,83.57380080579397,64.67920965239523,86.83162329390012,57.21969452032802
TROYHILL_19910829,Troy Hill,DB,2025,TB,70.31477950986272,86.45120488075617,90.24087010903469,84.91335508272996,81.50025439290015,78.99620193383453,82.28145503257468,58.89727600015736
DARONBLAND_19990712,DaRon Bland,DB,2025,DAL,87.0,90.0,92.0,84.0,86.0,86.0,86.0,60.0
JABRILLPEPPERS_19951004,Jabrill Peppers,DB,2025,NE,86.0,88.0,90.0,86.0,81.0,85.0,86.0,73.0
L'JARIUSSNEED_19970121,L'Jarius Sneed,DB,2025,TEN,84.0,94.0,93.0,87.0,86.0,84.0,93.0,60.0
TALANOAHUFANGA_20000201,Talanoa Hufanga,DB,2025,DEN,84.0,89.0,87.0,85.0,79.0,85.0,85.0,58.0
JAQUANBRISKER_19990420,Jaquan Brisker,DB,2025,CHI,83.0,89.0,91.0,86.0,84.0,83.0,91.0,68.0
GREGNEWSOMEII_20000518,Greg Newsome II,DB,2025,CLE,81.0,92.0,92.0,91.0,89.0,83.0,90.0,60.0
DJTURNERII_20001109,DJ Turner II,DB,2025,CIN,79.0,96.0,97.0,92.0,93.0,74.0,91.0,43.0
NATEWIGGINS_20030828,Nate Wiggins,DB,2025,BAL,79.0,96.0,95.0,92.0,90.0,71.0,86.0,49.0
SHAQUILLGRIFFIN_19950720,Shaquill Griffin,DB,2025,SEA,79.0,91.0,91.0,84.0,86.0,82.0,91.0,63.0
AHKELLOWITHERSPOON_19950321,Ahkello Witherspoon,DB,2025,LAR,78.0,89.0,92.0,86.0,84.0,82.0,92.0,56.0
TONYJEFFERSON_19920127,Tony Jefferson,DB,2025,LAC,78.0,87.0,85.0,79.0,78.0,81.0,81.0,74.0
AMIKROBERTSON_19980706,Amik Robertson,DB,2025,DET,77.0,88.0,91.0,90.0,89.0,82.0,86.0,56.0
JAYLENWATSON_19980917,Jaylen Watson,DB,2025,KC,77.0,93.0,92.0,82.0,86.0,76.0,90.0,66.0
JORDANFULLER_19980304,Jordan Fuller,DB,2025,ATL,77.0,89.0,85.0,79.0,81.0,84.0,85.0,59.0
AVONTEMADDOX_19960331,Avonte Maddox,DB,2025,DET,75.0,89.0,92.0,91.0,93.0,76.0,88.0,55.0
CLARKPHILLIPSIII_20011219,Clark Phillips III,DB,2025,ATL,75.0,89.0,94.0,89.0,90.0,74.0,80.0,60.0
JOSHUAWILLIAMS_19991017,Joshua Williams,DB,2025,KC,75.0,89.0,93.0,86.0,82.0,76.0,88.0,59.0
ASHTYNDAVIS_19961010,Ashtyn Davis,DB,2025,MIA,74.0,92.0,92.0,88.0,83.0,76.0,88.0,60.0
KAIIRELAM_20010505,Kaiir Elam,DB,2025,DAL,74.0,93.0,90.0,85.0,86.0,73.0,89.0,60.0
KELEERINGO_20020627,Kelee Ringo,DB,2025,PHI,74.0,94.0,95.0,84.0,83.0,70.0,81.0,58.0
MAXMELTON_20020415,Max Melton,DB,2025,ARI,74.0,93.0,94.0,85.0,85.0,69.0,94.0,60.0
TREBROWN_19970924,Tre Brown,DB,2025,SF,74.0,91.0,90.0,83.0,85.0,75.0,90.0,55.0
JA'MARCUSINGRAM_19970902,Ja'Marcus Ingram,DB,2025,BUF,73.0,90.0,93.0,82.0,83.0,75.0,86.0,68.0
JADENHICKS_20020816,Jaden Hicks,DB,2025,KC,73.0,89.0,91.0,87.0,84.0,70.0,89.0,67.0
JARRIANJONES_20010508,Jarrian Jones,DB,2025,JAX,73.0,93.0,93.0,88.0,84.0,69.0,93.0,43.0
JORDANHOWDEN_20000514,Jordan Howden,DB,2025,NO,73.0,89.0,93.0,88.0,84.0,72.0,93.0,58.0
NAZEEHJOHNSON_19980717,Nazeeh Johnson,DB,2025,KC,73.0,93.0,94.0,84.0,82.0,73.0,95.0,56.0
UGOAMADI_19970516,Ugo Amadi,DB,2025,NO,73.0,90.0,88.0,82.0,84.0,71.0,82.0,62.0
COLEBISHOP_20021024,Cole Bishop,DB,2025,BUF,72.0,91.0,93.0,84.0,81.0,68.0,92.0,64.0
DORIANSTRONG_20020314,Dorian Strong,DB,2025,BUF,72.0,89.0,91.0,96.0,92.0,67.0,86.0,60.0
JA'SIRTAYLOR_19990108,Ja'Sir Taylor,DB,2025,LAC,71.0,92.0,93.0,89.0,86.0,73.0,88.0,53.0
JAMESPIERRE_19960916,James Pierre,DB,2025,PIT,71.0,91.0,89.0,83.0,82.0,73.0,81.0,60.0
JOSHNEWTON_20000914,Josh Newton,DB,2025,CIN,71.0,89.0,90.0,85.0,89.0,68.0,82.0,61.0
MACMCWILLIAMS_20011129,Mac McWilliams,DB,2025,PHI,71.0,92.0,93.0,86.0,86.0,67.0,82.0,59.0
PERCYBUTLER_20000529,Percy Butler,DB,2025,WAS,71.0,92.0,95.0,83.0,84.0,72.0,84.0,57.0
CHAUSMITH-WADE_20020917,Chau Smith-Wade,DB,2025,CAR,70.0,88.0,92.0,86.0,84.0,73.0,83.0,57.0
DENZELBURKE_20021010,Denzel Burke,DB,2025,ARI,70.0,90.0,92.0,84.0,82.0,72.0,85.0,61.0
KINDLEVILDOR_19971211,Kindle Vildor,DB,2025,TB,70.0,89.0,88.0,89.0,88.0,77.0,93.0,56.0
ZAHFRAZIER_20001005,Zah Frazier,DB,2025,CHI,70.0,94.0,96.0,82.0,84.0,65.0,88.0,56.0
BILHALKONE_20020303,Bilhal Kone,DB,2025,BAL,69.0,91.0,92.0,87.0,82.0,66.0,84.0,58.0
JASONMARSHALLJR._20020906,Jason Marshall Jr.,DB,2025,MIA,69.0,89.0,93.0,88.0,84.0,69.0,88.0,60.0
JORDANHANCOCK_20030812,Jordan Hancock,DB,2025,BUF,69.0,91.0,94.0,82.0,81.0,71.0,95.0,60.0
JOSHHAYES_19990404,Josh Hayes,DB,2025,TB,69.0,91.0,91.0,81.0,77.0,69.0,78.0,58.0
MARQUESSIGLE_20020718,Marques Sigle,DB,2025,SF,69.0,92.0,92.0,84.0,81.0,64.0,90.0,64.0
ROBERTLONGERBEAM_20010118,Robert Longerbeam,DB,2025,BAL,69.0,93.0,92.0,85.0,87.0,65.0,87.0,57.0
TERELLSMITH_19990727,Terell Smith,DB,2025,CHI,69.0,92.0,95.0,83.0,81.0,64.0,82.0,63.0
DANTETRADERJR._20030213,Dante Trader Jr.,DB,2025,MIA,67.0,84.0,91.0,81.0,82.0,66.0,81.0,62.0
JAYLENMCCOLLOUGH_20001012,Jaylen McCollough,DB,2025,LAR,67.0,85.0,88.0,77.0,75.0,71.0,80.0,63.0
JAYLINNHAWKINS_19970825,Jaylinn Hawkins,DB,2025,NE,67.0,88.0,88.0,82.0,78.0,65.0,85.0,63.0
R.J.MICKENS_20010710,R.J. Mickens,DB,2025,LAC,67.0,89.0,91.0,81.0,80.0,64.0,95.0,63.0
JOSHWALLACE_20000705,Josh Wallace,DB,2025,LAR,66.0,86.0,91.0,83.0,83.0,65.0,83.0,60.0
JUANYEHTHOMAS_20000624,Juanyeh Thomas,DB,2025,DAL,66.0,87.0,92.0,76.0,84.0,64.0,82.0,65.0
RAYUANLANEIII_20030721,Rayuan Lane III,DB,2025,JAX,66.0,87.0,85.0,79.0,79.0,72.0,88.0,59.0
ZAYNEANDERSON_19970103,Zayne Anderson,DB,2025,GB,66.0,90.0,89.0,90.0,84.0,60.0,82.0,59.0
DEMANIRICHARDSON_20001007,Demani Richardson,DB,2025,CAR,65.0,86.0,92.0,78.0,77.0,65.0,79.0,64.0
JOSHBLACKWELL_19990405,Josh Blackwell,DB,2025,CHI,65.0,94.0,92.0,91.0,84.0,56.0,88.0,53.0
,Mike Brown,DB,2025,TEN,64.0,89.0,88.0,83.0,78.0,62.0,80.0,66.0
ELIJAHCAMPBELL_19950824,Elijah Campbell,DB,2025,MIA,63.0,90.0,84.0,84.0,81.0,62.0,92.0,61.0
STORMDUCK_20001215,Storm Duck,DB,2025,MIA,63.0,91.0,92.0,80.0,86.0,62.0,92.0,63.0
TRISTINMCCOLLUM_19990503,Tristin McCollum,DB,2025,PHI,62.0,90.0,93.0,92.0,90.0,51.0,89.0,57.0
CHRISLAMMONS_19960131,Chris Lammons,DB,2025,IND,72.14512416598936,88.90109620467331,90.95762440092341,85.4759445377972,83.92579740666292,78.46220069880962,86.51948978422772,58.82720346515276
CHRISROLAND-WALLACE_20011123,Christian Roland-Wallace,DB,2025,KC,68.197183572115,89.89666519407041,91.17091253424405,83.94650896995472,83.30461310178634,67.8481814999169,86.18497182600356,62.25993913870519
ISAIAHRODGERS_19980107,Isaiah Rodgers,DB,2025,MIN,72.46060499538788,90.85328926170445,92.46515182089172,88.07872848286638,87.36143973605931,77.56779914133915,87.55709381645968,55.04043574586245
MARCUSMAYE_19930309,Marcus Maye,DB,2025,LAC,78.4163770614046,88.49057076453954,90.59406208489833,85.72457681538583,83.02870237204814,85.13067749211802,87.16389035107704,67.08942584724088
RONNIEHICKMAN_20011011,Ronnie Hickman Jr.,DB,2025,CLE,68.25984726980872,89.46373634253206,90.94132997445962,82.44238760098085,80.6040402450709,68.26937866958167,86.46895379786619,64.21003400387502
JAHDAEBARRON_20011204,Jahdae Barron,DB,2025,DEN,78.0,93.0,92.0,88.0,91.0,78.0,84.0,54.0
MAXWELLHAIRSTON_20030806,Maxwell Hairston,DB,2025,BUF,78.0,96.0,93.0,94.0,95.0,70.0,93.0,59.0
BENJAMINMORRISON_20040311,Benjamin Morrison,DB,2025,TB,75.0,92.0,94.0,91.0,89.0,68.0,92.0,57.0
MEKHIBLACKMON_19990318,Mekhi Blackmon,DB,2025,MIN,75.0,90.0,95.0,90.0,89.0,73.0,86.0,55.0
TREYAMOS_20020303,Trey Amos,DB,2025,WAS,75.0,91.0,92.0,83.0,82.0,75.0,85.0,64.0
WILLJOHNSON_20030329,Will Johnson,DB,2025,ARI,75.0,89.0,90.0,86.0,83.0,78.0,89.0,62.0
MIKEHUGHES_19970211,Mike Hughes,DB,2025,ATL,74.0,88.0,90.0,90.0,87.0,77.0,85.0,66.0
NICKEMMANWORI_20040207,Nick Emmanwori,DB,2025,SEA,74.0,93.0,93.0,83.0,81.0,74.0,96.0,70.0
DERIONKENDRICK_20000824,Derion Kendrick,DB,2025,LAR,73.0,85.0,90.0,87.0,85.0,77.0,81.0,59.0
ANDREWMUKUBA_20021207,Andrew Mukuba,DB,2025,PHI,72.0,91.0,91.0,82.0,84.0,70.0,85.0,64.0
AMBRYTHOMAS_19990909,Ambry Thomas,DB,2025,MIN,71.0,91.0,90.0,82.0,82.0,72.0,90.0,61.0
CRAIGWOODSON_20010220,Craig Woodson,DB,2025,NE,71.0,91.0,92.0,85.0,85.0,68.0,86.0,59.0
ELIJAHJONES_20000108,Elijah Jones,DB,2025,ARI,71.0,91.0,93.0,82.0,86.0,61.0,96.0,48.0
TERRELLBURGESS_19981112,Terrell Burgess,DB,2025,NO,71.0,89.0,89.0,87.0,87.0,72.0,81.0,62.0
SHAUNWADE_19980916,Shaun Wade,DB,2025,CHI,70.0,90.0,92.0,83.0,80.0,70.0,89.0,60.0
DEMARCCOHELLAMS_20000605,DeMarcco Hellams,DB,2025,ATL,69.0,87.0,92.0,76.0,74.0,69.0,76.0,70.0
TYLERHALL_19981031,Tyler Hall,DB,2025,SEA,69.0,91.0,86.0,83.0,83.0,68.0,90.0,56.0
DANIELSCOTT_19981026,Daniel Scott,DB,2025,IND,68.0,91.0,93.0,91.0,86.0,64.0,93.0,67.0
JAYLENREED_20030129,Jaylen Reed,DB,2025,HOU,68.0,89.0,92.0,85.0,84.0,65.0,81.0,67.0
JAYLINSIMPSON_20000317,Jaylin Simpson,DB,2025,NYJ,67.0,90.0,92.0,83.0,80.0,60.0,93.0,53.0
PARRYNICKERSON_19941011,Parry Nickerson,DB,2025,PHI,67.0,89.0,92.0,84.0,81.0,60.0,81.0,55.0
ZECHMCPHEARSON_19980321,Zech McPhearson,DB,2025,JAX,67.0,88.0,93.0,88.0,90.0,67.0,93.0,60.0
DAMARIONWILLIAMS_19980715,Damarion Williams,DB,2025,SEA,66.0,88.0,93.0,83.0,90.0,62.0,83.0,57.0
ISAIAHDUNN_19990131,Isaiah Dunn,DB,2025,GB,66.0,92.0,91.0,88.0,83.0,65.0,85.0,59.0
JAYLENKEY_20000229,Jaylen Key,DB,2025,CIN,66.0,87.0,91.0,82.0,88.0,66.0,87.0,53.0
CHASELUCAS_19970304,Chase Lucas,DB,2025,SF,65.0,90.0,94.0,90.0,89.0,61.0,92.0,54.0
DELARRINTURNER-YELL_19991216,Delarrin Turner-Yell,DB,2025,DEN,65.0,90.0,92.0,85.0,78.0,66.0,85.0,53.0
GREGORYJUNIOR_19990621,Gregory Junior,DB,2025,GB,65.0,91.0,87.0,84.0,86.0,63.0,93.0,64.0
KALENKING_20030128,Kalen King,DB,2025,GB,65.0,87.0,91.0,87.0,90.0,66.0,88.0,47.0
REJZOHNWRIGHT_20000904,Rejzohn Wright,DB,2025,NO,65.0,89.0,92.0,84.0,81.0,63.0,89.0,53.0
ALLANGEORGE_19990716,Allan George,DB,2025,WAS,64.0,89.0,94.0,85.0,83.0,57.0,94.0,61.0
JOSHTHOMPSON_19981020,Josh Thompson,DB,2025,ATL,64.0,92.0,92.0,89.0,90.0,64.0,89.0,61.0
MARQUISEROBINSON_20020716,Marquise Robinson,DB,2025,BAL,64.0,91.0,93.0,79.0,81.0,56.0,83.0,64.0
NIKKOREED_20030303,Nikko Reed,DB,2025,LAC,64.0,90.0,91.0,85.0,80.0,56.0,78.0,62.0
QUINDELLJOHNSON_19991105,Quindell Johnson,DB,2025,PIT,64.0,88.0,91.0,81.0,81.0,63.0,79.0,61.0
RASHADWISDOM_20010606,Rashad Wisdom,DB,2025,TB,64.0,87.0,92.0,87.0,88.0,61.0,88.0,57.0
COREYTHORNTON_20010130,Corey Thornton,DB,2025,CAR,63.0,85.0,91.0,77.0,85.0,58.0,79.0,55.0
D'SHAWNJAMISON_19990604,D'Shawn Jamison,DB,2025,PIT,63.0,89.0,91.0,91.0,85.0,61.0,80.0,55.0
JOHNHUMPHREY_20020704,John Humphrey,DB,2025,LV,63.0,88.0,92.0,73.0,87.0,55.0,92.0,57.0
MAJORBURNS_20020522,Major Burns,DB,2025,CHI,63.0,89.0,92.0,79.0,77.0,60.0,89.0,61.0
MYLESPURCHASE_20021126,Myles Purchase,DB,2025,LAC,63.0,89.0,92.0,71.0,77.0,57.0,84.0,61.0
NATEVALCARCEL_20020523,Nate Valcarcel,DB,2025,LAR,63.0,88.0,92.0,87.0,89.0,59.0,83.0,58.0
SHAUNJOLLY_19981017,Shaun Jolly,DB,2025,LAR,63.0,89.0,90.0,87.0,90.0,57.0,87.0,44.0
DONOVANMCMILLON_20020618,Donovan McMillon,DB,2025,CLE,62.0,90.0,86.0,84.0,87.0,58.0,84.0,65.0
GLENDONMILLER_20020430,Glendon Miller,DB,2025,KC,62.0,91.0,92.0,81.0,83.0,56.0,90.0,63.0
NATEBROOKS_19960905,Nate Brooks,DB,2025,CIN,62.0,84.0,89.0,91.0,90.0,60.0,94.0,55.0
ANTHONYKENDALL_19991217,Anthony Kendall,DB,2025,CLE,61.0,91.0,87.0,83.0,80.0,53.0,93.0,59.0
JORDANOLADOKUN_20020729,Jordan Oladokun,DB,2025,LAC,61.0,85.0,86.0,83.0,84.0,58.0,76.0,59.0
KYLERMCMICHAEL_20000322,Kyler McMichael,DB,2025,PIT,61.0,89.0,88.0,85.0,79.0,53.0,94.0,60.0
DESMONDIGBINOSUN_20030220,Desmond Igbinosun,DB,2025,BAL,60.0,86.0,90.0,74.0,78.0,58.0,86.0,70.0
CAM'RONSILMON-CRAIG_20021030,Cam'Ron Silmon-Craig,DB,2025,JAX,59.0,83.0,83.0,76.0,78.0,60.0,75.0,59.0
A.J.GREENIII_19980609,A.J. Green,DB,2025,LAR,67.22827714014534,86.21438116262763,89.49426824323751,83.43257137621659,82.18397705292887,69.60615166680327,86.90181450343599,61.95044754594579
ALEXCOOK_19990521,Alex Cook,DB,2025,CHI,64.18808846017237,89.39974376968789,91.09596486650526,84.03105763992,83.56227967563535,62.67238751574314,86.69544978611567,60.955526139836024
ANTHONYAVERETT_19941130,Anthony Averett,DB,2025,HOU,71.83138269109145,91.00240150775241,91.2821779265737,85.63545930270259,83.18579405959264,76.02610615344202,81.6086448440707,55.810081116328774
ANTHONYJOHNSONJR_19990612,Anthony Johnson Jr.,DB,2025,NYG,64.95179157348878,87.92748885121622,90.13275334247311,83.69196252280734,83.00054788935677,63.75105896091986,87.05241129785837,63.74294938362823
BENNYSAPPIII_20000627,Benny Sapp,DB,2025,ATL,65.09191691748708,89.27289338244415,90.96933081261267,84.39051362671475,83.85647147421611,63.58443917950922,86.00575523192938,61.55732460680616
BRANDONHILL_20000906,Brandon Hill,DB,2025,HOU,65.49463697513227,90.30082245733738,91.18346657460131,84.7993597950153,84.05762417979469,64.46331608364949,84.20349832519969,59.99704617847874
BUBBABOLDEN_d_field,Bubba Bolden,DB,2025,MIN,64.24115767421608,88.2095284517213,89.20678663106986,82.47258680370619,81.26847750133419,63.97979132987507,85.38382478742935,64.22271607232784
BUMPCOOPERJR_20010831,Ryan Cooper Jr.,DB,2025,NYJ,64.08051285900535,90.09866800744854,91.69775054175545,85.15483781426275,85.16669169279322,61.68182438335475,85.97637973636107,59.00875341661708
C.J.HENDERSON_19980930,C.J. Henderson,DB,2025,PIT,73.77994667319996,90.60930282807308,91.11628346413505,85.01057229759145,83.04206772505506,74.86440726802562,88.61295984696298,69.09384177651782
CHRISTIANMATTHEW_19961026,Christian Matthew,DB,2025,DAL,65.54687717006317,89.00816261607238,90.86924817280902,83.6653905838447,82.88005623040783,65.05623950663585,87.70372438691832,62.351625097067995
CORNELLARMSTRONG_19950922,Cornell Armstrong,DB,2025,MIA,70.86635629173082,88.84969905185525,90.3951360165056,85.48928495035608,83.93338121228118,75.93766741433365,86.52149728558281,59.50944159483424
D.J.JAMES_20010305,DJ James,DB,2025,NE,65.32970124522217,91.75130108792607,92.61485507064486,86.04028847642036,86.05385344560489,62.81331539670077,86.50509100618574,57.28055747564116
DAEQUANHARDY_20010613,Daequan Hardy,DB,2025,BUF,66.47167251657902,92.76048417002508,92.71835921436377,88.2415103849294,88.38064232819943,64.85782683247135,91.73854124163812,53.55346698326423
DAMONARNETTEJR_19960902,Damon Arnette,DB,2025,HOU,73.65974284711086,88.19265514117691,90.13945069975716,86.37524608665915,85.4446981505273,77.33159572852696,87.88178734322392,63.55386180700583
EKOWBOYE-DOE_19991104,Ekow Boye-Doe,DB,2025,ARI,64.37044882226553,90.67014073932339,92.13807871022982,86.07756577543144,86.29099815383461,63.69155619820913,86.20739191037012,55.09600178617711
ELIJAHRILEY_d_field,Elijah Riley,DB,2025,NYG,67.61103865080747,88.03194805066315,89.7960265352009,83.38320933421163,81.68205837733615,69.2942773921211,85.95459739864039,64.13729512740434
ERICKHALLETTII_20000424,Erick Hallett,DB,2025,DET,66.82050686787449,90.15009224563144,91.80355702264592,85.70236801829631,85.50557692533943,65.60780904546459,86.75639694915608,59.60970320505834
ERICSCOTTJR_19990807,Eric Scott Jr.,DB,2025,KC,65.77103151276839,89.34274136979852,90.90173522887955,83.78989943374555,83.02452664570916,64.02660734053188,87.20294968726402,63.54157653233318
GRAYLANDARNOLD_19970904,Grayland Arnold,DB,2025,ATL,67.84830437694751,87.33200413101477,90.2189365285351,84.78257999705025,84.38660842249124,71.08564039735302,82.99764755735599,56.676258655513095
HENRYBLACK_d_field,Henry Black,DB,2025,ATL,67.47398839922982,88.00953884081767,89.83162135392735,83.51638777145541,81.99776284789095,69.28456403176506,86.36944857627293,63.64863448960199
JADENDAVIS_20010718,Jaden Davis,DB,2025,ARI,65.16251945612146,90.87515397219724,92.28387408270379,86.70001250576456,87.15696634822177,63.459884815435316,85.95230411647405,55.97714821290816
JASONTAYLORII_19991230,Jason Taylor,DB,2025,KC,66.25381786367848,88.98017614290879,90.58672280229968,84.77813970369864,83.70864072654769,64.8501735556788,93.14385698311155,61.60390374616645
JONATHANSUTHERLAND_19980809,Jonathan Sutherland,DB,2025,LV,64.8562044781321,88.98059786250369,90.79223645646817,84.2954401432763,83.95643966605013,63.50201080196098,86.73180207313251,61.75694519477884
JOSHUAHBLEDSOE_19981230,Joshuah Bledsoe,DB,2025,TEN,68.8242130853663,88.5585573649752,89.9942266185119,84.20924619051988,82.68483107997247,69.79911279899284,85.69055726871522,64.70185591782064
JTWOODS_20000610,JT Woods,DB,2025,LV,69.63652339264661,92.1672615349274,92.293975309617,85.67218707590395,84.26513380670195,68.41922690099909,90.51196397791249,61.191620107942526
LUQBARCOO_d_field,Luq Barcoo,DB,2025,DET,67.06292420361854,89.56400051571754,91.3977368546561,85.26459646567574,84.55333351238,69.11186500591111,86.9285029541483,57.202511867062924
MARIOGOODRICH_20000112,Mario Goodrich,DB,2025,NYJ,65.68920517898533,89.17011624733678,91.23677997608661,85.19088989918993,84.88013655931934,65.87272397515858,86.20707924328849,58.51841195969922
MICAHABRAHAM_20001211,Micah Abraham,DB,2025,CIN,65.80046855468595,90.80441101699617,92.26248141328557,86.25588479601983,86.47290876627113,63.76094552926679,86.46533151642682,57.78135121810459
MIKEREID_20020524,Michael Reid,DB,2025,CAR,62.48522215813006,89.49051113102061,90.72019376338699,83.86522072840609,83.25379601387039,57.62460054645089,84.98073139893594,60.38761114758222
MJDEVONSHIRE_20000912,M.J. Devonshire,DB,2025,CAR,64.84216244869282,90.60310479842147,92.01440780960297,85.93049092260105,86.09227540273145,62.887599491940364,86.0043670572156,57.60505276762461
RYANWATTS_20110701,Ryan Watts,DB,2025,PIT,65.15000451625383,88.52761054628834,90.22843241835517,83.90430747288923,82.88232245825753,62.44021739079676,90.20198477818748,65.14136508628513
STEVENGILMORE_19990917,Steven Gilmore,DB,2025,ARI,64.34165777441575,90.85574856451072,92.32429170542798,86.3486385438759,86.68957871579124,63.73880744083749,86.28513354591661,54.21329538849392
TRAYVONMULLENJR_19970920,Trayvon Mullen,DB,2025,BAL,73.26044893159923,89.52795505269594,90.91213453360041,85.11773448676566,83.44626653265203,75.96138608002252,85.7287572627153,63.941025777299046
TRE'VIUSHODGES-TOMLINSON_20011001,Tre Tomlinson,DB,2025,SF,65.66568732522859,90.81243626892078,92.40483776943717,87.18460670706241,87.67487798485428,65.04002632341212,85.75030972185876,54.17239320807329
TREYDEANIII_20000228,Trey Dean,DB,2025,CLE,64.2388937318907,84.59499163527155,88.57395442881142,82.71382384512808,83.02464285776705,64.94318314304178,86.36825738815989,71.90839004778888
,Marcel Dabo,DB,2025,IND,65.78070792531287,88.50856352490885,90.08977073047862,83.19578034093794,81.78715673336728,65.1728936017696,85.44140066939525,64.63667978281342
,Tanner Ingle,DB,2025,LAR,66.24211937032447,89.6420041537173,91.56872980388727,85.99431384884974,86.11450095887488,64.93550861698282,86.1809335961708,58.98627307870265
,Kaleb Hayes,DB,2025,GB,64.60828955367094,89.4832818613418,91.3031449844068,84.50756981631179,84.25338714611769,63.06155473455192,86.85032051624422,60.31282549244486
,NaJee Thompson,DB,2025,MIN,65.11963382040221,88.96238210628448,90.62646840745367,83.93729201575113,83.17416758174932,63.539479764603584,85.80034993197953,63.016395568691394
,Nick Whiteside,DB,2025,DET,64.40460020168757,89.23945740646437,90.95542558548561,83.63039059312243,82.89300203280482,62.55036799312256,86.39244674136717,62.357159094289045
,Azizi Hearn,DB,2025,KC,64.28513276460762,88.90595447003588,90.63190429247209,83.30963058762453,82.51740113295648,62.51259154593026,86.56397466536393,63.32151623457827
,Cameron McCutcheon,DB,2025,PIT,64.43285417707,88.99139785579084,90.69088788530706,83.26824340341847,82.35255980559299,62.50426266435511,86.25087327361896,63.5280477740734
,D.J. Miller,DB,2025,DET,63.70053538450429,89.7317372115929,91.46833822550303,84.43230975054794,84.3364489508653,60.99982145644708,86.61570360041503,60.51556195087244
,Te'Cory Couch,DB,2025,BUF,63.869305280864296,90.99074362096482,92.48753272991962,87.14694281876382,88.15121821225381,62.643789897918396,86.48955213987749,53.13626492764223
,Keni-H Lovely,DB,2025,ARI,63.51812179298963,89.72125310396635,91.17577150704477,84.41940677854166,84.17442234801388,61.3039553617059,85.93318043406495,60.40660464258957
,Jordan Colbert,DB,2025,MIA,62.93560417643846,88.59175372393483,89.9679072782751,82.05562892337066,80.80587887314044,60.0882231139708,85.63584887541455,66.36922314163718
,Isaiah Johnson,DB,2025,MIA,63.05949925534998,86.7493554051405,89.79486765533494,82.75664749264524,82.13841535435131,61.35865760663296,88.68864311089798,65.12212173040496
,Mark Perry,DB,2025,TEN,63.84104385115546,88.65225851314963,90.07624733932391,82.6883081739443,81.52565566748649,60.996837036155284,85.13764981783308,66.10647476230491
,Alex Johnson,DB,2025,IND,63.61393790315935,90.51183146756537,92.03589953079222,85.40333684905711,85.56547015467095,61.36797149400968,86.1425738954148,57.315729888233534
,Emany Johnson,DB,2025,LAC,63.16225000637081,88.43204981113499,89.8436217038365,81.6556787083513,80.14560270824603,59.949307263279934,85.37076378435201,67.77690927988414
,Marcus Banks,DB,2025,TB,63.854470662841436,90.21355165030357,92.03436496383455,84.96516870543428,85.07219729886395,60.968189189635495,86.73344562287336,58.901917709782026
,Michael Dowell,DB,2025,SEA,63.304060682914496,88.54747611249795,89.93716945331079,82.34640809835255,81.16825562343138,60.56416380085079,85.47346617270932,66.27262113948046
,PJ Jules,DB,2025,CIN,63.806952367094766,89.39934941728873,90.95112897276488,83.77833390194692,83.19198973880293,61.05067138210552,85.75195998950795,62.62407464191989
,Lance Robinson,DB,2025,CIN,64.2346059138365,90.46448366117968,92.12085081773256,86.21058172108062,86.76579274693523,62.27520093741305,86.37232740721083,56.357789331603385
,Ben Nikkel,DB,2025,WAS,63.606478783976286,88.95391488203924,90.63158216976308,82.77114549711652,81.84774479138633,60.29666042892359,86.04829324726411,65.12903902537334
,A.J. Woods,DB,2025,PHI,64.87239289378442,90.5126388405823,92.34414106457547,86.46857569319398,87.07134590509708,62.54005680587875,86.35185875699386,56.54035707446377
,Jayden Price,DB,2025,NO,63.64916715467899,90.49932391492305,92.34780736139606,85.5487014265292,86.03419975014123,61.07102055646578,87.2020302857113,56.92997337492011
,Quinton Newsome,DB,2025,DEN,63.20440797054596,90.49132755182157,91.92329782445216,85.01861592570316,85.02522582737993,60.96076203327016,86.08945295117407,57.67630143731736
,Jason Maitre,DB,2025,MIA,64.16205607751147,90.27305133175534,91.77210075672417,85.93234063485485,86.27719740561668,62.39691297548461,85.9154062348032,57.17996389135169
,Tra Fluellen,DB,2025,NO,63.29828973553799,88.93923547053234,90.68151752923313,82.39359289154396,81.39751524345735,59.7204876874855,86.37435183988443,65.550142412392
,Brandon Johnson,DB,2025,PHI,62.815357162107205,89.5864386244024,91.07174407468028,83.83673651620651,83.25098128935826,57.312137759617144,85.35015317354113,60.703099995360446
,Zion Childress,DB,2025,DAL,62.70817210331501,89.5033250403421,91.07777530816946,83.88099102752508,83.4518285284667,57.25288132891251,85.81492638003051,60.52078119103925
,Bruce Harmon,DB,2025,DAL,62.570584779269836,89.41846410501054,91.0350454219153,83.92309504350924,83.62567133376632,57.244313882418055,86.1659457254614,60.3203028353376
,Mike Smith Jr.,DB,2025,DAL,62.70817210331501,89.5033250403421,91.07777530816946,83.88099102752508,83.4518285284667,57.25288132891251,85.81492638003051,60.52078119103925
,Jacobe Covington,DB,2025,KC,62.62709939597471,89.49866543695245,90.94774565552137,83.87525637329993,83.37981670497715,57.388051953471404,85.51158275054163,60.47235572069093
,Kevin Knowles,DB,2025,KC,62.764686720019995,89.58352637228396,90.99047554177525,83.83315235731581,83.20597389967747,57.396619399966994,85.16056340511065,60.672834076392746
,Melvin Smith Jr.,DB,2025,KC,62.62709939597471,89.49866543695245,90.94774565552137,83.87525637329993,83.37981670497715,57.388051953471404,85.51158275054163,60.47235572069093
,Major Williams,DB,2025,KC,62.48951207192971,89.41380450162094,90.90501576926715,83.917360389284,83.5536595102767,57.37948450697695,85.86260209597255,60.27187736498939
,LaMareon James,DB,2025,CLE,62.29696439199773,89.40273794357066,90.59619534422802,83.90374058549953,83.38263142948932,57.700514740304925,85.1421609759364,60.15686687291304
,Dom Jones,DB,2025,CLE,62.159377067952676,89.31787700823921,90.55346545797403,83.94584460148381,83.556474234789,57.69194729381002,85.49318032136745,59.95638851721134
,JaTravis Broughton,DB,2025,CAR,62.347634834085056,89.40565019568916,90.67746387713305,83.90732474439018,83.42763881917006,57.61603309995576,85.33175074436697,60.187132791880515
,Jack Henderson,DB,2025,CAR,62.48522215813006,89.49051113102061,90.72019376338699,83.86522072840609,83.25379601387039,57.62460054645089,84.98073139893594,60.38761114758222
,BJ Adams,DB,2025,MIA,62.59240721692248,89.57362471508091,90.71416252989798,83.82096621708753,83.05294877476211,57.6838569771553,84.51595819244672,60.569929951903305
,Ethan Robinson,DB,2025,MIA,62.59240721692248,89.57362471508091,90.71416252989798,83.82096621708753,83.05294877476211,57.6838569771553,84.51595819244672,60.569929951903305
,Johnathan Edwards,DB,2025,IND,62.53589260021755,89.49342338313923,90.80146229629202,83.86880488729676,83.29880340355129,57.540118906100815,85.17032116736667,60.41787706654975
,Wande Owens,DB,2025,BUF,62.286830303580416,89.40215549314686,90.57994163764698,83.90302375372144,83.37362995155297,57.71741106837544,85.10424302225039,60.15081368911956
,Daryl Porter,DB,2025,PIT,62.637233484392084,89.49924788737619,90.9639993621023,83.87597320507811,83.38881818291327,57.37115562540134,85.54950070422781,60.47840890448458
,Bralyn Lux,DB,2025,CIN,62.28098612896247,89.32486641332363,90.74850993694628,83.95444658282138,83.66449197002333,57.48919135697088,85.94819576560083,60.02902672273353
,Ian Kennelly,DB,2025,DET,62.50978024876457,89.41496940246836,90.9375231824294,83.91879405284038,83.57166246614923,57.34569185083683,85.93843800334471,60.283983732576246
,Dean Clark,DB,2025,NYJ,62.42870754142518,89.41030979907882,90.80749352978125,83.91305939861533,83.49965064265967,57.480862475396634,85.6350943738559,60.23555826222844
,Joshua Pickett,DB,2025,DEN,62.6329435705926,89.5759545167758,90.77917735622208,83.82383354420024,83.08895468650707,57.61627166487574,84.6676300071912,60.594142687077294
,Jaden Robinson,DB,2025,DEN,62.357768922502885,89.4062326461129,90.69371758371409,83.90804157616836,83.43664029710624,57.599136771885924,85.36966869805318,60.19318597567383
,Eric Rogers,DB,2025,LAC,62.505490334964804,89.49167603186791,90.75270117654895,83.86665439196231,83.27179896974275,57.59080789031054,85.05656730630817,60.399717515169186
,Jaylen Jones,DB,2025,LAC,62.64307765900986,89.57653696719947,90.795431062803,83.82455037597819,83.09795616444296,57.59937533680545,84.70554796087727,60.600195870870834
,Mishael Powell,DB,2025,MIN,62.438841629842614,89.41089224950244,90.82374723636224,83.91377623039345,83.50865212059591,57.4639661473268,85.67301232754194,60.24161144602198
,Garnett Hollis Jr.,DB,2025,GB,62.66763574964472,89.50099523864733,91.01276048184548,83.87812370041246,83.41582261672181,57.32046664119184,85.66325456528604,60.496568455865145
,Clarence Lewis,DB,2025,TEN,62.3375007456674,89.40506774526543,90.66121017055207,83.90660791261217,83.41863734123388,57.632929428025136,85.29383279068084,60.181079608087146
,Davion Ross,DB,2025,TEN,62.3375007456674,89.40506774526543,90.66121017055207,83.90660791261217,83.41863734123388,57.632929428025136,85.29383279068084,60.181079608087146
,Dalys Beanum,DB,2025,NO,62.8558935157771,89.58876842609729,91.13675890100444,83.83960384331898,83.28698720110316,57.24455244733758,85.50182498828565,60.727312730534265
,Dontae Manning,DB,2025,ATL,62.59669713072242,89.4969180856813,90.89898453577831,83.8731058779655,83.35281227116837,57.438740937681814,85.39782888948321,60.454196169310535
,Shaquan Loyal,DB,2025,CIN,62.55616077705241,89.49458828398659,90.83396970945421,83.87023855085297,83.31680635942365,57.506326249961376,85.24615707473876,60.42998343413677
,Jeremiah Walker,DB,2025,CHI,62.60683121913996,89.49750053610498,90.91523824235924,83.87382270974366,83.36181374910478,57.421844609611526,85.43574684316931,60.46024935310402
,Malik Dixon-Williams,DB,2025,LAR,62.550316602434634,89.41729920416324,91.00253800875356,83.92166137995285,83.60766837789407,57.278106538557495,86.09010981808922,60.308196467750236
,Max Hurleman,DB,2025,PIT,62.6372334843922,89.49924788737607,90.96399936210219,83.87597320507805,83.38881818291316,57.371155625402025,85.54950070422775,60.47840890448447
,TJ Moore,DB,2025,NYG,62.586563042304874,89.49633563525768,90.88273082919727,83.87238904618745,83.34381079323236,57.45563726575165,85.35991093579712,60.44814298551728
,Keydrain Calligan,DB,2025,SEA,62.444685804460164,89.48818132932584,90.655178937063,83.86235340129357,83.21779010212566,57.69218585873068,84.82905958419154,60.36339841240823
,R.J. Moten,DB,2025,NE,62.54602668863504,89.49400583356274,90.81771600287317,83.86952171907485,83.30780488148753,57.523222578031664,85.20823912105257,60.42393025034329
,Tyson Russell,DB,2025,DET,62.647367572809856,89.49983033779986,90.98025306868323,83.87669003685616,83.39781966084962,57.35425929733219,85.58741865791377,60.484462088278235
,Kam Alexander,DB,2025,SEA,62.30709848041539,89.40332039399428,90.61244905080895,83.90445741727774,83.39163290742539,57.683618412235546,85.1800789296226,60.162920056706525
,D.K. Kaufman,DB,2025,SEA,62.444685804460164,89.48818132932584,90.655178937063,83.86235340129357,83.21779010212566,57.69218585873068,84.82905958419154,60.36339841240823
JAIREALEXANDER_19970209,Jaire Alexander,DB,2025,BAL,91.0,91.0,93.0,92.0,94.0,88.0,85.0,60.0
CHARVARIUSWARD_19960516,Charvarius Ward,DB,2025,IND,87.0,90.0,86.0,85.0,84.0,93.0,87.0,65.0
CHIDOBEAWUZIE_19950524,Chidobe Awuzie,DB,2025,BAL,83.0,90.0,93.0,86.0,85.0,86.0,91.0,69.0
PAULSONADEBO_19990703,Paulson Adebo,DB,2025,NYG,82.0,91.0,91.0,92.0,87.0,82.0,87.0,64.0
NATEHOBBS_19990624,Nate Hobbs,DB,2025,GB,81.0,91.0,92.0,88.0,86.0,84.0,93.0,65.0
AR'DARIUSWASHINGTON_19991102,Ar'Darius Washington,DB,2025,BAL,80.0,84.0,87.0,81.0,84.0,85.0,89.0,57.0
KYLEDUGGER_19960322,Kyle Dugger,DB,2025,NE,80.0,89.0,88.0,86.0,83.0,80.0,92.0,77.0
KAMRENKINCHENS_20020929,Kamren Kinchens,DB,2025,LAR,78.0,86.0,88.0,84.0,80.0,82.0,84.0,59.0
MARCUSJONES_19981022,Marcus Jones,DB,2025,NE,78.0,92.0,95.0,92.0,93.0,76.0,87.0,48.0
ROGERMCCREARY_20000210,Roger McCreary,DB,2025,TEN,78.0,89.0,91.0,87.0,87.0,77.0,77.0,65.0
ADOREE'JACKSON_19950918,Adoree' Jackson,DB,2025,PHI,77.0,92.0,93.0,94.0,90.0,78.0,93.0,54.0
RENARDOGREEN_20001109,Renardo Green,DB,2025,SF,77.0,90.0,92.0,88.0,85.0,73.0,89.0,59.0
JONATHANOWENS_19950722,Jonathan Owens,DB,2025,CHI,76.0,91.0,91.0,83.0,85.0,78.0,93.0,66.0
JORDANBATTLE_20001214,Jordan Battle,DB,2025,CIN,76.0,88.0,92.0,77.0,79.0,77.0,75.0,63.0
MIKEHILTON_19940309,Mike Hilton,DB,2025,MIA,76.0,87.0,88.0,86.0,86.0,75.0,81.0,65.0
ERICSTOKES_19990301,Eric Stokes,DB,2025,LV,75.0,95.0,93.0,84.0,83.0,72.0,91.0,58.0
KOOL-AIDMCKINSTRY_20020930,Kool-Aid McKinstry,DB,2025,NO,75.0,90.0,92.0,91.0,87.0,71.0,83.0,53.0
TYKEESMITH_20010218,Tykee Smith,DB,2025,TB,75.0,90.0,92.0,83.0,80.0,73.0,86.0,58.0
AZAREYE'HTHOMAS_20040706,Azareye'h Thomas,DB,2025,NYJ,74.0,86.0,89.0,85.0,84.0,79.0,86.0,67.0
CARRINGTONVALENTINE_20010909,Carrington Valentine,DB,2025,GB,74.0,91.0,94.0,88.0,89.0,74.0,92.0,49.0
DARIENPORTER_20010106,Darien Porter,DB,2025,LV,74.0,96.0,94.0,92.0,90.0,69.0,86.0,61.0
JACOBPARRISH_20040229,Jacob Parrish,DB,2025,TB,74.0,94.0,93.0,89.0,89.0,64.0,89.0,65.0
SHAVONREVELJR._20010408,Shavon Revel Jr.,DB,2025,DAL,74.0,93.0,94.0,90.0,88.0,62.0,91.0,66.0
CALEBRANSAW_20021222,Caleb Ransaw,DB,2025,JAX,73.0,95.0,96.0,86.0,86.0,68.0,93.0,62.0
DANEBELTON_20001207,Dane Belton,DB,2025,NYG,73.0,91.0,93.0,87.0,86.0,74.0,87.0,63.0
EVANWILLIAMS_20010728,Evan Williams,DB,2025,GB,73.0,86.0,90.0,81.0,85.0,70.0,94.0,62.0
ISAACYIADOM_19960220,Isaac Yiadom,DB,2025,NO,73.0,89.0,90.0,85.0,86.0,74.0,83.0,54.0
NOHLWILLIAMS_20020923,Nohl Williams,DB,2025,KC,73.0,89.0,89.0,84.0,83.0,73.0,83.0,63.0
UPTONSTOUT_20020109,Upton Stout,DB,2025,SF,73.0,91.0,92.0,87.0,85.0,70.0,89.0,57.0
CAMHART_20001205,Cam Hart,DB,2025,LAC,72.0,91.0,92.0,80.0,81.0,69.0,93.0,59.0
CAMLEWIS_19970413,Cam Lewis,DB,2025,BUF,72.0,90.0,90.0,90.0,84.0,75.0,78.0,51.0
ISAIAHOLIVER_19960930,Isaiah Oliver,DB,2025,NYJ,72.0,89.0,88.0,84.0,87.0,74.0,93.0,59.0
JONASSANKER_20021123,Jonas Sanker,DB,2025,NO,72.0,90.0,89.0,82.0,87.0,70.0,87.0,58.0
QUINCYRILEY_20010526,Quincy Riley,DB,2025,NO,72.0,90.0,90.0,90.0,85.0,71.0,85.0,64.0
ANTONIOJOHNSON_20011029,Antonio Johnson,DB,2025,JAX,71.0,88.0,92.0,80.0,80.0,69.0,76.0,55.0
BRANDINECHOLS_19971016,Brandin Echols,DB,2025,PIT,71.0,92.0,93.0,88.0,88.0,72.0,95.0,52.0
JUSTINWALLEY_20020922,Justin Walley,DB,2025,IND,71.0,92.0,91.0,83.0,82.0,66.0,78.0,55.0
KEVINWINSTONJR._20031202,Kevin Winston Jr.,DB,2025,TEN,71.0,89.0,94.0,84.0,81.0,69.0,86.0,64.0
NOAHIGBINOGHENE_19991127,Noah Igbinoghene,DB,2025,WAS,71.0,91.0,91.0,88.0,87.0,68.0,93.0,61.0
BILLYBOWMANJR._20030129,Billy Bowman Jr.,DB,2025,ATL,70.0,92.0,92.0,89.0,88.0,63.0,85.0,61.0
JAYLINSMITH_20031105,Jaylin Smith,DB,2025,HOU,70.0,91.0,86.0,86.0,85.0,72.0,79.0,54.0
XAVIERWATTS_20011122,Xavier Watts,DB,2025,ATL,70.0,86.0,88.0,82.0,82.0,70.0,84.0,62.0
DECAMERIONRICHARDSON_20010316,Decamerion Richardson,DB,2025,LV,69.0,94.0,92.0,85.0,86.0,57.0,84.0,52.0
LATHANRANSOM_20020716,Lathan Ransom,DB,2025,CAR,69.0,86.0,91.0,83.0,80.0,68.0,87.0,66.0
ELIJAHHICKS_19991016,Elijah Hicks,DB,2025,CHI,68.0,88.0,90.0,77.0,75.0,70.0,84.0,58.0
MALACHIMOORE_20010913,Malachi Moore,DB,2025,NYJ,68.0,87.0,89.0,80.0,83.0,68.0,82.0,61.0
MILESKILLEBREW_19930510,Miles Killebrew,DB,2025,PIT,67.0,86.0,85.0,82.0,75.0,70.0,86.0,76.0
JOSHJOBE_19980409,Josh Jobe,DB,2025,SEA,66.0,90.0,90.0,80.0,79.0,67.0,84.0,63.0
KAEVONMERRIWEATHER_19991220,Kaevon Merriweather,DB,2025,TB,66.0,85.0,93.0,79.0,83.0,67.0,85.0,63.0
THOMASHARPER_20001105,Thomas Harper,DB,2025,LV,61.0,89.0,94.0,80.0,81.0,59.0,91.0,60.0
ANDRUPHILLIPS_20011130,Andru Phillips,DB,2025,NYG,74.10982898116646,92.57204661741363,93.81093654609691,88.77168917831384,89.46318731946604,74.38229539833355,93.58005474581056,55.95285681056009
DARYLWORLEY_19950222,Daryl Worley,DB,2025,TEN,80.66968797944281,85.00697072173514,87.69029351907506,83.81423010254933,81.92853959508045,91.31725685599554,85.74383682538488,68.73593309521806
JAKORIANBENNETT_20000823,Jakorian Bennett,DB,2025,PHI,73.71103632567417,93.89017330867594,93.66941269826555,87.0810207140416,87.15776308659801,73.33483915003467,91.68664229077848,56.851740916452684
JALENMILLS_19940406,Jalen Mills,DB,2025,NYJ,77.35924046833532,85.07950945263875,87.95580716061147,84.8459468023202,83.58011123721036,88.15742042365582,86.79011024463993,65.25573593117184
QUANDREDIGGS_19911107,Quandre Diggs,DB,2025,TEN,79.76377301564423,85.78520544501427,87.27972584664298,84.01093596536593,83.26621109904673,92.89752647478144,84.58356198254037,66.34209917906833
RODNEYMCLEODJR_19900623,Rodney McLeod,DB,2025,CLE,79.92638403823321,87.01719764866718,88.80360736336706,85.88031177889452,84.94247031974999,94.72102616570828,86.56796658429887,58.423088800677704
JAMELDEAN_19950101,Jamel Dean,DB,2025,TB,86.0,92.0,91.0,85.0,85.0,86.0,90.0,66.0
TREVONDIGGS_19970920,Trevon Diggs,DB,2025,DAL,84.0,91.0,89.0,86.0,86.0,91.0,95.0,69.0
JALENPITRE_19990603,Jalen Pitre,DB,2025,HOU,83.0,90.0,93.0,91.0,89.0,83.0,84.0,62.0
JIMMIEWARD_19910718,Jimmie Ward,DB,2025,HOU,83.0,89.0,88.0,84.0,80.0,86.0,90.0,54.0
JOSHMETELLUS_19980121,Josh Metellus,DB,2025,MIN,82.0,89.0,88.0,83.0,80.0,83.0,87.0,66.0
DARIOUSWILLIAMS_19930315,Darious Williams,DB,2025,LAR,80.0,90.0,93.0,85.0,83.0,85.0,90.0,54.0
GARRETTWILLIAMS_20010601,Garrett Williams,DB,2025,ARI,80.0,88.0,90.0,90.0,90.0,82.0,87.0,63.0
JOURDANLEWIS_19950831,Jourdan Lewis,DB,2025,JAX,79.0,89.0,88.0,85.0,84.0,84.0,85.0,67.0
ALOHIGILMAN_19970917,Alohi Gilman,DB,2025,LAC,78.0,87.0,83.0,88.0,85.0,84.0,78.0,63.0
JONATHANJONES_19930920,Jonathan Jones,DB,2025,WAS,78.0,92.0,90.0,85.0,86.0,80.0,87.0,63.0
RAYSHAWNJENKINS_19940125,Rayshawn Jenkins,DB,2025,CLE,78.0,88.0,87.0,80.0,81.0,80.0,88.0,72.0
TYSONCAMPBELL_20000317,Tyson Campbell,DB,2025,JAX,78.0,92.0,93.0,86.0,86.0,76.0,85.0,58.0
CHUCKCLARK_19950419,Chuck Clark,DB,2025,PIT,77.0,87.0,90.0,85.0,84.0,81.0,82.0,67.0
JI'AYIRBROWN_20000125,Ji'Ayir Brown,DB,2025,SF,77.0,86.0,91.0,85.0,84.0,77.0,85.0,64.0
CHAMARRICONNER_20000711,Chamarri Conner,DB,2025,KC,76.0,89.0,92.0,86.0,81.0,75.0,94.0,66.0
JUANTHORNHILL_19951019,Juan Thornhill,DB,2025,PIT,76.0,90.0,89.0,83.0,83.0,83.0,93.0,66.0
TONYADAMS_19990124,Tony Adams,DB,2025,NYJ,76.0,90.0,94.0,84.0,86.0,77.0,95.0,62.0
BENJAMINST-JUSTE_19970908,Benjamin St-Juste,DB,2025,LAC,75.0,91.0,91.0,91.0,90.0,75.0,83.0,60.0
BRANDONSTEPHENS_19971229,Brandon Stephens,DB,2025,NYJ,75.0,90.0,87.0,84.0,82.0,79.0,90.0,68.0
DARNELLSAVAGE_19970730,Darnell Savage,DB,2025,JAX,75.0,92.0,90.0,85.0,84.0,81.0,93.0,59.0
JA'QUANMCMILLIAN_20000604,Ja'Quan McMillian,DB,2025,DEN,75.0,88.0,84.0,91.0,86.0,77.0,87.0,56.0
JAVONBULLARD_20020905,Javon Bullard,DB,2025,GB,75.0,89.0,91.0,85.0,89.0,72.0,80.0,70.0
MALAKISTARKS_20031113,Malaki Starks,DB,2025,BAL,75.0,89.0,91.0,90.0,91.0,71.0,80.0,63.0
CHRISTIANIZIEN_20000608,Christian Izien,DB,2025,TB,74.0,92.0,90.0,85.0,83.0,76.0,95.0,52.0
MALIKMUSTAPHA_20020625,Malik Mustapha,DB,2025,SF,74.0,88.0,91.0,84.0,82.0,71.0,95.0,66.0
WILLHARRIS_19951219,Will Harris,DB,2025,WAS,72.0,89.0,90.0,83.0,82.0,74.0,87.0,65.0
DEEALFORD_19971105,Dee Alford,DB,2025,ATL,71.0,89.0,90.0,85.0,84.0,74.0,85.0,49.0
MONTARICBROWN_19990824,Montaric Brown,DB,2025,JAX,70.0,87.0,90.0,78.0,79.0,72.0,82.0,57.0
ANTOINEWINFIELDJR_19980816,Antoine Winfield Jr.,DB,2025,TB,79.00147563567646,90.07328596510104,91.3229132192277,86.83459592078214,85.80081662175203,81.70488143680086,86.78805889584983,65.0756548433764
BEANIEBISHOPJR_19991217,Beanie Bishop Jr.,DB,2025,PIT,71.1780514619777,90.70964255873832,91.77687035524508,87.20145600010045,87.18802421264886,74.36795816843255,86.43984329704429,54.813395244239956
CORDALEFLOTT_20010824,Cordale Flott,DB,2025,NYG,75.02727975304276,91.92576298607105,92.05886799030867,88.96956013817686,89.11818287267451,77.96830548060711,87.39793568456757,56.7330759511206
DARRELLBAKER_19980327,Darrell Baker Jr.,DB,2025,TEN,72.42856100628734,89.98999603270812,90.47179406906133,85.50141923050504,84.21697783676302,77.76959388245973,86.40781084565329,59.30504110044053
JORDANWHITEHEAD_19970318,Jordan Whitehead,DB,2025,TB,78.25544471118184,89.41549385961412,90.55483835758065,85.64973467528338,84.87668910410184,82.69199235685505,86.69238410151306,66.64493592676402
RONALDDARBY_19940102,Ronald Darby,DB,2025,HOU,81.1040770578607,91.47710178728687,91.63502992723392,88.25895172683127,86.95284794019139,88.26018833920125,91.94043592160531,61.24458900603942
SAMUELWOMACKIII_19990707,Samuel Womack,DB,2025,IND,74.44413280438926,90.3962522185027,91.4515162239266,87.1380812528109,86.23512693145324,77.79050312046411,87.02560495864682,59.69720254435255
VONNBELL_19941212,Vonn Bell,DB,2025,CIN,81.58829341543901,87.87141204660315,89.67935271060162,85.22184476808508,82.82815478903524,87.0742790867655,86.9069239977125,70.02246052712817
SAUCEGARDNER_20000831,Sauce Gardner,DB,2025,NYJ,94.0,93.0,94.0,91.0,91.0,93.0,92.0,65.0
JUSTINREID_19970215,Justin Reid,DB,2025,NO,87.0,91.0,91.0,90.0,86.0,87.0,87.0,66.0
CARLTONDAVISIII_19961231,Carlton Davis III,DB,2025,NE,85.0,90.0,90.0,81.0,81.0,89.0,82.0,65.0
TARONJOHNSON_19960727,Taron Johnson,DB,2025,BUF,84.0,90.0,93.0,83.0,84.0,89.0,81.0,63.0
COOPERDEJEAN_20020903,Cooper DeJean,DB,2025,PHI,83.0,92.0,91.0,90.0,86.0,85.0,91.0,65.0
DEOMMODORELENOIR_19991006,Deommodore Lenoir,DB,2025,SF,82.0,91.0,93.0,83.0,81.0,83.0,83.0,59.0
KYLERGORDON_19991217,Kyler Gordon,DB,2025,CHI,82.0,88.0,92.0,93.0,92.0,86.0,93.0,66.0
JALENTHOMPSON_19980718,Jalen Thompson,DB,2025,ARI,81.0,90.0,93.0,83.0,84.0,85.0,81.0,60.0
KAMARILASSITER_20030123,Kamari Lassiter,DB,2025,HOU,81.0,90.0,89.0,94.0,88.0,83.0,87.0,52.0
XAVIERWOODS_19950726,Xavier Woods,DB,2025,TEN,80.0,88.0,89.0,87.0,84.0,80.0,82.0,71.0
MALIKHOOKER_19960402,Malik Hooker,DB,2025,DAL,79.0,88.0,89.0,85.0,83.0,83.0,89.0,76.0
SEANMURPHY-BUNTING_19970619,Sean Murphy-Bunting,DB,2025,ARI,79.0,91.0,92.0,88.0,88.0,83.0,94.0,59.0
TAYLORRAPP_19971222,Taylor Rapp,DB,2025,BUF,79.0,86.0,87.0,86.0,86.0,80.0,84.0,63.0
ANDRECISCO_20000323,Andre Cisco,DB,2025,NYJ,78.0,92.0,91.0,88.0,86.0,79.0,87.0,65.0
JARTAVIUSMARTIN_20000417,Quan Martin,DB,2025,WAS,77.0,90.0,97.0,87.0,85.0,76.0,97.0,61.0
KRISTIANFULTON_19980903,Kristian Fulton,DB,2025,KC,77.0,89.0,90.0,86.0,86.0,84.0,85.0,59.0
MIKESAINRISTIL_20001003,Mike Sainristil,DB,2025,WAS,77.0,90.0,94.0,94.0,94.0,73.0,93.0,51.0
TYLERNUBIN_20001101,Tyler Nubin,DB,2025,NYG,77.0,87.0,85.0,82.0,83.0,72.0,77.0,62.0
COBIEDURANT_19980209,Cobie Durant,DB,2025,LAR,76.0,93.0,94.0,86.0,84.0,79.0,85.0,50.0
KADERKOHOU_19981128,Kader Kohou,DB,2025,MIA,76.0,93.0,93.0,80.0,83.0,76.0,91.0,63.0
RILEYMOSS_20000303,Riley Moss,DB,2025,DEN,76.0,91.0,95.0,95.0,89.0,75.0,92.0,53.0
TERRIONARNOLD_20020322,Terrion Arnold,DB,2025,DET,76.0,90.0,94.0,93.0,90.0,70.0,88.0,58.0
CALENBULLOCK_20030430,Calen Bullock,DB,2025,HOU,75.0,90.0,92.0,87.0,88.0,77.0,80.0,54.0
COBYBRYANT_19990329,Coby Bryant,DB,2025,SEA,75.0,88.0,90.0,83.0,83.0,75.0,80.0,63.0
DEONTEBANKS_20010303,Deonte Banks,DB,2025,NYG,75.0,94.0,97.0,90.0,91.0,70.0,96.0,60.0
MIKEJACKSONSR_d_field,Mike Jackson,DB,2025,CAR,75.0,91.0,88.0,84.0,85.0,77.0,93.0,61.0
QUENTINLAKE_19990129,Quentin Lake,DB,2025,LAR,75.0,86.0,92.0,80.0,79.0,78.0,85.0,57.0
DAMARHAMLIN_19980324,Damar Hamlin,DB,2025,BUF,74.0,88.0,92.0,86.0,77.0,77.0,84.0,62.0
ALONTAETAYLOR_19981203,Alontae Taylor,DB,2025,NO,73.0,95.0,94.0,81.0,83.0,75.0,92.0,60.0
ERICMURRAY_19940107,Eric Murray,DB,2025,JAX,73.0,86.0,90.0,81.0,79.0,80.0,88.0,63.0
P.J.LOCKE_19970212,P.J. Locke,DB,2025,DEN,73.0,89.0,86.0,80.0,82.0,77.0,86.0,66.0
STARLINGTHOMASV_20000125,Starling Thomas V,DB,2025,ARI,73.0,93.0,90.0,82.0,82.0,73.0,89.0,56.0
ISAIAHPOLA-MAO_19990630,Isaiah Pola-Mao,DB,2025,LV,68.0,89.0,91.0,88.0,80.0,71.0,76.0,57.0
J.T.GRAY_19960118,J.T. Gray,DB,2025,NO,62.0,90.0,90.0,81.0,79.0,57.0,81.0,65.0
A.J.TERRELLJR_19980923,A.J. Terrell,DB,2025,ATL,82.45646927865391,91.88628520628299,92.58885884043599,87.80872521599781,86.74172878084856,86.44283255286564,86.55126939189344,66.26363831811076
D.J.REEDJR_19961111,D.J. Reed,DB,2025,DET,81.07399195999733,89.87092031722375,91.93252952576188,88.19071155330082,86.63916058873808,87.69451143727747,86.30116455038595,57.81161593541282
JARVISBROWNLEEJR_20010713,Jarvis Brownlee Jr.,DB,2025,TEN,76.72194590755174,90.90571346408842,92.33175360596334,87.16142199420642,86.57188214109708,79.20321171943306,86.83877855558784,61.00534257043421
JUSTINSIMMONS_19931119,Justin Simmons,DB,2025,ATL,82.22024409146366,85.94998648295024,88.33702909013806,86.11283156053648,83.74192283512058,91.8682593225949,88.000565953788,68.19204481859134
MARTINEMERSONJR_20000927,Martin Emerson,DB,2025,CLE,79.19515765177294,89.93090127931674,91.16514006582997,86.28851522790947,84.84402990265697,81.93666446152793,86.81895269356266,65.93251529088315
RASULDOUGLAS_19950829,Rasul Douglas,DB,2025,BUF,83.53005502834816,86.6774543144366,88.91710583970763,83.71522184770666,80.40134488216272,93.07750057934709,84.21918010927965,71.39080154473814
CHRISTIANGONZALEZ_20020628,Christian Gonzalez,DB,2025,NE,95.0,96.0,93.0,92.0,91.0,96.0,95.0,59.0
JALENRAMSEY_19941024,Jalen Ramsey,DB,2025,PIT,94.0,94.0,93.0,90.0,89.0,96.0,94.0,71.0
TRENTMCDUFFIE_20000913,Trent McDuffie,DB,2025,KC,94.0,92.0,94.0,94.0,91.0,95.0,91.0,61.0
XAVIERMCKINNEY_19980808,Xavier McKinney,DB,2025,GB,93.0,88.0,90.0,87.0,85.0,94.0,86.0,67.0
BUDDABAKER_19960110,Budda Baker,DB,2025,ARI,92.0,90.0,91.0,90.0,89.0,93.0,86.0,72.0
MARLONHUMPHREY_19960708,Marlon Humphrey,DB,2025,BAL,92.0,91.0,92.0,85.0,88.0,94.0,85.0,74.0
MINKAHFITZPATRICK_19961117,Minkah Fitzpatrick,DB,2025,MIA,92.0,91.0,92.0,91.0,86.0,91.0,90.0,64.0
DENZELWARD_19970428,Denzel Ward,DB,2025,CLE,90.0,93.0,94.0,94.0,95.0,89.0,92.0,61.0
KERBYJOSEPH_20001114,Kerby Joseph,DB,2025,DET,90.0,88.0,91.0,86.0,84.0,90.0,91.0,64.0
KYLEHAMILTON_20010316,Kyle Hamilton,DB,2025,BAL,90.0,88.0,91.0,87.0,79.0,88.0,91.0,72.0
BRIANBRANCH_20011022,Brian Branch,DB,2025,DET,89.0,88.0,92.0,85.0,83.0,90.0,89.0,60.0
JAYLONJOHNSON_19990419,Jaylon Johnson,DB,2025,CHI,89.0,90.0,91.0,86.0,92.0,93.0,88.0,67.0
DEVONWITHERSPOON_20001211,Devon Witherspoon,DB,2025,SEA,88.0,91.0,93.0,91.0,91.0,85.0,89.0,60.0
HARRISONSMITH_19890202,Harrison Smith,DB,2025,MIN,88.0,87.0,86.0,87.0,82.0,93.0,85.0,73.0
KENNYMOOREII_19950823,Kenny Moore II,DB,2025,IND,88.0,91.0,91.0,88.0,89.0,92.0,94.0,61.0
JAYCEEHORN_19991126,Jaycee Horn,DB,2025,CAR,86.0,92.0,93.0,88.0,89.0,81.0,94.0,65.0
JULIANLOVE_19980319,Julian Love,DB,2025,SEA,86.0,90.0,88.0,88.0,86.0,89.0,86.0,62.0
CHRISTIANBENFORD_20000921,Christian Benford,DB,2025,BUF,85.0,88.0,92.0,82.0,81.0,87.0,87.0,65.0
QUINYONMITCHELL_20010718,Quinyon Mitchell,DB,2025,PHI,85.0,94.0,94.0,90.0,89.0,84.0,90.0,66.0
C.J.GARDNER-JOHNSON_19971220,C.J. Gardner-Johnson,DB,2025,HOU,84.0,90.0,90.0,84.0,85.0,87.0,86.0,68.0
BRANDONJONES_19980402,Brandon Jones,DB,2025,DEN,83.0,89.0,92.0,87.0,84.0,84.0,88.0,58.0
JEREMYCHINN_19980226,Jeremy Chinn,DB,2025,LV,83.0,91.0,91.0,86.0,85.0,85.0,92.0,70.0
JEVONHOLLAND_20000303,Jevon Holland,DB,2025,NYG,83.0,91.0,93.0,84.0,86.0,85.0,87.0,65.0
CAMRYNBYNUM_19980719,Camryn Bynum,DB,2025,IND,82.0,86.0,89.0,83.0,87.0,83.0,82.0,66.0
DESHONELLIOTT_19970421,DeShon Elliott,DB,2025,PIT,82.0,88.0,88.0,79.0,79.0,85.0,86.0,57.0
TRE'VONMOEHRIG_19990616,Tre'von Moehrig,DB,2025,CAR,82.0,90.0,90.0,82.0,81.0,86.0,80.0,64.0
CAMTAYLOR-BRITT_19991015,Cam Taylor-Britt,DB,2025,CIN,81.0,93.0,93.0,86.0,85.0,83.0,81.0,64.0
GRANTDELPIT_19980920,Grant Delpit,DB,2025,CLE,81.0,89.0,91.0,86.0,83.0,83.0,89.0,60.0
JULIANBLACKMON_19980824,Julian Blackmon,DB,2025,NO,80.0,88.0,89.0,88.0,85.0,84.0,87.0,57.0
REEDBLANKENSHIP_19990302,Reed Blankenship,DB,2025,PHI,80.0,87.0,93.0,81.0,83.0,84.0,81.0,61.0
TARHEEBSTILL_20020609,Tarheeb Still,DB,2025,LAC,80.0,89.0,93.0,85.0,88.0,79.0,90.0,56.0
ZYONMCCOLLUM_19990503,Zyon McCollum,DB,2025,TB,80.0,93.0,95.0,97.0,93.0,77.0,93.0,60.0
ELIJAHMOLDEN_19990130,Elijah Molden,DB,2025,LAC,79.0,90.0,92.0,84.0,82.0,80.0,87.0,57.0
AMANIHOOKER_19980614,Amani Hooker,DB,2025,TEN,78.0,88.0,89.0,88.0,82.0,85.0,88.0,62.0
BRYANCOOK_19990907,Bryan Cook,DB,2025,KC,78.0,90.0,91.0,79.0,82.0,78.0,83.0,67.0
DONTEJACKSON_19951108,Donte Jackson,DB,2025,LAC,78.0,93.0,93.0,92.0,91.0,81.0,97.0,49.0
GENOSTONE_19990419,Geno Stone,DB,2025,CIN,78.0,87.0,89.0,86.0,84.0,83.0,82.0,58.0
DONOVANWILSON_19950221,Donovan Wilson,DB,2025,DAL,76.0,87.0,88.0,83.0,79.0,81.0,86.0,64.0
KEISEANNIXON_19970622,Keisean Nixon,DB,2025,GB,76.0,93.0,91.0,80.0,77.0,79.0,79.0,54.0
NICKCROSS_20010910,Nick Cross,DB,2025,IND,76.0,92.0,96.0,87.0,82.0,72.0,88.0,67.0
JACKJONES_19971220,Jack Jones,DB,2025,MIA,75.0,94.0,93.0,88.0,90.0,76.0,84.0,53.0
TYRIQUESTEVENSON_20000526,Tyrique Stevenson,DB,2025,CHI,75.0,91.0,95.0,82.0,79.0,69.0,91.0,60.0
,Jaylon Jones,DB,2025,IND,75.0,89.0,93.0,87.0,81.0,75.0,90.0,62.0
JASONPINNOCK_19990630,Jason Pinnock,DB,2025,SF,72.0,89.0,93.0,87.0,86.0,74.0,93.0,61.0
BRENDENSCHOOLER_19970530,Brenden Schooler,DB,2025,NE,66.0,92.0,91.0,91.0,87.0,62.0,89.0,64.0
BYRONMURPHYJR_19980118,Byron Murphy,DB,2025,MIN,87.63208015236694,89.52427347708038,91.60028622992195,88.86239298738184,87.38349997153593,92.27854692786826,87.80059796920854,63.01230987368342
DARIUSSLAYJR_19910101,Darius Slay,DB,2025,PIT,84.17045355353028,89.6908839460437,90.97556948793975,87.01353921397254,85.24805347545579,93.3081625768827,87.79178149904723,61.407504479120576
DEREKSTINGLEYJR_20010620,Derek Stingley Jr.,DB,2025,HOU,90.76911069916702,92.53106158106897,93.52127039949536,91.17701157732387,89.76576972136489,91.4935998398891,90.33148819286137,67.71877155456718
DERWINJAMESJR_19960803,Derwin James,DB,2025,LAC,87.5627435668982,90.25415462040075,90.61999234048514,86.66254334896314,83.94542957246266,90.2519726835755,92.5062086642763,73.08534061868181
JESSIEBATESIII_19970226,Jessie Bates,DB,2025,ATL,82.73639288432119,87.27840364654264,89.49668011434728,85.05274263296707,80.95046854920129,85.53082003785204,86.4616789979977,67.79835269501802
JOEYPORTER_20000726,Joey Porter Jr.,DB,2025,PIT,80.24007546132944,91.51305414391874,92.65585672814242,88.0600732682372,87.5359985131697,81.5880257944529,87.79026034874023,64.72687657400888
JORDANPOYER_19910425,Jordan Poyer,DB,2025,MIA,83.8900649088917,86.20647055077382,89.27963315901374,85.76916207705551,83.45248285796698,95.07680622847494,81.22077227903421,61.92057586908254
KAMRENCURL_19990331,Kam Curl,DB,2025,LAR,78.62404248660783,86.53749857091367,88.97411926394783,83.1011911548207,81.74248995118721,83.02612218475127,84.21605299570064,69.69571496892934
KEVINBYARD_19930817,Kevin Byard,DB,2025,CHI,83.06392684179045,88.12564861211814,89.38937389445724,84.13470834230782,82.48037884953477,88.20769876075445,86.43542786892277,66.61774415571733
PATRICKSURTAINII_20000414,Pat Surtain II,DB,2025,DEN,91.49956142286808,93.2420247581071,93.47422419162619,90.6563857823383,88.81942676147635,92.47017505407797,93.18814684066979,70.49911260802446
STEPHONGILMORE_19900919,Stephon Gilmore,DB,2025,MIN,84.95597938771354,89.32819020659224,90.68771702573765,89.47610577322115,87.55994069724132,95.46080770699092,87.66309534548073,62.229266699262894
TARIQWOOLEN_19990502,Riq Woolen,DB,2025,SEA,78.52107256914871,92.47076728029833,91.21670635068824,86.04737766591973,83.02419726258533,78.33527043813984,93.15147141292806,66.45005100386527
TYRANNMATHIEU_19920513,Tyrann Mathieu,DB,2025,NO,84.53226414145391,87.36399455583,90.2793197489303,87.0083413068852,85.29771865588994,94.76833503307199,83.63486948914942,56.94424837085626
TROYFAUTANU_20001011,Troy Fautanu,OL,2025,PIT,77.0,72.0,79.0,70.0,57.0,78.0,79.0,87.0
JOSHSIMMONS_20021226,Josh Simmons,OL,2025,KC,75.0,71.0,75.0,69.0,58.0,78.0,71.0,88.0
JONAHWILLIAMS_19971117,Jonah Williams,OL,2025,ARI,74.0,69.0,71.0,66.0,54.0,87.0,70.0,85.0
ROYCENEWMAN_19970817,Royce Newman,OL,2025,ARI,70.0,67.0,74.0,54.0,45.0,82.0,70.0,83.0
CALVINTHROCKMORTON_19960816,Calvin Throckmorton,OL,2025,DEN,68.0,64.0,57.0,51.0,48.0,78.0,68.0,84.0
ELIJAHWILKINSON_19950210,Elijah Wilkinson,OL,2025,ATL,68.0,70.0,56.0,60.0,45.0,80.0,71.0,85.0
CHUKWUMAOKORAFOR_19970808,Chukwuma Okorafor,OL,2025,NYJ,67.0,67.0,63.0,57.0,51.0,71.0,61.0,85.0
JARRETTKINGSTON_19991202,Jarrett Kingston,OL,2025,CAR,67.0,72.0,77.0,66.0,64.0,62.0,77.0,90.0
JAVONFOSTER_20000331,Javon Foster,OL,2025,JAX,67.0,62.0,71.0,61.0,50.0,72.0,79.0,83.0
MATTHENNESSY_19971117,Matt Hennessy,OL,2025,SF,67.0,66.0,69.0,69.0,57.0,64.0,74.0,85.0
MAXSCHARPING_19960810,Max Scharping,OL,2025,PIT,66.0,65.0,64.0,60.0,54.0,76.0,70.0,86.0
TREVORKEEGAN_20000830,Trevor Keegan,OL,2025,PHI,66.0,64.0,72.0,60.0,54.0,70.0,75.0,85.0
JORDANMCFADDEN_19991116,Jordan McFadden,OL,2025,CHI,65.0,73.0,76.0,61.0,54.0,73.0,71.0,82.0
TYRESEROBINSON_19990821,Tyrese Robinson,OL,2025,NE,65.0,67.0,62.0,49.0,49.0,55.0,59.0,85.0
ANDREWRUPCICH_19990401,Andrew Rupcich,OL,2025,TEN,64.0,62.0,69.0,54.0,51.0,70.0,76.0,85.0
AUSTINSCHLOTTMANN_19950918,Austin Schlottmann,OL,2025,NYG,64.0,70.0,75.0,58.0,47.0,74.0,74.0,86.0
C.J.HANSON_20010303,C.J. Hanson,OL,2025,KC,64.0,72.0,74.0,55.0,57.0,69.0,81.0,82.0
CALVINANDERSON_19960325,Calvin Anderson,OL,2025,PIT,64.0,65.0,70.0,70.0,56.0,77.0,76.0,85.0
DARIANKINNARD_19991229,Darian Kinnard,OL,2025,PHI,64.0,62.0,72.0,50.0,49.0,55.0,64.0,86.0
DYLANMCMAHON_20010122,Dylan McMahon,OL,2025,LAR,64.0,69.0,75.0,75.0,66.0,72.0,80.0,80.0
MATTWALETZKO_19991215,Matt Waletzko,OL,2025,DAL,64.0,71.0,80.0,74.0,59.0,68.0,68.0,85.0
SETHMCLAUGHLIN_20010827,Seth McLaughlin,OL,2025,CIN,64.0,63.0,68.0,62.0,58.0,64.0,69.0,89.0
TYLERCOOPER_20010420,Tyler Cooper,OL,2025,GB,64.0,67.0,68.0,59.0,53.0,60.0,74.0,84.0
COLBYSORSDAL_20000301,Colby Sorsdal,OL,2025,DET,63.0,67.0,66.0,59.0,57.0,71.0,69.0,80.0
FRANKCRUM_20000514,Frank Crum,OL,2025,DEN,63.0,74.0,79.0,71.0,56.0,54.0,77.0,85.0
JAMARCOJONES_19960604,Jamarco Jones,OL,2025,DET,63.0,58.0,53.0,50.0,45.0,68.0,62.0,80.0
JAVIONCOHEN_20020808,Javion Cohen,OL,2025,CLE,63.0,61.0,66.0,48.0,45.0,59.0,67.0,83.0
JOHNWILLIAMS_20020117,John Williams,OL,2025,GB,63.0,67.0,71.0,54.0,57.0,65.0,62.0,87.0
LUKEKANDRA_20010808,Luke Kandra,OL,2025,CAR,63.0,67.0,72.0,43.0,55.0,56.0,79.0,93.0
RYANHAYES_20000228,Ryan Hayes,OL,2025,MIA,63.0,66.0,78.0,71.0,58.0,70.0,74.0,78.0
TREYHILL_20000123,Trey Hill,OL,2025,GB,63.0,56.0,62.0,44.0,48.0,73.0,62.0,84.0
WALTERROUSE_20010309,Walter Rouse,OL,2025,MIN,63.0,64.0,66.0,55.0,53.0,64.0,80.0,83.0
ZACHARYTHOMAS_19980526,Zach Thomas,OL,2025,HOU,63.0,74.0,85.0,71.0,56.0,63.0,59.0,81.0
ATONIOMAFI_20001020,Atonio Mafi,OL,2025,LV,62.0,55.0,54.0,53.0,50.0,60.0,61.0,84.0
AUSTINDECULUS_19990312,Austin Deculus,OL,2025,HOU,62.0,70.0,77.0,50.0,48.0,68.0,71.0,84.0
BRANDONWALTON_19980318,Brandon Walton,OL,2025,CAR,62.0,61.0,57.0,55.0,48.0,73.0,65.0,85.0
DALTONCOOPER_20010315,Dalton Cooper,OL,2025,KC,62.0,73.0,72.0,55.0,59.0,60.0,70.0,86.0
ETHANDRISKELL_20000629,Ethan Driskell,OL,2025,KC,62.0,64.0,58.0,69.0,52.0,56.0,67.0,87.0
JACKCONLEY_20010615,Jack Conley,OL,2025,NE,62.0,62.0,67.0,55.0,36.0,59.0,70.0,83.0
JOEHUBER_20020502,Joe Huber,OL,2025,MIN,62.0,66.0,70.0,61.0,55.0,55.0,70.0,86.0
JOVAUGHNGWYN_19990318,Jovaughn Gwyn,OL,2025,ATL,62.0,68.0,77.0,57.0,54.0,71.0,69.0,89.0
A.J.ARCURI_19970813,A.J. Arcuri,OL,2025,LAR,61.0,56.0,61.0,58.0,53.0,66.0,81.0,87.0
ADDISONWEST_20001205,Addison West,OL,2025,MIA,61.0,69.0,72.0,65.0,56.0,58.0,80.0,81.0
ALECLINDSTROM_19980707,Alec Lindstrom,OL,2025,NE,61.0,66.0,76.0,66.0,55.0,65.0,72.0,82.0
CHRISGLASER_19991001,Chris Glaser,OL,2025,CHI,61.0,65.0,70.0,69.0,56.0,64.0,69.0,86.0
JOSHPRIEBE_20010730,Josh Priebe,OL,2025,MIA,61.0,65.0,70.0,60.0,56.0,59.0,71.0,86.0
JOSHUAGRAY_20000313,Joshua Gray,OL,2025,ATL,61.0,71.0,81.0,65.0,59.0,61.0,76.0,76.0
MICHAELJURGENS_20000101,Michael Jurgens,OL,2025,MIN,61.0,58.0,70.0,67.0,54.0,69.0,78.0,80.0
JAXSONKIRKLAND_19980730,Jaxson Kirkland,OL,2025,CIN,60.0,63.0,59.0,54.0,51.0,72.0,66.0,80.0
TREYWEDIG_20020110,Trey Wedig,OL,2025,LAR,60.0,65.0,79.0,55.0,51.0,60.0,76.0,77.0
JAKEMAJORS_20020117,Jake Majors,OL,2025,TB,59.0,65.0,70.0,60.0,60.0,57.0,67.0,83.0
WILLIELAMPKIN_20020122,Willie Lampkin,OL,2025,LAR,59.0,65.0,74.0,59.0,59.0,61.0,61.0,72.0
BENSCOTT_20010109,Ben Scott,OL,2025,TB,58.0,68.0,70.0,62.0,58.0,57.0,68.0,84.0
CHANDLERBREWER_19970612,Chandler Brewer,OL,2025,TEN,58.0,66.0,63.0,58.0,51.0,58.0,67.0,88.0
TORRICELLISIMPKINSIII_20020606,Torricelli Simpkins III,OL,2025,NO,58.0,57.0,66.0,41.0,51.0,61.0,72.0,78.0
ZEKECORRELL_20001110,Zeke Correll,OL,2025,MIN,58.0,55.0,72.0,45.0,59.0,59.0,72.0,82.0
JOSHUAMILES_19960104,Joshua Miles,OL,2025,CHI,55.0,64.0,74.0,56.0,53.0,58.0,86.0,85.0
BRETTTOTH_19960901,Brett Toth,OL,2025,PHI,53.0,68.0,69.0,68.0,53.0,52.0,64.0,81.0
ANDREWRAYM_20050201,Andrew Raym,OL,2025,CIN,60.46206872212247,59.592493806955645,68.45613039620002,57.40754163316768,50.67518475035172,63.776466874255505,73.07914129294022,83.38841120832151
ARLINGTONHAMBRIGHT_19960130,Arlington Hambright,OL,2025,TEN,61.87678125827796,66.39086836501804,69.67250147064283,60.604621488319395,52.348841765743146,71.2238604474033,71.78975135439941,83.78183879559563
DAKODASHEPLEY_19950313,Dakoda Shepley,OL,2025,DAL,60.39504023536142,65.03820149810349,68.36261730395745,61.68058520331488,53.2382975795274,70.57086623775132,67.94059912906141,82.1258776161119
GERONCHRISTIANSR_19960910,Geron Christian,OL,2025,DAL,66.02144270251802,60.55648527192534,65.98354246041231,60.0332906348811,51.98812768096218,79.65027031054075,68.39902709148691,82.37205687536132
ISAIAHPRINCE_19970729,Isaiah Prince,OL,2025,SF,62.56456607500013,70.57307349482392,70.57699485136868,60.6269123567119,52.10099982292513,73.42737447530436,67.34473400283241,84.32475682772329
MALAESALAAUMAVAE-LAULU_19990525,Sala Aumavae-Laulu,OL,2025,SEA,64.22231623862388,63.56641722119559,68.5141168912046,56.917588736042376,49.44966806739194,70.52890731334645,77.51511367183093,86.41624684784335
MCCLENDONCURTIS_19990916,McClendon Curtis,OL,2025,ARI,60.73585720587596,64.3948676634991,70.15035942445479,57.65776823565167,49.431894012796874,64.42918389071946,72.33907969125494,85.02228474968209
TYREPHILLIPS_19970129,Tyre Phillips,OL,2025,WAS,65.6805767095127,61.558418293229465,66.48427062532733,54.78203621819469,48.62878392106563,77.26314353356685,69.98675349173664,84.72305447008972
WESSCHWEITZER_19930911,Wes Schweitzer,OL,2025,NE,64.45163912476966,65.37294646667601,66.19668792460152,60.69061849778552,51.09783469561262,78.5084879578082,67.44479023951953,84.64746641920343
ZACKBAILEY_19951108,Zack Bailey,OL,2025,NYJ,60.4453735858786,65.1957105625022,69.05307377984468,60.8824158618244,51.49585306138533,69.76335773833063,69.48215243939694,82.30013753980646
,Austen Pleasants,OL,2025,SF,61.402742310736585,63.5561806089496,67.01010366586229,57.62823337964045,48.60110445469968,69.85614068717138,73.92567210114203,84.92105226863737
,Sebastian Gutierrez,OL,2025,CLE,60.21560420031744,66.27282835019128,70.79193836952254,59.73062067826797,51.848682102101066,66.84885836057066,74.7754077988211,83.67832239308589
,Richard Gouraige,OL,2025,BUF,60.10854494000847,67.17037157621462,72.17796119564355,60.084408890657926,52.840582618342296,65.29256796704993,76.20849700706458,83.53230862488817
,Brant Banks,OL,2025,GB,58.98980833059255,66.12985733253777,72.02161173250602,61.16937857742579,56.733929148761945,61.45388230807026,73.3076960029116,82.72791512509087
,J.J. Lippe,OL,2025,GB,59.3663909270968,67.38541152028631,73.13712041866142,61.91690287462862,57.807211731694,60.96180205518709,74.12736184763435,82.78114358220839
,Marshall Foerner,OL,2025,IND,59.2346644239629,67.40241012969693,72.79039738554434,61.51306462090466,56.47091347617743,61.790496831004646,74.25014759351689,83.43919194078953
,Jacob Bayer,OL,2025,BUF,60.751876180397005,69.51625633270874,74.03351096195593,61.30294594553553,56.41743940191782,61.84608943810298,77.63618808899855,84.86430060053897
,Caleb Etienne,OL,2025,CIN,60.239703421224874,65.50364933239905,70.67202473803832,58.92451055985714,53.754949343397584,62.46395568035183,76.26473249324636,84.74429816729773
,Gus Hartwig,OL,2025,NYJ,60.03401912871038,67.67886563143361,72.90747698961104,61.12641551714589,56.42505019966575,61.49071230312933,75.8801518646369,83.98512525640902
,Eli Cox,OL,2025,HOU,60.54449784180798,70.63497480728688,74.81144898297407,61.94764722442139,56.545702871030926,62.457796711321805,81.4776422180903,84.47682319879277
,Benjamin Chukwuma,OL,2025,TB,59.35534754330945,66.2549598489071,72.23213541902419,61.31381601031981,57.12484072409097,60.89056402018224,74.08567692473025,82.8582429547412
,Xavier Truss,OL,2025,DEN,60.004686328885214,64.8146665553138,70.44753634118933,59.79835138711428,54.04444865299547,62.4605958425164,71.51695549514898,84.2070900790097
,Aiden Williams,OL,2025,PIT,59.88968832334399,66.12631992083743,71.62078124561367,59.962548871779006,55.80496170794049,61.87880423545954,75.02592711555826,83.52444734227748
,Easton Kilty,OL,2025,NO,59.295285116379034,67.05015612030013,73.01680373977752,62.17833860067444,57.822074238828236,60.491439152964574,74.2002506022377,82.84482295892911
,Drew Moss,OL,2025,SF,60.28453428488831,69.56942829056982,74.52483153835897,62.29827804762664,57.78768236714973,61.11434853470638,76.52874109107142,83.99848800602848
,Mehki Butler,OL,2025,NE,60.42987262681447,67.85203405350671,72.85512572433458,60.484365220261736,56.33534542076427,61.88945497224944,76.33380905971353,84.0333011391524
,Gareth Warren,OL,2025,PIT,60.62082067120713,66.04294303732877,71.3661092277548,59.678867643139455,54.66948468273199,61.432082634569895,77.25993306354576,84.88512542563478
JORDANMORGAN_20010804,Jordan Morgan,OL,2025,GB,75.0,71.0,80.0,62.0,56.0,77.0,70.0,87.0
D.J.HUMPHRIES_19931228,D.J. Humphries,OL,2025,LAR,74.0,65.0,63.0,55.0,52.0,75.0,76.0,87.0
COLESTRANGE_19980731,Cole Strange,OL,2025,NE,73.0,71.0,79.0,68.0,59.0,77.0,70.0,87.0
CHRISTIANHAYNES_20000413,Christian Haynes,OL,2025,SEA,72.0,71.0,75.0,68.0,56.0,76.0,80.0,87.0
JOSHJONES_19970622,Josh Jones,OL,2025,SEA,71.0,67.0,67.0,59.0,52.0,72.0,71.0,85.0
RYANBATES_19970214,Ryan Bates,OL,2025,CHI,71.0,67.0,78.0,67.0,55.0,75.0,68.0,86.0
CHRISTIANMAHOGANY_20001011,Christian Mahogany,OL,2025,DET,70.0,68.0,76.0,60.0,63.0,61.0,79.0,89.0
SAMMUSTIPHER_19960813,Sam Mustipher,OL,2025,TEN,70.0,61.0,56.0,53.0,51.0,85.0,67.0,83.0
ZAKZINTER_20010417,Zak Zinter,OL,2025,CLE,70.0,63.0,65.0,54.0,49.0,74.0,65.0,88.0
ANDREDILLARD_19951003,Andre Dillard,OL,2025,SF,69.0,73.0,78.0,69.0,53.0,79.0,72.0,86.0
BENBARTCH_19980722,Ben Bartch,OL,2025,SF,69.0,67.0,61.0,68.0,52.0,75.0,70.0,85.0
KENDRICKGREEN_19981222,Kendrick Green,OL,2025,BUF,69.0,75.0,80.0,58.0,56.0,79.0,85.0,86.0
BENCLEVELAND_19980825,Ben Cleveland,OL,2025,BAL,68.0,70.0,72.0,65.0,49.0,68.0,70.0,90.0
CAEDANWALLACE_20000418,Caedan Wallace,OL,2025,NE,68.0,67.0,76.0,59.0,49.0,78.0,76.0,87.0
CHUMAEDOGA_19970525,Chuma Edoga,OL,2025,JAX,68.0,70.0,67.0,66.0,54.0,75.0,63.0,84.0
DAVIDQUESSENBERRY_19900824,David Quessenberry,OL,2025,LAR,68.0,68.0,68.0,62.0,54.0,83.0,73.0,85.0
KIRANAMEGADJIE_20020102,Kiran Amegadjie,OL,2025,CHI,68.0,70.0,74.0,69.0,55.0,69.0,72.0,88.0
LUKEFORTNER_19980515,Luke Fortner,OL,2025,JAX,68.0,65.0,73.0,60.0,49.0,75.0,72.0,87.0
MAXMITCHELL_19991012,Max Mitchell,OL,2025,NYJ,68.0,62.0,72.0,55.0,58.0,75.0,64.0,85.0
NICKLEVERETT_19970111,Nick Leverett,OL,2025,ARI,68.0,67.0,60.0,55.0,45.0,76.0,73.0,85.0
SPENCERBURFORD_20000719,Spencer Burford,OL,2025,SF,68.0,66.0,75.0,65.0,56.0,76.0,72.0,86.0
CHRISTIANJONES_20000512,Christian Jones,OL,2025,ARI,67.0,71.0,72.0,54.0,56.0,65.0,71.0,84.0
ELIJAHKLEIN_20000408,Elijah Klein,OL,2025,TB,67.0,62.0,64.0,59.0,57.0,73.0,67.0,83.0
JACKSONCARMAN_20000122,Jackson Carman,OL,2025,MIA,67.0,58.0,54.0,52.0,47.0,67.0,55.0,89.0
OLISAEMEKAUDOH_19970214,Olisaemeka Udoh,OL,2025,TEN,67.0,70.0,72.0,65.0,53.0,74.0,71.0,87.0
CARTERWARREN_19990119,Carter Warren,OL,2025,NYJ,66.0,64.0,73.0,67.0,57.0,73.0,69.0,82.0
HUNTERNOURZAD_19991126,Hunter Nourzad,OL,2025,KC,66.0,67.0,73.0,66.0,55.0,75.0,65.0,83.0
JONGAINESII_20000524,Jon Gaines II,OL,2025,ARI,66.0,72.0,85.0,72.0,64.0,71.0,79.0,77.0
ASIMRICHARDS_20001002,Asim Richards,OL,2025,DAL,65.0,67.0,73.0,59.0,51.0,67.0,72.0,87.0
BLAKEFREELAND_20010503,Blake Freeland,OL,2025,IND,65.0,73.0,81.0,72.0,55.0,66.0,87.0,83.0
DANNYPINTER_19960619,Danny Pinter,OL,2025,IND,65.0,74.0,75.0,60.0,56.0,74.0,73.0,82.0
JACOBMONK_20010604,Jacob Monk,OL,2025,GB,65.0,69.0,76.0,67.0,57.0,72.0,73.0,83.0
JAKEKUBAS_20000813,Jake Kubas,OL,2025,NYG,65.0,65.0,72.0,61.0,59.0,65.0,76.0,86.0
WILLCLAPP_19960919,Will Clapp,OL,2025,NO,65.0,72.0,63.0,53.0,47.0,78.0,72.0,80.0
BLAKEHANCE_19960111,Blake Hance,OL,2025,TEN,64.0,70.0,62.0,61.0,53.0,75.0,68.0,85.0
GARRETTDELLINGER_20020218,Garrett Dellinger,OL,2025,BAL,64.0,67.0,77.0,63.0,59.0,65.0,78.0,88.0
MARCUSBRYANT_20020622,Marcus Bryant,OL,2025,NE,64.0,68.0,73.0,66.0,56.0,65.0,71.0,85.0
SIDYSOW_19980608,Sidy Sow,OL,2025,NE,64.0,73.0,70.0,63.0,54.0,72.0,78.0,87.0
TRAVISGLOVER_20000817,Travis Glover,OL,2025,GB,64.0,63.0,69.0,50.0,51.0,69.0,69.0,86.0
ANDREWSTUEBER_19990701,Andrew Stueber,OL,2025,CIN,63.0,60.0,63.0,51.0,49.0,71.0,63.0,82.0
CHARLIEHECK_19961120,Charlie Heck,OL,2025,TB,63.0,67.0,69.0,54.0,52.0,77.0,70.0,84.0
CONNORCOLBY_20030116,Connor Colby,OL,2025,SF,63.0,69.0,73.0,66.0,61.0,65.0,71.0,83.0
COREYLEVIN_19940812,Corey Levin,OL,2025,TEN,63.0,64.0,66.0,63.0,53.0,73.0,67.0,84.0
JACKNELSON_20020115,Jack Nelson,OL,2025,ATL,63.0,67.0,71.0,64.0,53.0,66.0,69.0,84.0
JAKECURHAN_19980209,Jake Curhan,OL,2025,ARI,63.0,57.0,60.0,50.0,52.0,72.0,62.0,81.0
JONAHMONHEIM_20020607,Jonah Monheim,OL,2025,JAX,63.0,72.0,80.0,68.0,59.0,70.0,78.0,80.0
MASONRICHMAN_20020507,Mason Richman,OL,2025,SEA,63.0,60.0,72.0,65.0,51.0,65.0,71.0,84.0
MICHAELNIESE_19980113,Michael Niese,OL,2025,DET,63.0,71.0,85.0,69.0,62.0,64.0,73.0,82.0
NICKBROEKER_20001007,Nick Broeker,OL,2025,PIT,63.0,63.0,74.0,60.0,56.0,72.0,68.0,81.0
TYLANGRABLE_19991004,Tylan Grable,OL,2025,BUF,63.0,74.0,81.0,73.0,65.0,68.0,87.0,81.0
KYLEHERGEL_19991007,Kyle Hergel,OL,2025,NO,62.0,59.0,69.0,57.0,60.0,66.0,76.0,88.0
STORMNORTON_19940516,Storm Norton,OL,2025,ATL,62.0,65.0,71.0,67.0,53.0,79.0,71.0,82.0
CHRISPAUL_19981119,Chris Paul,OL,2025,WAS,61.0,76.0,83.0,60.0,53.0,55.0,68.0,82.0
JAELYNDUNCAN_20000708,Jaelyn Duncan,OL,2025,TEN,61.0,69.0,77.0,54.0,52.0,69.0,77.0,85.0
JALENSUNDELL_19991018,Jalen Sundell,OL,2025,SEA,61.0,66.0,61.0,65.0,47.0,62.0,72.0,84.0
KADEEMTELFORT_19981110,Kadeem Telfort,OL,2025,GB,61.0,58.0,61.0,47.0,44.0,63.0,63.0,86.0
KYLEHINTON_19980227,Kyle Hinton,OL,2025,ATL,60.0,75.0,76.0,60.0,55.0,63.0,83.0,87.0
BRENDENJAIMES_19990528,Brenden Jaimes,OL,2025,TEN,59.0,65.0,69.0,68.0,54.0,71.0,75.0,82.0
COLEVANLANEN_19980423,Cole Van Lanen,OL,2025,JAX,59.0,68.0,79.0,72.0,59.0,67.0,74.0,79.0
DEVINCOCHRAN_19980717,Devin Cochran,OL,2025,CIN,59.0,69.0,74.0,61.0,53.0,64.0,74.0,83.0
JACKSONBARTON_19950808,Jackson Barton,OL,2025,CLE,57.0,66.0,65.0,58.0,50.0,59.0,68.0,85.0
FOSTERSARELL_19980828,Foster Sarell,OL,2025,WAS,55.0,54.0,60.0,54.0,48.0,65.0,68.0,86.0
ANDRUSPEAT_19931104,Andrus Peat,OL,2025,LV,73.95572433444539,65.76416993083626,68.36910458385137,58.940060433581664,49.566467446179445,91.04717117068856,68.19151768857364,87.04725915296711
CHRISHUBBARD_19910423,Christopher Hubbard,OL,2025,NYG,67.7441611626017,65.2564660411756,67.25789891388013,59.88350039247672,49.73774256437173,88.12108528108206,65.4376900769862,84.27374077581598
CODYWHITEHAIR_19920711,Cody Whitehair,OL,2025,LV,72.68457048572668,69.9321877182083,75.54604333484576,66.00821055963269,54.903576047828665,89.44602860934958,66.97022218614711,84.46799763556885
COOPERHODGES_20000713,Cooper Hodges,OL,2025,JAX,61.60286409702155,68.21116908593899,72.72690373126989,62.53407874516398,55.800876544862945,68.93984417366266,77.07520093263292,83.07022656892025
DANFEENEY_19940529,Dan Feeney,OL,2025,BUF,70.46270278308299,65.56977044642122,70.92208213864433,63.89452853212168,52.40625553301777,85.29176043448695,69.32659410653787,85.63422276931064
DAVIDANDREWS_19920710,David Andrews,OL,2025,NE,66.27025137923329,65.59550637905159,68.52447671971413,59.72759263778261,50.97725693433438,83.56076932623876,67.67366532920687,84.40620888586002
DOUGKRAMER_19980604,Doug Kramer,OL,2025,CHI,62.84675737727116,67.84476328696974,73.58216036347767,62.349202520363804,56.61695560837336,71.81949923307002,74.70077423776729,83.69459360150117
ISAIAHWYNN_19951209,Isaiah Wynn,OL,2025,MIA,72.39043555769086,68.36471080360093,73.96190969849158,63.85052668790854,54.6521539220181,86.56422216769215,70.10856060088099,86.97467522045545
JACKDRISCOLL_19970401,Jack Driscoll,OL,2025,PHI,66.97877038794854,70.3369979663828,73.88229270730699,63.0775966984678,54.46823170042933,78.42566450749143,72.50459999893519,84.81364067004407
JAMESHUDSONIII_19990513,James Hudson,OL,2025,NYG,65.95688669694937,65.39013676565241,70.51187060105894,58.30291077523805,52.53431674951946,75.91203148353861,74.51279219187927,83.1920549724463
JEDRICKWILLSJR_19990517,Jedrick Wills,OL,2025,CLE,71.55323937955552,71.26888790042653,74.58668214380396,65.39891705537644,54.83340135413812,82.87486516603224,78.03034860999287,86.47088760344545
LECITUSSMITH_19980713,Lecitus Smith,OL,2025,GB,62.59933972193073,66.50909698898022,71.71383546883771,58.2893895994402,53.47625770927357,70.53743827461972,74.14887790114017,83.34466930731807
MICHAELDUNN_19940828,Michael Dunn,OL,2025,CLE,65.09728851706518,65.78455543348855,68.26690998542108,59.116777226518764,49.811154534572324,79.02089092640722,69.71335875970135,84.83744703870468
NICKHARRIS_19981113,Nick Harris,OL,2025,CLE,66.67645940093445,70.63146858554569,75.26504573900274,63.96906611143214,57.18436080169545,79.44452872427587,75.26153879571393,81.82686964514451
XAVIERNEWMAN_19990804,Xavier Newman-Johnson,OL,2025,NYJ,61.35049066079915,68.00519603528937,72.72199268912709,62.309623466808205,56.62812353032416,70.1376768706806,76.41336423720077,82.70417551753107
ANDREWTHOMAS_19990122,Andrew Thomas,OL,2025,NYG,88.0,69.0,65.0,64.0,57.0,85.0,78.0,90.0
TRENTBROWN_19930413,Trent Brown,OL,2025,HOU,85.0,69.0,59.0,53.0,51.0,86.0,70.0,91.0
WILLFRIES_19980404,Will Fries,OL,2025,MIN,80.0,59.0,68.0,59.0,64.0,83.0,76.0,87.0
JAMESDANIELS_19970913,James Daniels,OL,2025,MIA,79.0,66.0,66.0,72.0,58.0,88.0,75.0,86.0
JONAHJACKSON_19970205,Jonah Jackson,OL,2025,CHI,77.0,68.0,65.0,57.0,46.0,90.0,66.0,86.0
AUSTINCORBETT_19950905,Austin Corbett,OL,2025,CAR,75.0,69.0,70.0,57.0,51.0,84.0,70.0,85.0
KINGSLEYSUAMATAIA_20030118,Kingsley Suamataia,OL,2025,KC,72.0,71.0,76.0,67.0,52.0,69.0,70.0,89.0
PATRICKPAUL_20011101,Patrick Paul,OL,2025,MIA,72.0,68.0,73.0,63.0,57.0,71.0,72.0,90.0
ANDREWVORHEES_19990121,Andrew Vorhees,OL,2025,BAL,70.0,65.0,74.0,51.0,48.0,72.0,72.0,97.0
DAWANDJONES_20010806,Dawand Jones,OL,2025,CLE,70.0,61.0,65.0,42.0,45.0,75.0,70.0,95.0
JOSEPHNOTEBOOM_19950619,Joe Noteboom,OL,2025,BAL,70.0,71.0,75.0,60.0,53.0,79.0,62.0,87.0
TANORBORTOLINI_20020618,Tanor Bortolini,OL,2025,IND,70.0,74.0,82.0,78.0,70.0,77.0,79.0,82.0
AARONSTINNIE_19940218,Aaron Stinnie,OL,2025,NYG,69.0,70.0,62.0,61.0,49.0,82.0,68.0,83.0
MILESFRAZIER_20010912,Miles Frazier,OL,2025,DET,69.0,64.0,71.0,59.0,53.0,70.0,58.0,89.0
TYLERSTEEN_20000624,Tyler Steen,OL,2025,PHI,69.0,64.0,73.0,59.0,59.0,75.0,73.0,91.0
YOSHNIJMAN_19960102,Yosh Nijman,OL,2025,CAR,69.0,73.0,76.0,70.0,57.0,82.0,75.0,87.0
JACKSONSLATER_20030530,Jackson Slater,OL,2025,TEN,68.0,72.0,72.0,61.0,52.0,68.0,79.0,89.0
MATTPEART_19970611,Matt Peart,OL,2025,DEN,68.0,69.0,73.0,54.0,49.0,75.0,74.0,86.0
ROBERTHAINSEY_19980812,Robert Hainsey,OL,2025,JAX,68.0,64.0,69.0,64.0,49.0,82.0,69.0,87.0
CARSONVINSON_20011113,Carson Vinson,OL,2025,BAL,67.0,68.0,70.0,63.0,52.0,70.0,71.0,81.0
JALENRIVERS_20020912,Jalen Rivers,OL,2025,CIN,67.0,63.0,65.0,56.0,49.0,67.0,69.0,83.0
ALEXFORSYTH_19990213,Alex Forsyth,OL,2025,DEN,66.0,66.0,65.0,54.0,50.0,70.0,55.0,86.0
BRYCECABELDUE_20010904,Bryce Cabeldue,OL,2025,SEA,66.0,74.0,77.0,61.0,61.0,67.0,71.0,90.0
CAMERONWILLIAMS_20031016,Cameron Williams,OL,2025,PHI,66.0,66.0,72.0,55.0,51.0,65.0,64.0,88.0
LARRYBOROM_19990330,Larry Borom,OL,2025,MIA,66.0,67.0,68.0,51.0,39.0,82.0,76.0,83.0
LUKENEWMAN_20020303,Luke Newman,OL,2025,CHI,66.0,70.0,74.0,61.0,61.0,69.0,57.0,87.0
MARCUSMBOW_20030402,Marcus Mbow,OL,2025,NYG,66.0,71.0,73.0,68.0,57.0,66.0,73.0,84.0
MICHAELDEITER_19960903,Michael Deiter,OL,2025,WAS,66.0,69.0,66.0,56.0,52.0,78.0,70.0,86.0
SATAOALAUMEA_20010113,Sataoa Laumea,OL,2025,SEA,66.0,67.0,70.0,66.0,55.0,68.0,66.0,84.0
SEDRICKVANPRAN-GRANGER_20011023,Sedrick Van Pran-Granger,OL,2025,BUF,66.0,66.0,73.0,69.0,53.0,78.0,68.0,82.0
AJANICORNELIUS_20020521,Ajani Cornelius,OL,2025,DAL,65.0,64.0,70.0,51.0,46.0,69.0,73.0,86.0
BRANSONTAYLOR_20020213,Branson Taylor,OL,2025,LAC,65.0,63.0,68.0,60.0,55.0,67.0,53.0,85.0
CHASELUNDT_20020616,Chase Lundt,OL,2025,BUF,65.0,69.0,74.0,62.0,56.0,72.0,67.0,82.0
DREWKENDALL_20011127,Drew Kendall,OL,2025,PHI,65.0,71.0,72.0,66.0,64.0,76.0,75.0,81.0
HAYDENCONNER_20020426,Hayden Conner,OL,2025,ARI,65.0,65.0,75.0,63.0,57.0,65.0,52.0,86.0
MICHAELJERRELL_19990818,Michael Jerrell,OL,2025,SEA,65.0,74.0,81.0,53.0,54.0,53.0,79.0,82.0
MYLESHINTON_20020109,Myles Hinton,OL,2025,PHI,65.0,66.0,69.0,56.0,52.0,67.0,77.0,82.0
ALEXPALCZEWSKI_19990803,Alex Palczewski,OL,2025,DEN,64.0,63.0,75.0,60.0,58.0,70.0,71.0,82.0
CHANDLERZAVALA_19990402,Chandler Zavala,OL,2025,CAR,64.0,66.0,72.0,65.0,57.0,64.0,78.0,88.0
JOSHUAEZEUDU_19990919,Joshua Ezeudu,OL,2025,NYG,64.0,66.0,72.0,57.0,58.0,70.0,71.0,81.0
JUSTINDEDICH_20000421,Justin Dedich,OL,2025,LAR,64.0,60.0,62.0,56.0,57.0,63.0,73.0,89.0
MIKECALIENDO_19971021,Mike Caliendo,OL,2025,KC,64.0,60.0,71.0,59.0,55.0,63.0,71.0,82.0
SPENCERANDERSON_20000607,Spencer Anderson,OL,2025,PIT,64.0,67.0,70.0,63.0,50.0,72.0,75.0,88.0
KAYODEAWOSIKA_19981027,Kayode Awosika,OL,2025,DET,63.0,65.0,64.0,48.0,50.0,64.0,74.0,86.0
NICKZAKELJ_19990622,Nick Zakelj,OL,2025,SF,63.0,68.0,83.0,60.0,57.0,70.0,71.0,85.0
RYANVANDEMARK_19980322,Ryan Van Demark,OL,2025,BUF,63.0,63.0,75.0,66.0,58.0,67.0,75.0,83.0
MATTLEE_20010606,Matt Lee,OL,2025,CIN,62.0,71.0,74.0,53.0,55.0,70.0,76.0,82.0
STONEFORSYTHE_19971229,Stone Forsythe,OL,2025,NYG,62.0,67.0,67.0,67.0,49.0,73.0,69.0,87.0
JOHNOJUKWU_19990109,John Ojukwu,OL,2025,TEN,61.0,64.0,74.0,65.0,58.0,64.0,71.0,86.0
TRENTSCOTT_19940125,Trent Scott,OL,2025,WAS,57.0,68.0,58.0,53.0,44.0,65.0,66.0,80.0
RYANMCCOLLUM_19980304,Ryan McCollum,OL,2025,PIT,53.0,62.0,60.0,60.0,53.0,60.0,73.0,80.0
GERMAINIFEDI_19940602,Germain Ifedi,OL,2025,MIA,74.70169627580725,63.02673826214664,68.10368755765376,58.898045970893975,50.02683236832445,91.44408733009197,68.51526306574306,88.33014753802303
JAKEHANSON_19970429,Jake Hanson,OL,2025,NYJ,65.11612479018288,58.1354597222205,65.59796274433211,58.41851804738934,52.19201280994889,77.4818865618056,68.96463247412976,87.23438539955438
LEROYWATSON_19980610,Leroy Watson IV,OL,2025,MIN,62.09776086770563,66.76231681272839,70.38254626582739,60.61025798449742,54.10099017179891,70.21282429924429,75.41099305333137,83.23516479681678
LOGANBRUSS_19991007,Logan Bruss,OL,2025,TEN,67.56961286575336,63.39882232160062,70.58915709792336,61.77863837138494,55.750633933071185,77.62398757908011,74.45679182286358,86.0631629629747
MARKGLOWINSKI_19920503,Mark Glowinski,OL,2025,IND,72.17351399450968,64.2741404801643,68.16764679902417,61.493113645448034,51.75156732680625,89.34696273267207,64.90808625357931,89.02668397827287
SHANELEMIEUX_19970512,Shane Lemieux,OL,2025,NO,67.09347300157157,68.51459671660314,71.74296815624393,59.0177425579497,53.177491364391926,77.60042379254753,69.90794922630994,85.14804008356333
T.J.BASS_19990331,TJ Bass,OL,2025,DAL,61.34232804988608,57.701998137035844,65.85464220788208,55.75576446851596,52.82483841755061,68.71937994194468,74.39057136018118,85.20665239761243
THAYERMUNFORDJR_19990918,Thayer Munford Jr.,OL,2025,LV,63.4091564951803,61.88652737030475,68.40805776222805,59.62737058673105,52.18787141414009,73.21197231479869,67.79521509089682,84.3990821091491
WILLHERNANDEZ_19950902,Will Hernandez,OL,2025,ARI,74.38303837322621,67.04132696822194,70.50042162169575,62.90104744806291,51.53199753009085,83.32848592673656,64.96741604863291,93.11610418007129
JACKCONKLIN_19940817,Jack Conklin,OL,2025,CLE,79.0,69.0,69.0,60.0,51.0,91.0,74.0,88.0
WYATTTELLER_19941121,Wyatt Teller,OL,2025,CLE,79.0,72.0,65.0,66.0,51.0,87.0,72.0,93.0
CAMROBINSON_19951009,Cam Robinson,OL,2025,HOU,78.0,69.0,67.0,58.0,51.0,89.0,66.0,90.0
ABRAHAMLUCAS_19981025,Abraham Lucas,OL,2025,SEA,76.0,75.0,81.0,75.0,59.0,79.0,72.0,85.0
WALKERLITTLE_19990401,Walker Little,OL,2025,JAX,76.0,62.0,67.0,69.0,57.0,81.0,73.0,85.0
JORDANMEREDITH_19980104,Jordan Meredith,OL,2025,LV,75.0,68.0,74.0,70.0,56.0,77.0,78.0,83.0
LLOYDCUSHENBERRYIII_19971122,Lloyd Cushenberry III,OL,2025,TEN,75.0,71.0,66.0,56.0,50.0,87.0,61.0,85.0
AUSTINJACKSON_19990811,Austin Jackson,OL,2025,MIA,74.0,72.0,76.0,65.0,54.0,81.0,76.0,84.0
BRADYCHRISTENSEN_19960927,Brady Christensen,OL,2025,CAR,74.0,74.0,78.0,70.0,55.0,75.0,82.0,88.0
EVANNEAL_20000919,Evan Neal,OL,2025,NYG,74.0,76.0,79.0,61.0,54.0,66.0,84.0,91.0
JARRETTPATTERSON_19990901,Jarrett Patterson,OL,2025,HOU,72.0,61.0,71.0,54.0,52.0,78.0,73.0,83.0
BLAKEFISHER_20030325,Blake Fisher,OL,2025,HOU,71.0,66.0,69.0,59.0,56.0,63.0,70.0,83.0
CADEMAYS_19990426,Cade Mays,OL,2025,CAR,71.0,64.0,69.0,60.0,55.0,78.0,66.0,82.0
CALEBROGERS_20011003,Caleb Rogers,OL,2025,LV,71.0,69.0,72.0,70.0,64.0,72.0,66.0,86.0
DYLANFAIRCHILD_20030508,Dylan Fairchild,OL,2025,CIN,71.0,71.0,78.0,60.0,54.0,74.0,69.0,86.0
JAYLONMOORE_19980109,Jaylon Moore,OL,2025,KC,71.0,63.0,67.0,58.0,52.0,75.0,75.0,84.0
WYATTMILUM_20021227,Wyatt Milum,OL,2025,JAX,71.0,63.0,67.0,65.0,58.0,69.0,70.0,87.0
CHARLESGRANT_20020322,Charles Grant,OL,2025,LV,70.0,75.0,77.0,73.0,62.0,71.0,68.0,85.0
EMERYJONESJR._20040305,Emery Jones Jr.,OL,2025,BAL,70.0,70.0,74.0,57.0,54.0,68.0,71.0,88.0
ISAIAHADAMS_20000721,Isaiah Adams,OL,2025,ARI,69.0,65.0,70.0,59.0,56.0,69.0,63.0,86.0
JAREDWILSON_20030605,Jared Wilson,OL,2025,NE,69.0,78.0,79.0,70.0,62.0,69.0,78.0,86.0
KENYONGREEN_20010315,Kenyon Green,OL,2025,PHI,69.0,64.0,74.0,56.0,46.0,72.0,71.0,84.0
JALENTRAVIS_20020419,Jalen Travis,OL,2025,IND,68.0,68.0,70.0,57.0,50.0,68.0,84.0,88.0
JAMAREESALYER_20000713,Jamaree Salyer,OL,2025,LAC,67.0,63.0,68.0,59.0,55.0,75.0,62.0,88.0
BROCKHOFFMAN_19990702,Brock Hoffman,OL,2025,DAL,66.0,56.0,72.0,60.0,57.0,73.0,70.0,81.0
DALTONTUCKER_20000318,Dalton Tucker,OL,2025,IND,65.0,66.0,62.0,63.0,57.0,63.0,79.0,82.0
BENBROWN_19980519,Ben Brown,OL,2025,NE,63.0,61.0,63.0,58.0,45.0,75.0,64.0,85.0
NICKSALDIVERI_20000814,Nick Saldiveri,OL,2025,NO,63.0,65.0,78.0,61.0,61.0,68.0,76.0,84.0
LANDONYOUNG_19970821,Landon Young,OL,2025,NO,62.0,66.0,77.0,60.0,43.0,68.0,75.0,90.0
OLUSEGUNOLUWATIMI_19990805,Olu Oluwatimi,OL,2025,SEA,66.340970152377,69.1996310243079,73.9412486902479,62.26048763254636,56.43819787807661,74.6825774167412,78.22016482437857,84.88546996364227
WARRENMCCLENDON_20041101,Warren McClendon Jr.,OL,2025,LAR,65.48561619096017,67.6849949497024,73.18802094569128,62.144083698695965,54.31881042757277,73.59989167538106,76.06929652958252,84.60692645786528
ZACKMARTIN_19901120,Zack Martin,OL,2025,DAL,76.24577628032614,63.22034371935672,69.57400981509795,62.882156463809,51.3759500542717,97.07329003358814,64.53981292382286,88.25285937130565
WILLCAMPBELL_20040106,Will Campbell,OL,2025,NE,79.0,73.0,78.0,71.0,58.0,76.0,78.0,87.0
,Connor McGovern,OL,2025,BUF,78.0,69.0,62.0,61.0,55.0,90.0,67.0,87.0
DYLANPARHAM_19990824,Dylan Parham,OL,2025,LV,77.0,75.0,82.0,59.0,57.0,84.0,67.0,84.0
JONAHSAVAIINAEA_20040113,Jonah Savaiinaea,OL,2025,MIA,73.0,74.0,78.0,65.0,57.0,75.0,59.0,84.0
AIREONTAEERSERY_20020219,Aireontae Ersery,OL,2025,HOU,72.0,72.0,76.0,58.0,50.0,74.0,73.0,85.0
ANTHONYBELTON_20010223,Anthony Belton,OL,2025,GB,71.0,64.0,68.0,59.0,55.0,74.0,74.0,86.0
NETANEMUTI_19990327,Netane Muti,OL,2025,DET,71.0,67.0,56.0,62.0,51.0,66.0,68.0,96.0
OZZYTRAPILO_20011017,Ozzy Trapilo,OL,2025,CHI,71.0,65.0,74.0,61.0,57.0,74.0,74.0,87.0
TATERATLEDGE_20010426,Tate Ratledge,OL,2025,DET,71.0,73.0,78.0,71.0,61.0,77.0,78.0,88.0
RICKYSTROMBERG_20001110,Ricky Stromberg,OL,2025,CHI,69.0,64.0,75.0,67.0,59.0,71.0,79.0,83.0
TRYSTANCOLON-CASTILLO_19980323,Trystan Colon,OL,2025,DET,68.0,71.0,61.0,59.0,49.0,76.0,64.0,80.0
BRAEDENDANIELS_20000822,Braeden Daniels,OL,2025,MIA,67.0,73.0,80.0,66.0,60.0,75.0,75.0,79.0
BRANDONPARKER_19951021,Brandon Parker,OL,2025,ATL,67.0,60.0,63.0,55.0,40.0,78.0,71.0,84.0
GIOVANNIMANU_20010126,Giovanni Manu,OL,2025,DET,67.0,70.0,75.0,50.0,52.0,49.0,81.0,86.0
SAAHDIQCHARLES_19990726,Saahdiq Charles,OL,2025,DAL,67.0,70.0,62.0,69.0,53.0,78.0,68.0,85.0
ALECANDERSON_19991003,Alec Anderson,OL,2025,BUF,66.0,60.0,56.0,49.0,46.0,68.0,62.0,85.0
JA'TYRECARTER_19990115,Ja'Tyre Carter,OL,2025,CAR,66.0,72.0,78.0,56.0,49.0,74.0,83.0,85.0
JAKEANDREWS_19991111,Jake Andrews,OL,2025,HOU,66.0,67.0,72.0,56.0,54.0,69.0,66.0,87.0
LUCASNIANG_19980819,Lucas Niang,OL,2025,WAS,66.0,66.0,57.0,60.0,50.0,72.0,70.0,86.0
LUKEWYPLER_20010503,Luke Wypler,OL,2025,CLE,66.0,68.0,77.0,63.0,59.0,72.0,75.0,85.0
NATHANTHOMAS_20010822,Nathan Thomas,OL,2025,DAL,66.0,66.0,74.0,52.0,55.0,62.0,64.0,85.0
NICKGARGIULO_20000719,Nick Gargiulo,OL,2025,DEN,66.0,64.0,72.0,71.0,58.0,70.0,79.0,87.0
SUAOPETA_19960815,Sua Opeta,OL,2025,TB,66.0,71.0,82.0,57.0,51.0,70.0,80.0,92.0
KTLEVESTON_19991028,KT Leveston,OL,2025,LAR,65.0,60.0,65.0,55.0,52.0,68.0,69.0,85.0
BILLMURRAY_19970703,Bill Murray,OL,2025,CHI,64.0,67.0,72.0,61.0,51.0,71.0,63.0,82.0
DENNISDALEY_19960807,Dennis Daley,OL,2025,JAX,64.0,67.0,64.0,55.0,49.0,76.0,67.0,82.0
DONOVANJENNINGS_19991124,Donovan Jennings,OL,2025,GB,64.0,72.0,73.0,65.0,57.0,65.0,70.0,86.0
JOSIAHEZIRIM_20010521,Josiah Ezirim,OL,2025,NO,64.0,67.0,65.0,66.0,59.0,65.0,73.0,88.0
LADARIUSHENDERSON_20011211,LaDarius Henderson,OL,2025,HOU,64.0,64.0,60.0,51.0,57.0,60.0,69.0,83.0
LUKEHAGGARD_20000103,Luke Haggard,OL,2025,TB,64.0,67.0,73.0,60.0,47.0,62.0,70.0,84.0
BOBBYHART_19940821,Bobby Hart,OL,2025,WAS,63.0,49.0,50.0,50.0,40.0,77.0,68.0,84.0
CLAYWEBB_20000328,Clay Webb,OL,2025,DEN,63.0,69.0,78.0,51.0,51.0,61.0,76.0,87.0
HAKEEMADENIJI_19971208,Hakeem Adeniji,OL,2025,DAL,63.0,66.0,71.0,42.0,44.0,75.0,82.0,84.0
MARQUISHAYES_19990214,Marquis Hayes,OL,2025,NYJ,63.0,62.0,68.0,54.0,52.0,58.0,63.0,86.0
TRAVISCLAYTON_20010217,Travis Clayton,OL,2025,BUF,63.0,79.0,82.0,72.0,58.0,51.0,66.0,79.0
ANDREWMEYER_20000114,Andrew Meyer,OL,2025,MIA,62.0,70.0,73.0,52.0,60.0,58.0,74.0,86.0
DARTANYANTINSLEY_20010321,Dartanyan Tinsley,OL,2025,CLE,62.0,56.0,67.0,59.0,39.0,57.0,68.0,88.0
DYLANCOOK_19980111,Dylan Cook,OL,2025,PIT,62.0,69.0,65.0,62.0,51.0,65.0,76.0,80.0
KARSENBARNHART_20010302,Karsen Barnhart,OL,2025,LAC,62.0,65.0,75.0,57.0,57.0,63.0,74.0,82.0
NASHJONES_20020329,Nash Jones,OL,2025,LAC,62.0,62.0,68.0,56.0,53.0,58.0,74.0,87.0
NICKSAMAC_20010821,Nick Samac,OL,2025,BAL,62.0,65.0,72.0,64.0,54.0,70.0,63.0,84.0
REIDHOLSKEY_20020103,Reid Holskey,OL,2025,BAL,62.0,69.0,73.0,63.0,58.0,56.0,71.0,91.0
ESAPOLE_20010704,Esa Pole,OL,2025,KC,61.0,63.0,65.0,52.0,57.0,57.0,72.0,83.0
FEDERICOMARANGES_20011005,Federico Maranges,C,2025,SEA,61.0,66.0,75.0,58.0,57.0,60.0,76.0,86.0
HOLLINPIERCE_20010419,Hollin Pierce,OL,2025,PHI,61.0,60.0,64.0,51.0,45.0,59.0,61.0,88.0
JARRODHUFFORD_20010409,Jarrod Hufford,OL,2025,LV,61.0,68.0,69.0,52.0,50.0,57.0,75.0,89.0
JULIANPEARL_19991006,Julian Pearl,OL,2025,CLE,61.0,70.0,61.0,71.0,47.0,67.0,70.0,86.0
LUKETENUTA_19990901,Luke Tenuta,OL,2025,IND,61.0,59.0,64.0,60.0,55.0,70.0,78.0,81.0
RAIQWONO'NEAL_20000112,Raiqwon O'Neal,OL,2025,TB,61.0,71.0,69.0,61.0,57.0,64.0,71.0,81.0
WESLEYFRENCH_19961130,Wesley French,OL,2025,IND,61.0,66.0,69.0,69.0,55.0,63.0,72.0,87.0
AMARIKIGHT_20001221,Amari Kight,OL,2025,SEA,60.0,64.0,64.0,48.0,47.0,59.0,71.0,78.0
JAREDPENNING_20000917,Jared Penning,OL,2025,BAL,60.0,61.0,63.0,57.0,52.0,58.0,66.0,82.0
JASONIVEY_20010615,Jason Ivey,OL,2025,CLE,60.0,67.0,80.0,55.0,50.0,60.0,67.0,78.0
JOSHSILLS_19980126,Josh Sills,OL,2025,IND,60.0,64.0,66.0,64.0,53.0,61.0,64.0,78.0
SALWORMLEY_20010723,Sal Wormley,OL,2025,JAX,60.0,64.0,80.0,57.0,45.0,58.0,67.0,77.0
TYRONEWHEATLEYJR._19970204,Tyrone Wheatley Jr.,OL,2025,ATL,60.0,71.0,78.0,69.0,58.0,59.0,75.0,84.0
ANDREWCOKER_20010323,Andrew Coker,OL,2025,CIN,59.0,60.0,66.0,54.0,50.0,61.0,65.0,84.0
BENDOOLEY_20010403,Ben Dooley,OL,2025,LAR,59.0,63.0,67.0,54.0,50.0,58.0,64.0,80.0
JIMMYMORRISSEY_19980609,Jimmy Morrissey,OL,2025,NYG,59.0,61.0,81.0,68.0,59.0,70.0,76.0,81.0
OZZIEHUTCHINSON_20010916,Ozzie Hutchinson,C,2025,BAL,59.0,67.0,69.0,59.0,56.0,56.0,71.0,88.0
WILLIAMSHERMAN_o_line,Will Sherman,OL,2025,DEN,59.0,65.0,63.0,60.0,43.0,66.0,66.0,81.0
KINGSLEYEGUAKUN_20010323,Kingsley Eguakun,OL,2025,DET,58.0,61.0,68.0,65.0,64.0,60.0,78.0,84.0
KIONSMITH_19981007,Kion Smith,OL,2025,MIA,58.0,61.0,67.0,60.0,55.0,62.0,63.0,75.0
MATTNELSON_19951219,Matt Nelson,OL,2025,MIN,54.0,67.0,63.0,64.0,57.0,68.0,75.0,75.0
CALEBJONES_19990210,Caleb Jones,OL,2025,NE,66.08037656567473,63.24977933454409,64.47852029101432,53.23889898123849,41.192512826581094,65.64431279128848,67.35177328428608,89.57819540722946
CHASENHINES_20000403,Chasen Hines,OL,2025,MIA,67.10159011197788,64.53701322828294,67.78328955866277,57.58730574185586,52.402736520236715,72.03179195986559,72.31919671931428,87.53368874343994
CONORMCDERMOTT_19921019,Conor McDermott,OL,2025,LAR,69.17410425715144,64.1094889327643,68.85089768957073,63.361661965396536,47.16375375053036,83.22951126575072,65.06449878401872,83.43797073260248
D'ANTESMITH_19980609,D'Ante Smith,OL,2025,CIN,67.14780747636473,64.71151259993633,69.58624812296739,60.59328031770815,53.26423921531665,77.34670055613833,73.3495149102514,84.70017339256756
DIETEREISELEN_19960610,Dieter Eiselen,OL,2025,JAX,64.88676156553362,66.730624738541,70.48896249720815,60.79005934294287,51.576722314148526,74.55155233553728,71.38510576371255,83.40940589911736
JACKANDERSON_o_line,Jack Anderson,OL,2025,DAL,64.02024134332635,62.48287230423773,67.55659917882281,57.47091866885398,52.33976518520109,71.66807842116737,70.50049787100352,84.99425030446983
JONFELICIANO_19920210,Jon Feliciano,OL,2025,SF,73.06177267631728,59.08402282892257,63.80782984536336,57.418076875297686,45.619893355344914,88.6975478974116,59.520470206627124,87.80037178145557
JOSHBALL_19980515,Josh Ball,OL,2025,NO,66.53167828887683,65.93361111013326,71.09729739161071,62.806300042748546,52.2246901267103,75.59580826501497,70.12254222588126,83.94320932752498
JULIANGOOD-JONES_19970302,Julian Good-Jones,OL,2025,WAS,64.80026932684785,65.50330469484004,69.18702048926889,59.654673128354545,49.76707256058506,73.13996494200887,69.66013610812115,84.1660331729696
JUSTINHERRON_19951127,Justin Herron,OL,2025,DET,63.4749243678807,64.30492425775867,67.96891864019585,57.365415944299514,51.91172899917348,74.78669410100906,75.79219203261891,83.0978439735548
KAHLILMCKENZIE_d_line,Jalen McKenzie,OL,2025,MIA,64.15965891005845,66.86302736812775,69.81143963951081,59.13185830865888,51.09474295595879,69.38524122613853,72.6132655302008,84.45521311942437
LA'ELCOLLINS_19930726,La'el Collins,OL,2025,DAL,68.29578752945247,64.89744190124236,67.70478195798319,60.05289399336658,45.89173433679508,84.38288538443999,61.89744513898859,83.43472803638895
LE'RAVENCLARK_19930422,Le'Raven Clark,OL,2025,PHI,72.64227716918276,65.61847593579535,68.43434797774376,63.66208918531993,47.28185883203986,88.60751500272181,67.00602281664078,84.2020005576324
NATEHERBIG_19980710,Nate Herbig,OL,2025,WAS,63.660491382999794,55.88503245745494,61.16227339459488,48.720983373147135,46.223441960350954,71.09842006101917,58.95790738028518,87.88797038084402
QUINNBAILEY_19951018,Quinn Bailey,OL,2025,DEN,66.62239646101546,64.92185533556756,67.64742673455771,58.03562716204266,46.27605822641709,74.94664816692557,68.08613818839649,85.64427567180186
RICKYLEE_19990611,Ricky Lee,OL,2025,JAX,62.625594603650825,67.64482633090267,71.11790386156576,60.79928231070875,52.6721689448795,67.36926002792438,74.3503403434197,82.74361939318959
RYANRAMCZYK_19940422,Ryan Ramczyk,OL,2025,NO,73.25722681777972,66.18940584914947,70.46232776386864,64.78488432473648,50.098096893121635,88.02293722043873,68.08548636479418,86.12662796368531
TREMAYNEANCHRUMJR_19980624,Tremayne Anchrum,OL,2025,JAX,65.75262781772574,64.36384026643475,69.16262352784861,58.32671474979077,53.90469464348217,75.96150555856548,64.82497563445804,85.20657106071718
YASIRDURANT_19980521,Yasir Durant,OL,2025,NE,65.80956215321089,55.5414328451709,61.490693868032395,54.57180258469822,45.4360036892229,74.8883689814893,62.38112214685134,84.06145452039215
,Zack Johnson,OL,2025,SF,64.79702586176535,66.586721101237,70.11382625293186,60.890893451992156,50.047815026196815,73.85389563916283,71.08672072811669,82.91318428169285
,Isaac Alarcon,OL,2025,SF,65.50266474232802,65.39633871511467,68.19947776884123,58.68317512251497,47.18694738472601,72.49388286879685,69.30853640719852,84.64804271797576
,Roy Mbaeteka,OL,2025,CLE,65.36385738675898,65.40988775059634,67.51749892184762,57.484599691887865,46.26279875302072,69.68117970778462,69.7817900067912,85.35153828672003
,Obinna Eze,OL,2025,MIA,62.13116306427224,66.6346561292711,68.03764868047551,56.00854966195436,45.947124089413535,67.18361139874833,72.64689924733648,83.18076800045282
,Kohl Levao,OL,2025,NYJ,65.32570607820327,64.50662030376054,66.6812147240812,55.336140586048714,45.91884103139222,67.4430328872304,69.29558046270449,88.12546139710267
,Ryan Nelson,OL,2025,LAC,63.95870882672358,66.71240025645363,69.83436491855423,59.25917794989658,51.214413997888926,69.25437570970257,72.43634917620693,84.3435949699292
,Liam Fornadel,OL,2025,NYJ,63.619561936554305,66.74438373758755,70.2342076439138,59.64383534823446,52.57714607253621,69.46410290120662,72.55833441611776,84.08277315191037
,Barry Wesley,OL,2025,NO,62.80938164016885,66.31296200641111,70.21216597893067,60.708737397796256,50.64595062034738,68.50549634917729,71.97749810876212,82.84825652494288
,Lorenz Metz,OL,2025,TB,62.21811689731646,66.79897805369467,70.7601649481062,61.250677680772355,49.069310544358075,66.64616812617214,73.29740754003888,82.75735803153583
,Tashawn Manning,OL,2025,CIN,63.433151822414004,60.50048110557543,64.55538768865176,52.6660930834762,48.7865381683344,66.29937234173326,68.59620296106732,87.47862850118125
,Jerome Carvin,OL,2025,HOU,63.09932821107816,67.84181731453748,70.88135834838977,60.088371880932584,53.31868959906757,67.54804889327602,74.54280398276205,83.2534067967697
,Samuel Jackson,OL,2025,NYJ,63.044717737776296,67.02184424023392,70.41124650488678,59.57582686606713,52.07828868199539,67.24223188968585,73.53700104951122,84.19649372374579
,Kilian Zierer,OL,2025,CLE,63.26200814017375,67.47046369153088,70.34138278399087,59.852644927575966,50.74882970023788,67.04783001933879,73.99762845091664,83.52174164257576
,Earl Bostick,OL,2025,DAL,63.056340390707646,69.07832966838043,71.48024817749115,60.37825312504543,50.53924929954297,65.83527629488685,75.27238138419807,84.9389759940893
,Henry Byrd,OL,2025,MIN,62.7812047213921,67.28561668737359,70.87395652757982,60.21513912903828,52.716876326045224,67.45561216369083,73.92690093181818,83.6046017842263
,Joey Fisher,OL,2025,ATL,63.330357272637684,66.57337675605493,69.88415444091629,58.841986664068486,50.98442459849838,67.06474911958503,72.94140593600878,85.10506602229162
,Dalton Wagner,OL,2025,LV,62.29517350649621,66.16899069108365,69.74758582616437,58.64274510446285,49.179449201053274,65.94283767645811,67.61717687650935,83.67749539990615
,Silas Dzansi,OL,2025,TB,63.380275740844354,65.42754975972196,68.76767880508032,57.60010432232622,49.709743996210534,66.10763476675788,71.38977716525869,86.27333966915609
,Jaylon Thomas,OL,2025,HOU,63.37489060194497,67.65603404023761,70.60928451636869,59.63708280302086,52.51683683962602,67.5903941257734,74.302813769556,83.8962930036372
,Chukwuebuka Godrick,OL,2025,KC,61.628821759750736,68.03355689994817,72.26260362067956,62.34528088260038,55.544140014960874,67.67004059456781,74.99261727784688,81.18653026587805
,Corey Bullock,OL,2025,BAL,61.58299357303241,67.10759316633573,71.02895525429904,59.809651019284956,55.86815620559565,64.84106343277608,74.33767129303715,83.63909634332339
,Darrian Dalcourt,OL,2025,BAL,61.94719276257837,66.80508469848257,70.57489383154234,59.11476041962305,54.82147202613379,64.78808869373006,73.92875019182384,84.50793042485347
,Gottlieb Ayedze,OL,2025,LV,61.47353695923073,72.01852436437582,75.00589007226017,61.88606115173752,55.31519721353624,65.18529008090923,74.52880881185456,83.52883422728877
,Anim Dankwah,OL,2025,WAS,63.59792274844989,64.33588483325332,66.49841983080387,54.43101772805028,45.4216979739021,61.830189332407144,68.66471683206328,88.21243719940998
,Garret Greenfield,OL,2025,TB,62.72029452663003,65.4319915184202,68.99374508989922,60.49293881838889,50.54009213308649,63.78793525817355,83.76137923576562,84.58927548831434
,Mike Novitsky,OL,2025,SEA,62.3164246684691,68.40498742888542,71.71679571245863,60.60572223452658,54.0421157158292,65.94210280603261,76.0149301527349,83.14066833464489
,McKade Mettauer,OL,2025,KC,61.7526919848591,67.81991115920425,71.81393714172555,60.55018482678696,55.930142844949216,65.82240305085293,75.36890683367483,83.39200683317301
,Bryan Hudson,OL,2025,NYG,61.651436634581216,67.94042913643887,71.69644912110357,60.93760716854621,54.69539261906374,65.34561889743804,75.42858997594521,82.62618360493377
,Theo Benedet,OL,2025,CHI,61.39594697996273,67.76555427170263,71.42763983464397,61.239056088387144,53.361991109086205,64.6177296011906,75.10999853850217,81.947667848999
,Mike Edwards,OL,2025,BUF,65.06613765802427,65.12717981145772,66.5208348222809,53.52464936940396,46.58108790385921,63.46273719728242,71.28358719387734,89.93036062485578
,Matthew Jones,OL,2025,ARI,60.87326188082932,65.82028048177392,68.07265798640651,54.34315848369374,52.52895005234194,64.81066841947859,73.14160381497322,84.29751505055435
,Marcellus Johnson,OL,2025,MIN,61.91696265732372,67.93497493165626,71.69481684832294,60.56123816966965,54.96116699433145,65.73073616181114,75.46789058806326,83.28688458633496
,Lorenzo Thompson,OL,2025,CLE,62.31878127225389,68.40093943572663,71.61811963565538,60.72186097729809,53.17059328916474,65.7465791361301,75.97435144598921,82.94311915290143
,Will Putnam,OL,2025,LV,61.4891381926048,68.1660387467042,72.26122383712709,61.39712813480986,55.79311467834572,65.91283929558199,75.8351207909518,82.51661402744156
,Steven Jones,OL,2025,PIT,63.098476819131236,65.79651565505117,68.6291229034307,56.84185125336046,50.22046962924543,63.78068359493568,72.39571792219067,86.65572820044022
,Sincere Haynesworth,OL,2025,ARI,62.068074497463726,68.72488115540443,72.46434553876543,60.66171440228504,58.403747179965706,66.78144062934211,76.57148186751101,83.22121838487311
,Tyler McLellan,OL,2025,TB,63.382869208049385,64.59926453989681,67.12142174174733,55.71442623379846,45.74983705155324,62.40062763165997,70.68618432127914,87.67139936800487
,Bucky Williams,OL,2025,CLE,62.21155501571104,68.79423022329536,72.35378368045713,60.90363450344506,56.324149051246934,66.64934266033924,76.6230866321066,83.04021721265468
,Drake Nugent,OL,2025,SF,63.475893800448375,66.05378064199328,70.86800699242394,62.53714316612184,58.96079079251086,68.19538485975954,74.14964717162457,82.41894925026514
,Matthew Cindric,OL,2025,ATL,61.402473624414256,68.62343732297529,72.88886585048385,62.11130396570701,56.16669230702979,66.48371277622869,76.5095662483518,82.07597432844875
,Doug Nester,OL,2025,PIT,61.55352932819329,67.7470180108918,71.6293469232794,61.12548721586444,53.53544469891625,65.1796352460608,75.19207369629521,82.59395841570563
,Laekin Vakalahi,OL,2025,PHI,61.75532838313251,66.70165448655223,70.19373897903438,59.275209973985966,53.702807011604534,63.931071002756426,73.65184965270737,83.73085114628196
,Bayron Matos,OL,2025,MIA,63.38664711187431,66.56737519903265,68.80405530618577,57.34867773901169,49.13429525956707,63.85803811761684,73.28173145445908,85.76150349504456
,Jack Wilson,OL,2025,IND,61.94497853032618,67.64221736500497,70.74643608703946,61.08762113635851,48.56635294560914,64.14119792954011,74.82577146295762,82.17364192494495
,Justin Osborne,OL,2025,CLE,61.999947277152955,67.31615383106521,70.52882363199842,58.74682655727332,53.04209018204784,59.292084926256166,75.8182680219411,84.4601676595361
,Steven Losoya,OL,2025,CAR,61.79755469130225,67.16726412405058,70.5543789027463,58.87818330713367,53.163906961988516,59.16226395018134,75.64381494551935,84.34463399090424
,Timothy McKay,OL,2025,WAS,61.01113110590478,66.61337200739479,70.54936547383954,59.28888229106906,53.890273933186734,58.48788745594288,74.95280292287498,83.7608290600142
,Rush Reimer,OL,2025,BUF,61.94213700081525,67.2982646596621,70.43181122839951,58.6846412417118,53.32991674546048,59.085063945886304,75.75528707441617,84.29228393572026
,Jeremiah Byers,OL,2025,ARI,61.87851172564285,67.22682000685666,70.54415679444742,58.825640607189655,53.115180250012656,59.214192340611135,75.71359617608823,84.3908474583568
,Josh Fryar,OL,2025,ARI,61.7802229321353,67.17915289405039,70.45225544499749,58.7897266416,53.427370169412995,58.98120716502649,75.61572461327933,84.19985700081486
,Mason Miller,OL,2025,DET,61.05160962307474,66.64314994879771,70.54425441969033,59.26261094109708,53.86591057719926,58.51385165115744,74.98769353816124,83.78393579374045
,Jaison Williams,OL,2025,NYG,61.392769519602325,66.86948471002131,70.60548944424227,59.14089680685407,53.40754052186986,58.90262199803192,75.29490879267541,84.11356665364082
,Marques Cox,OL,2025,DEN,61.85536496764024,67.18515329545414,70.65139130634657,58.94036862269547,52.87608039857645,59.36928493055143,75.70679589304564,84.51251771472008
,Joseph Michalski,OL,2025,DEN,61.75707617413292,67.13748618264788,70.55948995689664,58.90445465710599,53.18827031797679,59.136299754966785,75.60892433023491,84.32152725717776
,Savion Washington,OL,2025,LAC,61.618308863454445,67.06004112843846,70.4726996615957,58.89481204148814,53.52482359336483,58.87735038416599,75.4761621521402,84.10743006590923
,Corey Stewart,OL,2025,LAC,61.618308863454445,67.06004112843846,70.4726996615957,58.89481204148814,53.52482359336483,58.87735038416599,75.4761621521402,84.10743006590923
,Josh Kaltenberger,OL,2025,LAC,61.71659765696245,67.10770824124495,70.56460101104562,58.93072600707768,53.21263367396472,59.110335559751775,75.57403371495047,84.29842052345145
,Parker Clements,OL,2025,LV,61.17304517458484,66.73248377300649,70.52892125724202,59.183796891180805,53.79282050923456,58.5917442368027,75.09236538401319,83.85325599491944
,Logan Brown,OL,2025,MIN,61.433248036772625,66.89926265142469,70.60037839009283,59.114625456882266,53.38317716588193,58.928586193247384,75.32979940795985,84.13667338736701
,Brandon Crenshaw-Dickson,OL,2025,TEN,61.838033208472496,67.1970420654535,70.54926784859708,58.85191195716146,53.13954360600036,59.188228145396806,75.67870556080379,84.36774072463038
,Jordan Williams,OL,2025,ATL,61.2540022089247,66.79203965581235,70.51869914894223,59.13125419123685,53.74409379725836,58.64367262723226,75.16214661458162,83.89946946237217
,Wyatt Bowles,OL,2025,LAR,61.08627314141006,66.61937240879854,70.74850133518817,59.43952427216476,53.33898416235019,58.875965221468505,75.04387420264038,84.07348977391945
,Mose Vavao,OL,2025,IND,61.49687331194502,66.97070730423036,70.48803282404583,58.97362609140458,53.597913661329756,58.799457798522326,75.3714903062878,84.03810986473025
,Michael Gonzalez,OL,2025,ATL,61.155713415417154,66.74437254300653,70.42679779949253,59.09534022564753,54.056283716658925,58.41068745164739,75.06427505177271,83.70847900483011
,Vershon Lee,OL,2025,MIN,61.3349592432653,66.85159553861843,70.50847704064358,59.07871149129289,53.695367085282385,58.695601017662966,75.23192784515004,83.94568292982495
,Luke Felix-Fualalo,OL,2025,SEA,62.0577575534906,67.33404300246809,70.62583603559801,58.809011872835185,52.754263618635775,59.49910590662648,75.88124896946738,84.62805138335193
,Joey Lombard,OL,2025,KC,61.23085545092238,66.75037294441006,70.62593366084138,59.245982206742895,53.50499394582238,58.798765217172786,75.15534633153993,84.0211397187353
CHRISTIANDARRISAW_19990602,Christian Darrisaw,OL,2025,MIN,92.0,73.0,73.0,67.0,54.0,92.0,70.0,92.0
ERIKMCCOY_19970827,Erik McCoy,OL,2025,NO,89.0,74.0,77.0,62.0,58.0,95.0,76.0,89.0
RYANKELLY_19930530,Ryan Kelly,OL,2025,MIN,83.0,69.0,70.0,66.0,57.0,96.0,74.0,85.0
DREWDALMAN_19981015,Drew Dalman,OL,2025,CHI,79.0,70.0,75.0,68.0,53.0,87.0,80.0,87.0
BRAXTONJONES_19990327,Braxton Jones,OL,2025,CHI,78.0,73.0,81.0,65.0,56.0,85.0,68.0,88.0
ARMANDMEMBOU_20040327,Armand Membou,OL,2025,NYJ,77.0,74.0,76.0,72.0,61.0,76.0,82.0,89.0
JACKSONPOWERS-JOHNSON_20030123,Jackson Powers-Johnson,OL,2025,LV,77.0,70.0,75.0,69.0,57.0,77.0,78.0,88.0
TYLERBOOKER_20040412,Tyler Booker,OL,2025,DAL,77.0,60.0,59.0,53.0,53.0,80.0,68.0,94.0
KELVINBANKSJR._20040310,Kelvin Banks Jr.,OL,2025,NO,76.0,67.0,72.0,58.0,59.0,76.0,78.0,86.0
GREYZABEL_20020330,Grey Zabel,OL,2025,SEA,75.0,74.0,79.0,62.0,61.0,78.0,84.0,88.0
,Jon Runyan,OL,2025,NYG,75.0,71.0,70.0,64.0,57.0,84.0,75.0,87.0
ANDREJAMES_19970502,Andre James,OL,2025,LAC,74.0,67.0,68.0,57.0,51.0,75.0,72.0,83.0
DONOVANJACKSON_20021204,Donovan Jackson,OL,2025,MIN,74.0,67.0,72.0,62.0,53.0,76.0,71.0,90.0
JOSHCONERLYJR._20031105,Josh Conerly Jr.,OL,2025,WAS,74.0,71.0,80.0,70.0,59.0,73.0,83.0,82.0
JUICESCRUGGS_20000119,Juice Scruggs,OL,2025,HOU,74.0,65.0,74.0,60.0,58.0,75.0,78.0,87.0
LUCASPATRICK_19930730,Lucas Patrick,OL,2025,CIN,74.0,70.0,81.0,59.0,51.0,82.0,72.0,84.0
ANTHONYBRADFORD_20010428,Anthony Bradford,OL,2025,SEA,73.0,70.0,84.0,56.0,52.0,74.0,74.0,92.0
EDINGRAM_19990211,Ed Ingram,OL,2025,HOU,73.0,72.0,82.0,55.0,50.0,80.0,55.0,87.0
TYLERGUYTON_20020611,Tyler Guyton,OL,2025,DAL,73.0,67.0,75.0,71.0,59.0,77.0,83.0,85.0
ETHANPOCIC_19950805,Ethan Pocic,OL,2025,CLE,72.0,71.0,64.0,56.0,50.0,75.0,68.0,88.0
LAYDENROBINSON_20010503,Layden Robinson,OL,2025,NE,72.0,72.0,72.0,60.0,56.0,80.0,67.0,88.0
KENDALLLAMM_19920605,Kendall Lamm,OL,2025,PHI,71.0,68.0,54.0,67.0,52.0,77.0,66.0,80.0
MATTGONCALVES_20010126,Matt Goncalves,OL,2025,IND,71.0,66.0,71.0,54.0,51.0,73.0,75.0,84.0
DANIELBRUNSKILL_19940127,Daniel Brunskill,OL,2025,MIA,70.0,71.0,64.0,60.0,51.0,78.0,71.0,81.0
JUSTINSKULE_19961123,Justin Skule,OL,2025,MIN,67.0,65.0,64.0,64.0,54.0,72.0,65.0,85.0
RYANNEUZIL_19970731,Ryan Neuzil,OL,2025,ATL,65.0,69.0,72.0,68.0,58.0,72.0,72.0,85.0
FREDJOHNSON_19970605,Fred Johnson,OL,2025,JAX,62.0,63.0,60.0,53.0,42.0,72.0,63.0,85.0
DANSKIPPER_19940920,Dan Skipper,OL,2025,DET,61.0,70.0,63.0,56.0,47.0,73.0,66.0,82.0
DALTONRISNER_19950713,Dalton Risner,OL,2025,MIN,71.87974521659733,65.57011396492157,71.95807786214073,63.01625248266669,53.728588109513794,86.57681330310459,73.59257522070993,85.39309183088636
MICHAELJORDAN_19980125,Mike Jordan,OL,2025,TB,69.95256291346965,65.96918488785082,69.58180074364827,60.75601441025947,50.76980674919355,83.73202508841928,77.20242796255752,85.04200471442246
NICHOLASPETIT-FRERE_19990915,Nicholas Petit-Frere,OL,2025,SF,70.12645642646652,69.82998371009194,74.72560605956733,64.0353260134159,56.11399564383282,78.21465391824609,71.98605861958094,85.60874786404682
OLUFASHANU_20021209,Olumuyiwa Fashanu,OL,2025,NYJ,70.966489947322,71.46748514223646,75.24945663722019,66.34569090249647,56.93443764459198,78.18240778506322,82.99073402237946,85.7879742068317
TYRONSMITH_19901212,Tyron Smith,OL,2025,DAL,81.75489941250383,72.22403689775615,70.86700980087335,62.57679529989309,48.62061917969481,102.02779041156612,61.77667276040711,92.0352621419531
TRENTWILLIAMS_19880719,Trent Williams,OL,2025,SF,97.0,77.0,74.0,71.0,57.0,98.0,83.0,95.0
JOELBITONIO_19911011,Joel Bitonio,OL,2025,CLE,85.0,73.0,72.0,70.0,54.0,92.0,78.0,88.0
ROBHAVENSTEIN_19920513,Rob Havenstein,OL,2025,LAR,84.0,68.0,63.0,53.0,47.0,95.0,71.0,86.0
BRADENSMITH_19960325,Braden Smith,OL,2025,IND,83.0,67.0,69.0,58.0,52.0,91.0,81.0,92.0
MIKEONWENU_19971210,Mike Onwenu,OL,2025,NE,82.0,66.0,54.0,55.0,47.0,86.0,65.0,91.0
TEVENJENKINS_19980303,Teven Jenkins,OL,2025,CLE,80.0,74.0,73.0,61.0,52.0,77.0,79.0,91.0
CESARRUIZ_19990614,Cesar Ruiz,OL,2025,NO,79.0,76.0,75.0,55.0,57.0,84.0,80.0,87.0
GREGVANROTEN_19900226,Greg Van Roten,OL,2025,NYG,76.0,67.0,61.0,56.0,50.0,86.0,82.0,84.0
LUKEWATTENBERG_19970910,Luke Wattenberg,OL,2025,DEN,76.0,66.0,78.0,69.0,62.0,78.0,73.0,79.0
STEVEAVILA_19991016,Steve Avila,OL,2025,LAR,76.0,65.0,71.0,56.0,56.0,82.0,73.0,88.0
JERMAINEELUEMUNOR_19941213,Jermaine Eluemunor,OL,2025,NYG,75.0,68.0,62.0,57.0,47.0,80.0,71.0,92.0
COOPERBEEBE_20010519,Cooper Beebe,OL,2025,DAL,74.0,71.0,75.0,69.0,60.0,75.0,69.0,87.0
DJGLAZE_20020804,DJ Glaze,OL,2025,LV,73.0,65.0,73.0,56.0,51.0,76.0,65.0,88.0
DILLONRADUNZ_19980328,Dillon Radunz,OL,2025,NO,72.0,69.0,73.0,74.0,57.0,81.0,78.0,84.0
WANYAMORRIS_20001010,Wanya Morris,OL,2025,KC,70.0,69.0,70.0,63.0,57.0,74.0,71.0,83.0
CODYFORD_19961228,Cody Ford,OL,2025,CIN,69.0,67.0,66.0,55.0,52.0,70.0,71.0,87.0
DEMONTREYJACOBS_19981122,Demontrey Jacobs,OL,2025,NE,65.0,67.0,70.0,67.0,56.0,72.0,66.0,83.0
VEDERIANLOWE_19990417,Vederian Lowe,OL,2025,NE,65.0,65.0,75.0,57.0,54.0,78.0,65.0,82.0
CORNELIUSLUCASIII_19910718,Cornelius Lucas,OL,2025,CLE,78.15023136622511,62.1827020100709,66.3146761436542,57.40216223782306,45.4303379381563,99.25904465209442,64.1253688134384,86.8060641042581
JOHNMICHAELSCHMITZJR_19990319,John Michael Schmitz,OL,2025,NYG,72.51649984657035,66.30792154415963,73.82306722623332,62.13679574008563,57.250010847340036,82.90423738072843,80.99648914102318,85.66312056698374
KOLTONMILLER_19951009,Kolton Miller,OL,2025,LV,87.0,74.0,79.0,71.0,57.0,94.0,77.0,88.0
BERNHARDRAIMANN_19970923,Bernhard Raimann,OL,2025,IND,85.0,71.0,80.0,72.0,60.0,86.0,75.0,91.0
ZACHFRAZIER_20010829,Zach Frazier,OL,2025,PIT,84.0,64.0,69.0,56.0,54.0,88.0,71.0,88.0
DAMIENLEWIS_19970321,Damien Lewis,OL,2025,CAR,83.0,68.0,65.0,55.0,47.0,88.0,74.0,89.0
MIKEMCGLINCHEY_19950112,Mike McGlinchey,OL,2025,DEN,82.0,71.0,67.0,67.0,49.0,89.0,71.0,88.0
MORGANMOSES_19910303,Morgan Moses,OL,2025,NE,81.0,65.0,49.0,54.0,45.0,92.0,66.0,89.0
DARNELLWRIGHT_20010810,Darnell Wright,OL,2025,CHI,80.0,72.0,75.0,56.0,51.0,81.0,72.0,94.0
EZRACLEVELAND_19980508,Ezra Cleveland,OL,2025,JAX,78.0,76.0,78.0,71.0,56.0,77.0,74.0,88.0
LAKENTOMLINSON_19920209,Laken Tomlinson,OL,2025,HOU,76.0,70.0,68.0,57.0,48.0,94.0,77.0,86.0
PETERSKORONSKI_20010731,Peter Skoronski,OL,2025,TEN,76.0,67.0,80.0,58.0,59.0,79.0,83.0,88.0
AARONBANKS_19970903,Aaron Banks,OL,2025,GB,75.0,60.0,58.0,60.0,50.0,82.0,76.0,86.0
BENPOWERS_19961029,Ben Powers,OL,2025,DEN,74.0,70.0,69.0,61.0,47.0,88.0,72.0,82.0
MASONMCCORMICK_20000525,Mason McCormick,OL,2025,PIT,74.0,70.0,79.0,61.0,61.0,74.0,85.0,90.0
COLEMANSHELTON_19950728,Coleman Shelton,OL,2025,LAR,73.0,73.0,70.0,64.0,56.0,83.0,69.0,83.0
KELVINBEACHUM_19890608,Kelvin Beachum,OL,2025,ARI,73.0,63.0,61.0,57.0,44.0,88.0,70.0,87.0
MATTPRYOR_19941216,Matt Pryor,OL,2025,PHI,72.0,60.0,53.0,57.0,49.0,77.0,63.0,86.0
LIAMEICHENBERG_19980119,Liam Eichenberg,OL,2025,MIA,67.0,68.0,70.0,66.0,53.0,77.0,67.0,85.0
BRANDONSCHERFF_19911226,Brandon Scherff,OL,2025,JAX,79.53367626461466,70.5270267252024,73.02964087554574,65.86380970510777,53.719289619055644,92.53614837177298,73.21416958260215,87.38309021204394
ORLANDOBROWNJR_19960502,Orlando Brown,OL,2025,CIN,73.98352374670577,51.232164383438885,57.594244647254754,57.15884145204359,45.63328628610361,87.14927474477105,65.42131350349518,88.27848673094007
GARETTBOLLES_19920527,Garett Bolles,OL,2025,DEN,89.0,75.0,76.0,72.0,56.0,93.0,70.0,87.0
TYLERSMITH_20010403,Tyler Smith,OL,2025,DAL,88.0,72.0,80.0,59.0,59.0,85.0,69.0,97.0
TAYLORMOTON_19940818,Taylor Moton,OL,2025,CAR,86.0,69.0,65.0,62.0,56.0,95.0,75.0,88.0
ALIJAHVERA-TUCKER_19990617,Alijah Vera-Tucker,OL,2025,NYJ,84.0,75.0,74.0,61.0,56.0,85.0,78.0,91.0
CHARLESCROSS_20001125,Charles Cross,OL,2025,SEA,83.0,74.0,75.0,56.0,60.0,88.0,75.0,84.0
DOMINICKPUNI_20000224,Dominick Puni,OL,2025,SF,83.0,61.0,64.0,68.0,63.0,82.0,74.0,91.0
JOHNSIMPSON_19970819,John Simpson,OL,2025,NYJ,82.0,70.0,67.0,51.0,49.0,86.0,74.0,92.0
LUKEGOEDEKE_19981121,Luke Goedeke,OL,2025,TB,82.0,63.0,67.0,64.0,57.0,83.0,76.0,88.0
IKEMEKWONU_20001031,Ikem Ekwonu,OL,2025,CAR,80.0,75.0,78.0,57.0,56.0,76.0,72.0,93.0
ISAACSEUMALO_19931029,Isaac Seumalo,OL,2025,PIT,80.0,69.0,72.0,67.0,53.0,87.0,66.0,84.0
JOETIPPMANN_20010324,Joe Tippmann,OL,2025,NYJ,79.0,73.0,81.0,65.0,57.0,80.0,72.0,89.0
AJJACKSON_19980714,Alaric Jackson,OL,2025,LAR,78.0,63.0,67.0,61.0,50.0,86.0,64.0,85.0
JCLATHAM_20010713,JC Latham,OL,2025,TEN,78.0,63.0,64.0,60.0,50.0,72.0,68.0,94.0
TYTUSHOWARD_19960523,Tytus Howard,OL,2025,HOU,78.0,73.0,68.0,60.0,52.0,82.0,73.0,85.0
AARONBREWER_19971028,Aaron Brewer,OL,2025,MIA,77.0,74.0,63.0,62.0,54.0,85.0,72.0,79.0
ZIONJOHNSON_19991118,Zion Johnson,OL,2025,LAC,77.0,66.0,76.0,71.0,58.0,77.0,78.0,90.0
ANDREWWYLIE_19940819,Andrew Wylie,OL,2025,WAS,76.0,68.0,71.0,66.0,53.0,75.0,82.0,85.0
JAWAANTAYLOR_19971125,Jawaan Taylor,OL,2025,KC,76.0,67.0,60.0,64.0,51.0,82.0,72.0,87.0
MATTHEWBERGERON_20000226,Matthew Bergeron,OL,2025,ATL,76.0,63.0,75.0,71.0,59.0,78.0,75.0,89.0
GARRETTBRADBURY_19950620,Garrett Bradbury,OL,2025,NE,75.0,73.0,78.0,68.0,58.0,85.0,76.0,90.0
JAKEBRENDEL_19920910,Jake Brendel,OL,2025,SF,74.0,69.0,73.0,69.0,61.0,84.0,70.0,84.0
BRADLEYBOZEMAN_19941124,Bradley Bozeman,OL,2025,LAC,73.0,71.0,56.0,52.0,36.0,84.0,62.0,85.0
COLTONMCKIVITZ_19960809,Colton McKivitz,OL,2025,SF,73.0,71.0,68.0,55.0,48.0,85.0,66.0,84.0
TERENCESTEELE_19970604,Terence Steele,OL,2025,DAL,73.0,75.0,76.0,57.0,46.0,77.0,69.0,88.0
BLAKEBRANDEL_19970123,Blake Brandel,OL,2025,MIN,72.0,69.0,63.0,52.0,47.0,81.0,76.0,87.0
CORDELLVOLSON_19980720,Cordell Volson,OL,2025,CIN,72.0,63.0,70.0,56.0,52.0,78.0,78.0,85.0
ANTONHARRISON_20020202,Anton Harrison,OL,2025,JAX,71.0,73.0,79.0,62.0,53.0,81.0,71.0,82.0
BEAUXLIMMER_20010610,Beaux Limmer,OL,2025,LAR,70.0,65.0,75.0,67.0,59.0,75.0,86.0,85.0
ROBERTJONES_19990128,Robert Jones,OL,2025,DAL,70.0,65.0,68.0,49.0,53.0,78.0,76.0,88.0
MEKHIBECTON_19990418,Mekhi Becton,OL,2025,LAC,80.0515130764552,69.05071599310918,70.86014018002766,63.57198546829977,54.14824995106255,87.23492381636316,80.49892545215789,92.32968604638583
PARISJOHNSONJR._20010703,Paris Johnson Jr.,OL,2025,ARI,75.38642899667559,72.12495461991807,76.0459215854064,67.50008802322054,59.445964301461345,82.67718372325936,85.22214665135107,86.89266126004746
TERRONARMSTEAD_19910723,Terron Armstead,OL,2025,MIA,81.2983241131148,77.58481352194713,76.2664997831082,67.67422226218946,50.43793249362534,94.32917315352626,73.52241105666417,87.76212253801022
LANEJOHNSON_19900508,Lane Johnson,OL,2025,PHI,99.0,77.0,78.0,75.0,58.0,99.0,82.0,93.0
JORDANMAILATA_19970331,Jordan Mailata,OL,2025,PHI,96.0,74.0,69.0,68.0,57.0,97.0,75.0,97.0
PENEISEWELL_20001009,Penei Sewell,OL,2025,DET,96.0,73.0,74.0,60.0,58.0,97.0,70.0,97.0
TRISTANWIRFS_19990124,Tristan Wirfs,OL,2025,TB,96.0,77.0,78.0,65.0,58.0,97.0,87.0,94.0
QUINNMEINERZ_19981115,Quinn Meinerz,OL,2025,DEN,95.0,76.0,79.0,66.0,55.0,95.0,78.0,95.0
CHRISLINDSTROM_19970228,Chris Lindstrom,OL,2025,ATL,94.0,76.0,80.0,68.0,58.0,98.0,75.0,92.0
CREEDHUMPHREY_19980628,Creed Humphrey,OL,2025,KC,94.0,74.0,79.0,67.0,58.0,97.0,80.0,90.0
LAREMYTUNSIL_19940802,Laremy Tunsil,OL,2025,WAS,94.0,72.0,68.0,67.0,53.0,94.0,71.0,92.0
JOETHUNEY_19921118,Joe Thuney,OL,2025,CHI,93.0,73.0,76.0,68.0,57.0,96.0,71.0,88.0
RASHAWNSLATER_19990326,Rashawn Slater,OL,2025,LAC,93.0,75.0,81.0,68.0,60.0,88.0,80.0,93.0
QUENTONNELSON_19960319,Quenton Nelson,OL,2025,IND,92.0,70.0,67.0,67.0,57.0,99.0,67.0,95.0
DIONDAWKINS_19940426,Dion Dawkins,OL,2025,BUF,91.0,75.0,71.0,70.0,52.0,97.0,66.0,92.0
KEVINZEITLER_19900308,Kevin Zeitler,OL,2025,TEN,91.0,73.0,67.0,56.0,52.0,98.0,72.0,91.0
RONNIESTANLEY_19940318,Ronnie Stanley,OL,2025,BAL,90.0,71.0,67.0,68.0,56.0,97.0,71.0,92.0
TREYSMITH_19990616,Trey Smith,OL,2025,KC,90.0,71.0,75.0,69.0,53.0,88.0,76.0,95.0
LANDONDICKERSON_19980930,Landon Dickerson,OL,2025,PHI,88.0,67.0,65.0,67.0,47.0,88.0,68.0,93.0
TYLERLINDERBAUM_20000407,Tyler Linderbaum,OL,2025,BAL,88.0,77.0,82.0,69.0,59.0,89.0,72.0,85.0
ELGTONJENKINS_19951226,Elgton Jenkins,OL,2025,GB,87.0,74.0,73.0,63.0,55.0,90.0,70.0,89.0
SAMCOSMI_19990216,Sam Cosmi,OL,2025,WAS,87.0,77.0,81.0,72.0,57.0,88.0,74.0,87.0
TAYLORDECKER_19940823,Taylor Decker,OL,2025,DET,87.0,69.0,65.0,57.0,51.0,95.0,72.0,90.0
ZACHTOM_19990326,Zach Tom,OL,2025,GB,87.0,74.0,84.0,74.0,60.0,90.0,80.0,81.0
BRIANO'NEILL_19950915,Brian O'Neill,OL,2025,MIN,86.0,76.0,76.0,75.0,57.0,96.0,73.0,86.0
JAKEMATTHEWS_19920211,Jake Matthews,OL,2025,ATL,86.0,71.0,72.0,67.0,56.0,91.0,75.0,86.0
KEVINDOTSON_19960918,Kevin Dotson,OL,2025,LAR,85.0,70.0,69.0,59.0,51.0,88.0,78.0,90.0
SPENCERBROWN_19980228,Spencer Brown,OL,2025,BUF,85.0,74.0,80.0,75.0,57.0,85.0,77.0,91.0
JOEALT_20030228,Joe Alt,OL,2025,LAC,82.0,71.0,77.0,72.0,63.0,83.0,70.0,89.0
ROBERTHUNT_19960825,Robert Hunt,OL,2025,CAR,82.0,66.0,58.0,60.0,51.0,90.0,68.0,89.0
KALEBMCGARY_19950222,Kaleb McGary,OL,2025,ATL,81.0,73.0,74.0,61.0,51.0,94.0,81.0,87.0
TYLERBIADASZ_19971120,Tyler Biadasz,OL,2025,WAS,81.0,75.0,66.0,64.0,56.0,87.0,72.0,85.0
HJALTEFROHOLDT_19960820,Hjalte Froholdt,OL,2025,ARI,80.0,71.0,66.0,66.0,55.0,86.0,69.0,91.0
RASHEEDWALKER_20000213,Rasheed Walker,OL,2025,GB,80.0,64.0,73.0,62.0,57.0,85.0,69.0,87.0
CODYMAUCH_19990115,Cody Mauch,OL,2025,TB,79.0,70.0,77.0,73.0,62.0,80.0,72.0,87.0
TALIESEFUAGA_20020405,Taliese Fuaga,OL,2025,NO,78.0,68.0,73.0,63.0,50.0,74.0,78.0,93.0
TEDKARRAS_19930315,Ted Karras,OL,2025,CIN,78.0,69.0,61.0,52.0,42.0,82.0,67.0,86.0
AMARIUSMIMS_20021014,Amarius Mims,OL,2025,CIN,76.0,70.0,73.0,70.0,65.0,74.0,65.0,91.0
BRANDONCOLEMAN_20001012,Brandon Coleman,OL,2025,WAS,76.0,73.0,77.0,71.0,60.0,82.0,82.0,85.0
CAMJURGENS_19990821,Cam Jurgens,OL,2025,PHI,76.0,75.0,79.0,74.0,60.0,82.0,81.0,83.0
EVANBROWN_19960916,Evan Brown,OL,2025,ARI,76.0,69.0,65.0,54.0,52.0,83.0,86.0,90.0
PATRICKMEKARI_19970813,Patrick Mekari,OL,2025,JAX,76.0,72.0,68.0,58.0,50.0,86.0,67.0,85.0
DAVIDEDWARDS_19970320,David Edwards,OL,2025,BUF,75.0,68.0,69.0,62.0,53.0,87.0,65.0,82.0
GRAHAMGLASGOW_19920819,Graham Glasgow,OL,2025,DET,75.0,64.0,67.0,63.0,53.0,85.0,64.0,87.0
NICKALLEGRETTI_19960421,Nick Allegretti,OL,2025,WAS,74.0,67.0,68.0,64.0,55.0,87.0,73.0,83.0
ROGERROSENGARTEN_20020603,Roger Rosengarten,OL,2025,BAL,74.0,75.0,77.0,69.0,61.0,76.0,74.0,82.0
TREVORPENNING_19990515,Trevor Penning,OL,2025,NO,74.0,76.0,82.0,74.0,60.0,61.0,70.0,89.0
DANIELFAALELE_19991109,Daniel Faalele,OL,2025,BAL,73.0,52.0,46.0,39.0,38.0,73.0,73.0,90.0
GRAHAMBARTON_20020601,Graham Barton,OL,2025,TB,73.0,74.0,82.0,73.0,62.0,74.0,72.0,86.0
O'CYRUSTORRENCE_20000120,O'Cyrus Torrence,OL,2025,BUF,73.0,61.0,68.0,50.0,51.0,74.0,61.0,91.0
SEANRHYAN_19980920,Sean Rhyan,OL,2025,GB,73.0,64.0,73.0,66.0,59.0,74.0,83.0,84.0
BRODERICKJONES_20010516,Broderick Jones,OL,2025,PIT,72.0,73.0,83.0,76.0,59.0,74.0,74.0,86.0
ALEXCAPPA_19950127,Alex Cappa,OL,2025,LV,71.0,68.0,62.0,58.0,51.0,83.0,67.0,85.0
JOSHMYERS_19980716,Josh Myers,OL,2025,NYJ,71.0,62.0,57.0,60.0,49.0,80.0,68.0,89.0
BENBREDESON_19980220,Ben Bredeson,OL,2025,TB,69.0,71.0,60.0,52.0,50.0,78.0,65.0,86.0
DANMOOREJR_o_line,Dan Moore Jr.,OL,2025,TEN,77.35537146520085,70.11817533918475,73.37663268949291,64.84832812196153,55.24513376738196,85.98726272345812,82.04587816486082,86.99368488259125
FRANKRAGNOW_19960517,Frank Ragnow,OL,2025,DET,87.32580793181447,70.69502447194418,74.6175272533601,68.20455768071936,57.07090239888316,95.23888416108105,78.7481923816963,89.53075927881149
TREYPIPKINSIII_19960905,Trey Pipkins,OL,2025,LAC,77.48205240099233,71.89550751895922,74.76373166537769,68.01971009169662,55.50446578886988,89.10097195083938,83.95956392097787,84.65692178788463
JOSHREYNOLDS_19950216,Josh Reynolds,WR,2025,NYJ,76.0,88.0,85.0,84.0,86.0,82.0,88.0,66.0
MARQUEZVALDES-SCANTLING_19941010,Marquez Valdes-Scantling,WR,2025,SEA,75.0,93.0,92.0,86.0,83.0,76.0,79.0,63.0
BRAXTONBERRIOS_19951006,Braxton Berrios,WR,2025,HOU,73.0,90.0,89.0,90.0,86.0,76.0,86.0,55.0
CHRISMOORE_19930616,Chris Moore,WR,2025,WAS,73.0,88.0,88.0,86.0,81.0,77.0,87.0,58.0
K.J.OSBORN_19970610,K.J. Osborn,WR,2025,WAS,72.0,89.0,90.0,82.0,78.0,76.0,87.0,64.0
SKYYMOORE_20000910,Skyy Moore,WR,2025,KC,72.0,89.0,95.0,86.0,89.0,68.0,86.0,69.0
ISAIAHHODGINS_19981021,Isaiah Hodgins,WR,2025,SF,71.0,87.0,89.0,84.0,86.0,72.0,86.0,60.0
JALINHYATT_20010925,Jalin Hyatt,WR,2025,NYG,71.0,94.0,95.0,82.0,83.0,68.0,90.0,57.0
PARRISCAMPBELL_19970716,Parris Campbell,WR,2025,DAL,71.0,92.0,91.0,89.0,88.0,63.0,89.0,56.0
TYLERSCOTT_20011012,Tyler Scott,WR,2025,CHI,71.0,92.0,93.0,84.0,87.0,71.0,91.0,53.0
XAVIERGIPSON_20010308,Xavier Gipson,WR,2025,NYJ,71.0,92.0,94.0,87.0,92.0,64.0,83.0,56.0
ZACHPASCAL_19941218,Zach Pascal,WR,2025,NYG,71.0,89.0,90.0,83.0,80.0,74.0,86.0,71.0
DEVONTEZWALKER_20010619,Devontez Walker,WR,2025,BAL,70.0,94.0,93.0,87.0,84.0,54.0,94.0,63.0
MALACHICORLEY_20020321,Malachi Corley,WR,2025,NYJ,70.0,88.0,90.0,85.0,86.0,63.0,85.0,66.0
ROMANWILSON_20010619,Roman Wilson,WR,2025,PIT,70.0,93.0,94.0,86.0,92.0,61.0,89.0,56.0
TRENTONIRWIN_19951210,Trenton Irwin,WR,2025,JAX,70.0,88.0,88.0,82.0,77.0,74.0,82.0,66.0
ANTHONYGOULD_20010406,Anthony Gould,WR,2025,IND,69.0,94.0,95.0,86.0,89.0,58.0,89.0,47.0
COLLINJOHNSON_19970923,Collin Johnson,WR,2025,LV,69.0,86.0,89.0,83.0,79.0,72.0,90.0,70.0
D'WAYNEESKRIDGE_19970323,Dee Eskridge,WR,2025,MIA,69.0,92.0,93.0,86.0,85.0,64.0,84.0,58.0
DAVIDBELL_20001214,David Bell,WR,2025,CLE,69.0,86.0,90.0,79.0,76.0,76.0,85.0,68.0
JAMARITHRASH_20001219,Jamari Thrash,WR,2025,CLE,69.0,90.0,93.0,84.0,84.0,62.0,84.0,56.0
JAVONBAKER_20020218,Javon Baker,WR,2025,NE,69.0,88.0,89.0,86.0,85.0,66.0,88.0,59.0
RONNIEBELL_20000128,Ronnie Bell,WR,2025,DET,69.0,88.0,90.0,90.0,90.0,62.0,91.0,58.0
ANTHONYMILLER_19941009,Anthony Miller,WR,2025,BAL,68.0,86.0,89.0,89.0,80.0,63.0,89.0,67.0
BRENDENRICE_20020318,Brenden Rice,WR,2025,LAC,68.0,89.0,90.0,84.0,78.0,60.0,87.0,61.0
BRYCEFORD-WHEATON_20000309,Bryce Ford-Wheaton,WR,2025,NYG,68.0,92.0,93.0,84.0,84.0,65.0,92.0,68.0
EFTONCHISMIII_20011026,Efton Chism III,WR,2025,NE,68.0,84.0,87.0,90.0,91.0,60.0,85.0,66.0
JALENMORENO-CROPPER_20050301,Jalen Cropper,WR,2025,DAL,68.0,92.0,92.0,81.0,85.0,49.0,80.0,59.0
JHA'QUANJACKSON_20000515,Jha'Quan Jackson,WR,2025,TEN,68.0,92.0,92.0,85.0,85.0,65.0,81.0,54.0
JOHNNYWILSON_20010403,Johnny Wilson,WR,2025,PHI,68.0,88.0,90.0,82.0,84.0,71.0,92.0,70.0
LAQUONTREADWELL_19950614,Laquon Treadwell,WR,2025,IND,68.0,85.0,86.0,81.0,76.0,72.0,86.0,70.0
MONTRELLWASHINGTON_19990314,Montrell Washington,WR,2025,NYG,68.0,91.0,90.0,88.0,87.0,56.0,85.0,54.0
STEVENSIMS_19970331,Steven Sims,WR,2025,SEA,68.0,90.0,92.0,85.0,82.0,68.0,77.0,53.0
TYQUANTHORNTON_20000807,Tyquan Thornton,WR,2025,KC,68.0,92.0,91.0,82.0,84.0,66.0,89.0,55.0
ISAIAHWILLIAMS_20010129,Isaiah Williams,WR,2025,CIN,67.0,87.0,92.0,91.0,92.0,64.0,88.0,59.0
NICKNASH_19990708,Nick Nash,WR,2025,ATL,67.0,87.0,90.0,81.0,79.0,71.0,82.0,65.0
NIKKOREMIGIO_19991104,Nikko Remigio,WR,2025,KC,67.0,87.0,91.0,79.0,83.0,61.0,86.0,63.0
CASEYWASHINGTON_20010306,Casey Washington,WR,2025,ATL,66.0,90.0,90.0,79.0,82.0,68.0,91.0,60.0
GAGELARVADAIN_20030103,Gage Larvadain,WR,2025,CLE,66.0,90.0,92.0,79.0,84.0,63.0,90.0,62.0
JACOLBYGEORGE_20030125,Jacolby George,WR,2025,CAR,66.0,87.0,88.0,91.0,89.0,62.0,86.0,62.0
XAVIERWEAVER_20001012,Xavier Weaver,WR,2025,ARI,66.0,91.0,94.0,83.0,85.0,58.0,87.0,56.0
BRANDONJOHNSON_19980726,Brandon Johnson,WR,2025,PIT,65.0,85.0,87.0,77.0,76.0,71.0,85.0,60.0
BRITAINCOVEY_19970318,Britain Covey,WR,2025,LAR,65.0,89.0,93.0,91.0,90.0,62.0,78.0,41.0
DAREKEYOUNG_19990604,Dareke Young,WR,2025,SEA,65.0,91.0,93.0,86.0,82.0,59.0,88.0,71.0
DEZFITZPATRICK_19971217,Dez Fitzpatrick,WR,2025,LAC,65.0,89.0,88.0,83.0,81.0,68.0,86.0,59.0
ELIJAHCOOKS_19981013,Elijah Cooks,WR,2025,PHI,65.0,87.0,91.0,80.0,81.0,53.0,86.0,65.0
ERIKEZUKANMA_20000125,Erik Ezukanma,WR,2025,MIA,65.0,88.0,91.0,81.0,78.0,60.0,86.0,68.0
KOBEHUDSON_20010911,Kobe Hudson,WR,2025,CAR,65.0,87.0,88.0,77.0,80.0,68.0,84.0,64.0
ALEXBACHMAN_19960529,Alex Bachman,WR,2025,LV,64.0,88.0,89.0,89.0,83.0,57.0,81.0,61.0
IRVINCHARLES_19970413,Irvin Charles,WR,2025,NYJ,64.0,87.0,91.0,83.0,78.0,57.0,82.0,66.0
TIMJONES_19980515,Tim Jones,WR,2025,MIN,64.0,89.0,87.0,82.0,84.0,63.0,93.0,63.0
AUSTINTRAMMELL_19980704,Austin Trammell,WR,2025,JAX,63.0,85.0,91.0,89.0,87.0,55.0,88.0,66.0
CAMCAMPER_20010821,Cam Camper,WR,2025,JAX,63.0,89.0,90.0,80.0,83.0,67.0,80.0,68.0
JAHMALBANKS_20011002,Jahmal Banks,WR,2025,BAL,63.0,87.0,86.0,77.0,82.0,66.0,84.0,64.0
KAMERONJOHNSON_20020317,Kameron Johnson,WR,2025,TB,63.0,90.0,92.0,82.0,83.0,61.0,87.0,63.0
KENDRICPRYOR_19980106,Kendric Pryor,WR,2025,CIN,63.0,93.0,92.0,85.0,85.0,49.0,90.0,52.0
XAVIERSMITH_19970921,Xavier Smith,WR,2025,LAR,63.0,90.0,93.0,78.0,79.0,56.0,82.0,60.0
BRANDONSMITH_19981210,Brandon Smith,WR,2025,NYJ,62.0,84.0,90.0,67.0,72.0,52.0,92.0,70.0
MAURICEALEXANDER_19970110,Maurice Alexander,WR,2025,CHI,62.0,90.0,88.0,87.0,84.0,52.0,82.0,43.0
ALLENROBINSON_19930824,Allen Robinson,WR,2025,DET,74.97189605290507,85.61355282215888,87.33957429091888,83.437218707971,80.12323657188978,85.77857358664335,89.34571008119951,70.37556143686652
D.J.CHARKJR_19960923,DJ Chark,WR,2025,ATL,71.72561648090704,91.75820138089335,90.97654634934193,84.66473889551821,82.46864702084571,74.78425258288826,91.41337133702007,63.09301585472065
DANCHISENA_o_pass,Dan Chisena,WR,2025,CAR,65.75383784579782,87.74530002907443,88.50176794500422,82.89083737299387,79.39044980511801,65.97892563157518,85.48695367719404,63.61184208641703
DEONTEHARTY_19971204,Deonte Harty,WR,2025,BAL,67.1696538532668,90.2210941163757,91.7589762932572,87.41583848820895,89.1164046359134,67.77141434324415,83.53533371929262,51.29313777745392
EQUANIMEOUSST.BROWN_19960930,Equanimeous St. Brown,WR,2025,SF,69.67690009972259,87.38787406154444,87.89933383919663,81.75626180646907,77.52224641606193,72.39795089201141,87.61017665755236,72.92251619783656
JALENVIRGIL_19980713,Jalen Virgil,WR,2025,BUF,65.18270530101978,87.55833598963511,89.06505329255685,83.1697712591083,80.36806906007575,62.11065289685075,84.83657575934967,65.20861030004107
JAMESPROCHEII_19960921,James Proche,WR,2025,TEN,67.04689938843973,88.63588531120436,90.37601792215793,83.18956778966839,81.3267087620838,67.32815335538862,83.69805858616024,63.64135682152323
JUSTYNROSS_19991215,Justyn Ross,WR,2025,KC,65.6133863835694,88.46782452585921,88.81337703824374,82.91739554500884,80.11775848613564,62.49074274525867,86.62087429381495,62.419337541254095
KADEWARNER_o_pass,Jared Wayne,WR,2025,HOU,65.4900125725124,88.51694912915838,89.02550202288205,82.4561177653199,80.12904788919212,59.62363467755938,86.46862484950987,66.58327769543587
KRISTIANWILKERSON_19970110,Kristian Wilkerson,WR,2025,BUF,66.48670862269307,87.12105772839811,88.34415862772559,82.73877229204663,79.65843179531618,66.27080532382138,84.9558117192185,66.51510743452172
LANDENAKERS_o_pass,Kaden Davis,WR,2025,CLE,64.88496354129015,88.84570645837516,89.78689571936863,83.85667896266432,82.07153967887291,61.58377772831841,85.18548226115593,60.59817981226831
LAVISKASHENAULTJR_19981005,Laviska Shenault Jr.,WR,2025,BUF,72.3646681751845,87.07824510923732,88.44611660037245,83.59775958806915,80.52197215756377,70.75069770855873,88.57650774637432,75.24271439027632
MARQUEZCALLAWAY_19980327,Marquez Callaway,WR,2025,SF,66.62129839266328,87.03415784933682,88.16912547128274,82.69055562593718,80.34336479192052,66.47002547236161,86.6928178767215,65.15237892144842
MASONKINSEY_19980829,Mason Kinsey,WR,2025,TEN,66.67703415545552,88.31149936383241,89.43347904955925,84.02563973331172,82.65450459035583,65.96671335867723,84.76878522361017,61.97042255022552
ROBBYANDERSON_19930509,Robbie Chosen,WR,2025,SF,66.55971136506548,87.24550831523894,87.80245288117999,83.182468247175,78.80442080619173,74.14521140617921,84.73233876657707,59.8204748568927
TANNERCONNER_19980320,Tanner Conner,WR,2025,MIA,65.96194681008828,86.3260595210262,87.84878966863712,81.73582858070955,77.43547798512145,62.581357154953594,85.55434878693023,72.13967722752193
TERRACEMARSHALLJR_20000609,Terrace Marshall Jr.,WR,2025,PHI,71.34383432310452,91.41457142472527,91.65950265955729,85.60923066920299,83.97305746530861,68.72175537969827,90.77971564106446,66.30038639422787
TOMKENNEDY_19960729,Tom Kennedy,WR,2025,DET,66.7355469516416,88.02247821517935,89.78458772806417,85.15292111179212,83.5236031790028,68.38060218583053,83.91586629100198,59.39424654045092
TRENTTAYLOR_19940430,Trent Taylor,WR,2025,SF,69.68754192050079,86.26367524763103,89.5758507965476,87.83957836709752,86.52434202137715,77.53554954266656,80.9521898344795,55.39641117266365
TREYLONBURKS_20000323,Treylon Burks,WR,2025,TEN,71.29029833144094,87.8505392912372,89.5259730882521,82.98667478180403,79.8368676509312,68.1684058404428,86.29163080095026,71.6139846874313
TRISHTONJACKSON_19980309,Trishton Jackson,WR,2025,ARI,66.01311751179784,87.7827555294163,88.83944277261034,84.26630921131101,81.57840330184843,66.55888976498886,84.40692515512262,60.24245794384228
,Chris Blair,WR,2025,ATL,67.14519950999681,87.46898999154524,88.44008443047568,82.92770610381638,79.87132781635808,66.35430620373927,85.77528823380578,67.01014163258526
,Tay Martin,WR,2025,WAS,64.18534959405986,88.89995458401197,89.98707000985854,84.45684974469731,81.59341627447378,61.779523918342306,85.37909817074569,58.42865889284974
,Brycen Tremayne,WR,2025,CAR,65.0920794832887,88.04952463648101,88.81988204388807,82.41683972120961,79.1427942478777,59.86336528535958,86.35626850633275,67.03181903668576
,Ramel Keyton,WR,2025,TEN,64.0658815064576,89.52598693847139,90.33691450838239,83.96403645350864,82.46789056977224,57.343346232132376,85.82864211896117,60.40460062794136
,Joshua Cephus,WR,2025,JAX,64.24224535736059,89.43695642809965,90.34686219460283,84.05753761557247,82.49068150342896,57.46285733351817,85.86470536683026,60.85133584474113
,Jaylen Johnson,WR,2025,LAC,63.78767692345795,89.01384144717045,90.22926055837848,84.02995667303742,81.9574986803766,57.596087851817856,85.4162851732367,60.89523107527941
,Traeshon Holden,WR,2025,DAL,64.27605256403945,86.97639503731617,88.65124394456586,83.04206443703032,80.85304892079307,52.882823905765804,81.95038659122525,69.65936128512794
,Josh Kelly,WR,2025,DAL,63.750256611558825,85.22640249930785,88.34602803804796,83.5301956254516,82.04258060343591,54.02864289060801,81.3655777612596,67.23251385540357
,Elijhah Badger,WR,2025,KC,63.35938579459548,89.44216912780001,90.46363238030278,84.18926136520702,83.36857558910856,52.47814916136224,83.42591248660159,63.019056910329596
,Giles Jackson,WR,2025,PHI,64.3261153890027,89.63954792540525,91.30158966203479,85.49152050244481,87.05027083086532,52.89880741251659,83.4907609826596,60.857395520437194
,Andrew Armstrong,WR,2025,MIA,63.004403444916505,87.75489936788338,88.46846170591448,82.04689922523283,80.41576394868923,53.82355749579722,85.47158736996397,64.26325246094348
,A.J. Henning,WR,2025,MIA,63.717658800298096,88.92144007385818,90.67786625952024,84.56837568593676,85.52219659435832,52.8384107790871,82.96908859929277,62.55834081752391
,Theo Wease Jr.,WR,2025,MIA,63.838442924990005,87.81912025219125,88.94355689771544,82.32101838637988,80.71709426316636,53.03005588646772,84.50825735828471,69.45793099873538
,Ja'Corey Brooks,WR,2025,WAS,63.812172399542476,89.04689891646572,89.71385910955044,83.31362111891747,82.23900785072209,52.77759869675265,85.24760400581988,65.28461932183757
,Jacoby Jones,WR,2025,WAS,64.86222435290426,86.89527295991479,88.38777589215113,81.96738665434026,79.36524943617985,53.69811851551776,84.99821119579997,74.46158506684469
,Dorian Singer,WR,2025,JAX,63.79387783064345,90.24657050868575,90.73339273253438,84.28741580232764,85.37600947979308,52.237211835758444,84.68090005414166,60.56436221671402
,Landon Parker,WR,2025,IND,63.128530862326556,86.83175481155453,88.59521515946878,82.27548948192515,79.15108384707202,53.49368482365344,83.9738521570157,70.44800809618664
,Jordan Moore,WR,2025,CIN,63.883384746849714,89.30034840931495,90.3148514349246,84.00562987137761,84.263132471179,52.67956495798501,84.31587697621893,63.35098661988525
,Rashod Owens,WR,2025,CIN,64.84178435726116,87.7850808756748,88.85168150487806,82.24611422911954,80.84994086863605,53.22551146972637,85.04869580262454,71.79340773305637
,Bryson Green,WR,2025,ARI,64.79226761943744,88.73304609577266,89.37198194067994,82.60439061264515,82.44462538368646,52.74362463126715,85.0981096321575,68.81277850035735
,Jackson Meeks,WR,2025,DET,65.09281559590013,88.61529698696924,89.3640469026281,82.83053683288028,82.15307526985049,53.027322402752816,85.48962055517745,69.56234921014322
,Dalen Cambre,WR,2025,NYG,63.513252289048694,88.89672207003147,90.28491932182206,84.1584766285261,83.90336186158771,52.884903702034535,83.89168656354411,63.26761857826523
,Beaux Collins,WR,2025,NYG,64.66632332527121,88.78381943032753,89.20732458274645,82.49487297630361,81.55632101071592,52.798990625914485,85.72341139546205,68.91378891493355
,Antwane Wells Jr.,WR,2025,NYG,64.11135365596888,86.59245002729466,88.96021530019948,83.38533952976974,82.30802181657873,53.305047763566336,82.04825050851628,68.6859148705878
,Jerjuan Newton,WR,2025,DEN,63.50258088177057,88.88677200577106,90.33407674614111,84.1267104612918,84.28112203994749,52.802105050352225,83.56153944660292,63.149971712032084
,Da'Quan Felton,WR,2025,NYG,63.5794119409926,86.79144204004263,88.03807351493373,81.14926626314639,77.35131452594788,52.80083900481145,82.39400700787996,72.78516176487176
,Luke Grimm,WR,2025,LAC,63.28622685248504,88.97405939541582,90.22236992172861,83.9567188466524,83.77652359985427,52.72212766519988,83.8410854471241,62.897241324759534
,Ke'Shawn Williams,WR,2025,PIT,64.35049448292293,89.5154378600711,91.15373220663574,85.26025180507827,86.76091978029154,52.888523707551826,83.48321062487497,61.53320462712168
,Chris Tyree,WR,2025,NO,64.39024263238161,89.46723061999384,91.04817995924185,85.21246916356625,86.27316651933774,52.98060215190196,83.81442851910788,61.9633033922654
,Isaiah Neyor,WR,2025,SF,63.962452858321825,88.96499994154519,89.17129517575535,81.16167756035759,79.50827397308467,52.125615785004015,86.64081079284557,71.58296120821785
,Brennan Presley,WR,2025,LAR,63.70292899811474,90.59098793658515,92.1867217462601,86.5594853043452,89.05513631448736,52.55730076943439,83.10848895847738,55.60623495374307
,Mario Williams,WR,2025,LAR,64.39608512847866,90.49284178607525,91.71254474124055,85.8307220555219,88.15125633044403,52.56154374652533,83.88700135226748,58.54295898849762
,Tru Edwards,WR,2025,LAR,63.67185962874524,88.37197469713857,89.48962240419428,83.24915153201681,81.50268404161955,53.10144462989126,84.85299726052108,66.63624750261329
,Montorie Foster Jr,WR,2025,SEA,63.234289156066296,89.08432166816019,90.40185089682222,84.12013583684785,84.40895238609545,52.63519107333161,83.51364273178365,62.129238006273795
,Dalevon Campbell,WR,2025,LAC,64.56664955655268,87.60681410060775,88.27236501297807,81.39275260742454,79.14610305018982,53.10681381027632,85.6093665112316,73.1881110064071
,Sam Brown Jr.,WR,2025,GB,64.1330013638258,89.54132931885587,90.11358699551914,83.53144778929709,83.53916561899752,53.620890241597635,88.41289755719231,64.17555807644987
MARQUISEBROWN_19970604,Marquise Brown,WR,2025,KC,80.0,94.0,93.0,95.0,90.0,75.0,85.0,44.0
BRANDINCOOKS_19930925,Brandin Cooks,WR,2025,NO,79.0,93.0,92.0,89.0,90.0,79.0,85.0,54.0
ZAYJONES_19950330,Zay Jones,WR,2025,ARI,76.0,89.0,92.0,86.0,86.0,74.0,86.0,76.0
DEVINDUVERNAY_19970912,Devin Duvernay,WR,2025,CHI,75.0,93.0,92.0,86.0,83.0,73.0,84.0,68.0
JUJUSMITH-SCHUSTER_19961122,JuJu Smith-Schuster,WR,2025,KC,75.0,87.0,90.0,85.0,81.0,80.0,91.0,72.0
ROBERTWOODS_19920410,Robert Woods,WR,2025,PIT,75.0,89.0,86.0,84.0,84.0,79.0,89.0,63.0
JA'LYNNPOLK_20020411,Ja'Lynn Polk,WR,2025,NE,74.0,89.0,90.0,89.0,87.0,76.0,88.0,62.0
MECOLEHARDMAN_19980312,Mecole Hardman,WR,2025,GB,74.0,95.0,95.0,91.0,85.0,65.0,86.0,60.0
TREYPALMER_20010402,Trey Palmer,WR,2025,TB,73.0,95.0,92.0,80.0,86.0,76.0,79.0,54.0
ASHTONDULIN_19970515,Ashton Dulin,WR,2025,IND,72.0,92.0,92.0,88.0,81.0,73.0,88.0,61.0
CEDRICTILLMAN_20000419,Cedric Tillman,WR,2025,CLE,72.0,88.0,90.0,79.0,77.0,77.0,88.0,70.0
DEANDRECARTER_19930410,DeAndre Carter,WR,2025,CLE,72.0,88.0,92.0,91.0,89.0,73.0,87.0,60.0
JONATHANMINGO_20010420,Jonathan Mingo,WR,2025,DAL,72.0,90.0,92.0,82.0,81.0,72.0,89.0,71.0
TROYFRANKLIN_20020603,Troy Franklin,WR,2025,DEN,72.0,92.0,91.0,86.0,87.0,69.0,91.0,58.0
JACOBCOWING_20010204,Jacob Cowing,WR,2025,SF,71.0,93.0,93.0,83.0,85.0,52.0,86.0,52.0
JALENREAGOR_19990102,Jalen Reagor,WR,2025,LAC,71.0,92.0,90.0,90.0,88.0,60.0,94.0,62.0
KHADARELHODGE_19950103,KhaDarel Hodge,WR,2025,ATL,71.0,90.0,88.0,83.0,80.0,76.0,88.0,60.0
TORYHORTON_20021129,Tory Horton,WR,2025,SEA,71.0,93.0,94.0,87.0,88.0,62.0,88.0,68.0
TYLANWALLACE_19990513,Tylan Wallace,WR,2025,BAL,71.0,90.0,92.0,90.0,86.0,70.0,88.0,64.0
BENSKOWRONEK_19970627,Ben Skowronek,WR,2025,PIT,70.0,85.0,89.0,80.0,78.0,74.0,88.0,68.0
BUBMEANS_20000303,Bub Means,WR,2025,NO,70.0,91.0,92.0,81.0,80.0,74.0,90.0,67.0
CHARLIEJONES_19981029,Charlie Jones,WR,2025,CIN,70.0,90.0,89.0,88.0,89.0,62.0,87.0,56.0
DANTEPETTIS_19951023,Dante Pettis,WR,2025,NO,70.0,88.0,91.0,89.0,83.0,60.0,89.0,50.0
DERIUSDAVIS_20000911,Derius Davis,WR,2025,LAC,70.0,94.0,94.0,82.0,83.0,60.0,77.0,63.0
JERMAINEBURTON_20010628,Jermaine Burton,WR,2025,CIN,70.0,91.0,92.0,90.0,89.0,56.0,90.0,58.0
LUKEMCCAFFREY_20010402,Luke McCaffrey,WR,2025,WAS,70.0,90.0,91.0,92.0,90.0,52.0,86.0,55.0
MALIKWASHINGTON_20001020,Malik Washington,WR,2025,MIA,70.0,90.0,92.0,88.0,86.0,62.0,87.0,59.0
SCOTTYMILLER_19970731,Scott Miller,WR,2025,PIT,70.0,94.0,92.0,85.0,90.0,64.0,82.0,54.0
AINIASSMITH_20010531,Ainias Smith,WR,2025,PHI,69.0,87.0,91.0,89.0,87.0,49.0,85.0,60.0
JAKEBOBO_19980804,Jake Bobo,WR,2025,SEA,69.0,85.0,86.0,80.0,77.0,73.0,88.0,62.0
KONATAMUMPFIELD_20021024,Konata Mumpfield,WR,2025,LAR,69.0,86.0,88.0,90.0,88.0,63.0,85.0,63.0
TEZJOHNSON_20020518,Tez Johnson,WR,2025,TB,69.0,89.0,91.0,93.0,90.0,55.0,88.0,58.0
XAVIERHUTCHINSON_20000601,Xavier Hutchinson,WR,2025,HOU,69.0,88.0,89.0,86.0,83.0,70.0,86.0,62.0
RAKIMJARRETT_20010124,Rakim Jarrett,WR,2025,TB,68.0,91.0,90.0,86.0,83.0,67.0,83.0,65.0
RYANFLOURNOY_19991027,Ryan Flournoy,WR,2025,DAL,68.0,90.0,91.0,81.0,79.0,74.0,89.0,62.0
DOMINICLOVETT_20021108,Dominic Lovett,WR,2025,DET,67.0,92.0,92.0,80.0,84.0,66.0,81.0,62.0
IHMIRSMITH-MARSETTE_19990829,Ihmir Smith-Marsette,WR,2025,NYG,67.0,90.0,92.0,83.0,87.0,62.0,87.0,54.0
JALENBROOKS_20000507,Jalen Brooks,WR,2025,DAL,67.0,86.0,90.0,80.0,81.0,72.0,84.0,61.0
RICKYWHITEIII_20020206,Ricky White III,WR,2025,SEA,67.0,89.0,91.0,79.0,77.0,70.0,86.0,65.0
SIMIFEHOKO_19971105,Simi Fehoko,WR,2025,ARI,67.0,90.0,89.0,88.0,80.0,69.0,83.0,66.0
KADENPRATHER_20020906,Kaden Prather,WR,2025,BUF,66.0,90.0,90.0,87.0,87.0,70.0,77.0,67.0
MALIKHEATH_20000303,Malik Heath,WR,2025,GB,66.0,87.0,91.0,85.0,79.0,66.0,84.0,64.0
MASONTIPTON_20000927,Mason Tipton,WR,2025,NO,66.0,94.0,92.0,82.0,86.0,61.0,88.0,59.0
RYANMILLER_20000220,Ryan Miller,WR,2025,TB,66.0,88.0,88.0,89.0,82.0,59.0,78.0,63.0
BRYCEOLIVER_20000519,Bryce Oliver,WR,2025,TEN,65.0,87.0,86.0,80.0,81.0,68.0,78.0,60.0
TYRELLSHAVERS_19990818,Tyrell Shavers,WR,2025,BUF,65.0,91.0,88.0,79.0,83.0,59.0,82.0,55.0
JUNIORBERGEN_20021023,Junior Bergen,WR,2025,SF,64.0,88.0,90.0,84.0,87.0,69.0,87.0,59.0
BOMELTON_19990518,Bo Melton,WR,2025,GB,68.46762823695519,92.41347937617155,91.96105580559947,87.28742262130285,86.18238721490229,67.64561226061642,86.08147449807205,55.97447156012527
BRANDONPOWELL_19950912,Brandon Powell,WR,2025,MIN,69.79678310917495,89.8229849990717,91.55412315514752,88.20894136606978,86.80721232117577,74.3504374635545,83.56939964403489,55.21226813105022
CHRISCONLEY_19921025,Chris Conley,WR,2025,SF,75.11332158078062,92.34200580668119,91.59682794587673,85.0843066628442,79.55358091553313,80.93993186697094,95.12534453164471,63.42763494583414
GABRIELDAVIS_19990401,Gabe Davis,WR,2025,JAX,73.30517953540027,88.74453574385859,90.41930126875104,83.26292525784692,76.23578314911242,77.70879430909554,87.67039188448939,71.00139710535609
JAMISONCROWDER_19930617,Jamison Crowder,WR,2025,WAS,72.55426821411345,88.2061152012617,90.23079784285363,88.17978472947718,86.37545328522282,81.04790390630478,84.25485492519368,50.456905351217756
JIMMYHORNJR_20020912,Jimmy Horn Jr.,WR,2025,CAR,67.10941892566075,93.12387487530196,93.79697659775115,88.52569428335858,88.28175849125722,60.45133813695793,85.66040069916556,53.49408910676925
JOHNMETCHIEIII_20000718,John Metchie III,WR,2025,HOU,73.34320276633753,91.75173554837181,92.26946555595515,87.53314414760445,85.21436199304736,73.28058915241377,87.61341719844137,63.87231865594981
LAJOHNTAYWESTER_20020329,LaJohntay Wester,WR,2025,BAL,66.16071118553322,91.59928792085572,92.36573202310541,87.66578171340618,89.08286441462991,60.012018136555525,79.91265341377613,53.7237705852574
NELSONAGHOLOR_19930524,Nelson Agholor,WR,2025,BAL,76.54206959151412,90.92907562221706,91.53675440738891,87.39756266227897,82.75292190335477,85.50084662244353,87.42113470224552,59.01431138404041
RIVERCRACRAFT_19941101,River Cracraft,WR,2025,MIA,70.75932967614352,88.56553174753196,90.09993620900997,85.76684873475008,82.5205070293261,75.99608765775247,85.54449664676747,61.23818132701217
TRENTSHERFIELD_19960225,Trent Sherfield,WR,2025,DEN,70.48120230055474,88.32913107059272,89.75269949986262,84.91928165802983,81.39700744491023,74.67557493673667,86.16872848408434,63.88072718909234
,Mike Williams,WR,2025,LAC,74.51872701565344,88.28473240088516,89.2383636552272,83.71999265888891,78.25326719921463,77.9486312478582,85.16384285555222,71.00669376098699
,Cedrick Wilson Jr.,WR,2025,NO,72.3496196068728,88.00740520545259,89.78672267002219,86.35458740050888,82.86519534525041,80.34174841928348,87.06666939944779,56.48552919204167
,Kevin Austin Jr.,WR,2025,NO,69.15136616171833,90.37630789461377,91.240621573581,86.56866780383092,84.02901994896848,67.62778895230144,88.89822018425167,62.345038460732894
RONDALEMOORE_20000609,Rondale Moore,WR,2025,MIN,78.0,93.0,91.0,92.0,90.0,73.0,87.0,66.0
LUTHERBURDENIII_20031212,Luther Burden III,WR,2025,CHI,76.0,92.0,92.0,93.0,93.0,66.0,88.0,69.0
DONOVANPEOPLES-JONES_19990219,Donovan Peoples-Jones,WR,2025,NO,73.0,87.0,89.0,84.0,81.0,65.0,93.0,68.0
HUNTERRENFROW_19951225,Hunter Renfrow,WR,2025,CAR,73.0,87.0,86.0,85.0,87.0,74.0,85.0,61.0
JACKBECH_20021218,Jack Bech,WR,2025,LV,73.0,89.0,92.0,89.0,84.0,72.0,83.0,67.0
JAMALAGNEW_19950403,Jamal Agnew,WR,2025,ATL,72.0,91.0,91.0,89.0,87.0,65.0,86.0,60.0
JAYLINLANE_20020501,Jaylin Lane,WR,2025,WAS,72.0,94.0,93.0,91.0,90.0,65.0,90.0,58.0
K.J.HAMLER_19990708,KJ Hamler,WR,2025,BUF,72.0,93.0,95.0,91.0,88.0,61.0,85.0,58.0
MICHAELGALLUP_19960404,Michael Gallup,WR,2025,WAS,72.0,88.0,87.0,86.0,81.0,75.0,93.0,68.0
TREHARRIS_20020228,Tre Harris,WR,2025,LAC,72.0,88.0,91.0,82.0,82.0,74.0,91.0,68.0
ELICAYOMANOR_20030603,Elic Ayomanor,WR,2025,TEN,71.0,91.0,92.0,81.0,79.0,69.0,91.0,68.0
JALENROYALS_20030218,Jalen Royals,WR,2025,KC,71.0,92.0,93.0,85.0,83.0,73.0,86.0,64.0
KYLEPHILIPS_19990617,Kyle Philips,WR,2025,LV,71.0,87.0,93.0,89.0,90.0,69.0,81.0,62.0
MILESBOYKIN_19961012,Miles Boykin,WR,2025,CHI,71.0,90.0,88.0,87.0,85.0,74.0,92.0,68.0
QUEZWATKINS_19980609,Quez Watkins,WR,2025,ARI,71.0,93.0,94.0,85.0,82.0,65.0,87.0,41.0
A.T.PERRY_19991026,A.T. Perry,WR,2025,DEN,70.0,90.0,93.0,85.0,81.0,67.0,86.0,68.0
CHIMEREDIKE_20011214,Chimere Dike,WR,2025,TEN,70.0,94.0,94.0,88.0,86.0,73.0,91.0,65.0
KEANDRELAMBERT-SMITH_20011016,KeAndre Lambert-Smith,WR,2025,LAC,70.0,93.0,94.0,92.0,95.0,65.0,83.0,60.0
JORDANWATKINS_20020215,Jordan Watkins,WR,2025,SF,69.0,93.0,93.0,82.0,83.0,68.0,86.0,66.0
XAVIERRESTREPO_20020412,Xavier Restrepo,WR,2025,TEN,69.0,84.0,85.0,89.0,84.0,70.0,83.0,61.0
ARIANSMITH_20011011,Arian Smith,WR,2025,NYJ,68.0,94.0,91.0,90.0,89.0,71.0,89.0,64.0
DONT'ETHORNTONJR._20021130,Dont'e Thornton Jr.,WR,2025,LV,68.0,96.0,94.0,81.0,78.0,67.0,82.0,70.0
TAHJWASHINGTON_20010516,Tahj Washington,WR,2025,MIA,68.0,88.0,87.0,89.0,88.0,48.0,83.0,53.0
WILLSHEPPARD_20020211,Will Sheppard,WR,2025,GB,68.0,86.0,91.0,80.0,81.0,67.0,89.0,68.0
ANDYISABELLA_19961118,Andy Isabella,WR,2025,SF,67.0,92.0,92.0,86.0,86.0,55.0,85.0,57.0
CHANDLERBRAYBOY_20010820,Chandler Brayboy,WR,2025,JAX,67.0,90.0,91.0,87.0,82.0,60.0,89.0,64.0
CORNELIUSJOHNSON_20001129,Cornelius Johnson,WR,2025,GB,67.0,91.0,91.0,86.0,82.0,59.0,88.0,63.0
JASONBROWNLEE_19990130,Jason Brownlee,WR,2025,KC,67.0,86.0,92.0,86.0,81.0,58.0,93.0,64.0
SAMORITOURE_19980324,Samori Toure,WR,2025,CHI,67.0,90.0,87.0,90.0,85.0,64.0,83.0,53.0
DENNISHOUSTON_19990424,Dennis Houston,WR,2025,TB,66.0,89.0,92.0,80.0,80.0,64.0,91.0,65.0
DYMEREMILLER_20010530,Dymere Miller,WR,2025,NYJ,66.0,93.0,91.0,88.0,86.0,64.0,84.0,62.0
ELIPANCOL_20000707,Eli Pancol,WR,2025,JAX,66.0,92.0,89.0,85.0,83.0,64.0,86.0,69.0
KEITHKIRKWOOD_19941226,Keith Kirkwood,WR,2025,BAL,66.0,88.0,86.0,83.0,74.0,69.0,84.0,62.0
MIKESTRACHAN_19970813,Mike Strachan,WR,2025,WAS,66.0,87.0,91.0,84.0,74.0,72.0,85.0,72.0
MYLESPRICE_20011216,Myles Price,WR,2025,MIN,66.0,92.0,92.0,81.0,82.0,67.0,84.0,53.0
TEJHAUNPALMER_20000519,Tejhaun Palmer,WR,2025,ARI,66.0,91.0,94.0,80.0,81.0,63.0,84.0,69.0
MALIKTAYLOR_19951221,Malik Taylor,WR,2025,DET,65.0,88.0,84.0,87.0,85.0,60.0,86.0,59.0
D.J.MONTGOMERY_19961117,D.J. Montgomery,WR,2025,IND,64.0,90.0,92.0,91.0,79.0,57.0,89.0,53.0
MITCHELLTINSLEY_19990915,Mitchell Tinsley,WR,2025,CIN,64.0,86.0,89.0,91.0,87.0,58.0,85.0,60.0
POKEYWILSON_19990812,Pokey Wilson,WR,2025,NYJ,64.0,87.0,89.0,79.0,80.0,67.0,78.0,54.0
MICHAELBANDY_19971205,Michael Bandy,WR,2025,DEN,63.0,86.0,88.0,87.0,85.0,55.0,78.0,49.0
SILASBOLDEN_20011109,Silas Bolden,WR,2025,MIN,63.0,88.0,88.0,77.0,81.0,65.0,82.0,60.0
BLAYNETAYLOR_20020330,Blayne Taylor,WR,2025,IND,62.0,91.0,87.0,75.0,77.0,68.0,92.0,66.0
TOMMYMELLOTT_20011016,Tommy Mellott,WR,2025,LV,62.0,92.0,95.0,86.0,85.0,59.0,92.0,63.0
ANDREBACCELLIA_19970101,Andre Baccellia,WR,2025,ARI,61.0,94.0,95.0,86.0,88.0,55.0,89.0,51.0
CODYWHITE_19981128,Cody White,WR,2025,SEA,61.0,83.0,85.0,76.0,70.0,67.0,85.0,69.0
MALIKCUNNINGHAM_19981006,Malik Cunningham,WR,2025,BAL,61.0,88.0,90.0,90.0,85.0,53.0,82.0,63.0
QUENTINSKINNER_20011224,Quentin Skinner,WR,2025,NYJ,61.0,89.0,86.0,85.0,80.0,63.0,80.0,63.0
ANTOINEGREEN_19991115,Antoine Green,WR,2025,DET,65.56997104124709,89.20687714064553,90.18048991196235,83.63711340766389,81.19384075924495,60.74662737251742,81.4147723765875,63.614264949423095
BLAKEPROEHL_o_pass,Tarik Black,WR,2025,MIA,66.88476261849503,87.92775610296874,88.8133644693836,83.08205491435757,79.52364368342091,66.12896652246275,90.81055725442275,66.23337793327377
COLTONDOWELL_19990419,Colton Dowell,WR,2025,TEN,66.0582919395293,88.55716189989477,89.4097874126407,83.30609356463123,80.07261256162678,63.01339746144163,86.36995733863841,65.62678887825504
DANNYGRAY_19990401,Danny Gray,WR,2025,PHI,68.7522317234875,91.78802326530362,92.03841429484127,85.85070049752062,83.18995349163379,64.21686851236745,82.7181343754877,62.49565671218123
DAVIDSILLSV_19960529,David Sills,WR,2025,ATL,68.08527748702066,88.24371966854991,89.38450244630955,83.91022699706247,78.82131151515046,69.2045600031197,87.73589391742291,63.962941711543294
DAXMILNE_19990623,Dax Milne,WR,2025,CAR,67.00573119357348,87.81973120316648,89.28267043223036,84.49040995654809,81.83158732307857,67.49555368157041,80.69632917288641,62.60673252937995
DEONCAIN_19960809,Deon Cain,WR,2025,BUF,69.41505047847245,89.2800109230378,89.13046749788033,86.49296632787718,79.70805176167119,71.54931439825691,84.84559079638632,58.751482491157276
EASOPWINSTONJR_19961217,Easop Winston,WR,2025,NYJ,66.96997515281085,89.02599990493336,89.95949553976033,85.18810092343813,82.37255129841424,66.07653121197802,85.69795444280953,60.57502216270825
GUNNEROLSZEWSKI_19961126,Gunner Olszewski,WR,2025,NYG,67.3780193945476,89.70605345290141,90.36654773148067,85.45494870159757,82.66755746822832,66.62996354936399,86.11140956000031,58.316943426573886
JACOBHARRIS_o_te,Jacob Harris,WR,2025,TB,70.23022293311901,90.44850527135637,91.58133291114706,86.72187169473261,79.69093795898902,67.12304051111278,91.59113396555335,66.15952463740916
JUWANNWINFREE_19960904,Juwann Winfree,WR,2025,IND,69.14858168525284,89.03558189219612,89.60872852153442,85.16243133692325,80.88692489612959,69.44876756207645,87.54006005730673,63.5416870488199
KAWAANBAKER_19980824,Kawaan Baker,WR,2025,LV,67.13881775744908,89.8974614453644,90.7872892956623,81.24307682487682,79.08255079234664,65.94099686296533,89.62389787286611,65.57012031404798
KEARISJACKSON_19991209,Kearis Jackson,WR,2025,HOU,64.93241780327266,88.41168861567678,89.47715945346029,84.24587292529253,83.45322795249831,61.554630782047184,84.7537228183063,61.94796750575308
KELVINHARMON_19961215,Kelvin Harmon,WR,2025,DAL,69.38685019397177,87.39338948381071,89.3027484599748,83.67474878644089,79.35290562879936,70.46851798563864,82.99523233764944,67.49424008048358
LANCEMCCUTCHEON_19990228,Lance McCutcheon,WR,2025,PIT,65.91464811657433,88.97863146494132,89.98400704474608,83.84593441025635,80.6808589262198,62.348530962493896,85.59724062409703,63.02096839457913
MATTLANDERS_o_pass,Matt Landers,WR,2025,TEN,64.84668509278733,90.23934429887302,90.40415535090283,82.43364386696982,79.7856458718511,60.75365532581134,86.51120150360975,62.62189234525699
MICHAELWOODSII_20000319,Mike Woods,WR,2025,CLE,69.51839504116857,90.77546015773491,90.51550371566451,86.29859257202554,83.95112974837684,65.00075334597454,86.85707477001836,63.48433183110145
NSIMBAWEBSTER_19960127,Nsimba Webster,WR,2025,CHI,67.25955222873732,90.03671145037453,91.05290371592116,86.48774879897286,84.3994781438546,66.38256286925173,85.38458618738855,55.16013195751714
PHILLIPDORSETTII_19930105,Phillip Dorsett,WR,2025,LV,74.80533775170524,92.5310572300246,92.12260995948782,91.65703980512734,86.19997685997328,76.46639579971213,89.32549550838178,55.5723627698503
QUINTEZCEPHUS_19980401,Quintez Cephus,WR,2025,SF,69.57588971200873,87.74150586545082,89.75638004867929,84.474462660445,82.4698018725062,68.26763459202164,89.56368605849161,67.7092469663394
RUSSELLGAGEJR_19960122,Russell Gage,WR,2025,SF,69.1666784137076,90.58779345558898,90.92416610178812,86.48798462227944,83.67624240664645,69.32614583677298,87.2815735687833,56.48026067696232
SETHWILLIAMS_20000410,Seth Williams,WR,2025,LV,67.72464952198412,88.98877513723042,89.40710463417403,82.19039315713019,78.60072062378208,67.68480921794958,87.19645427399223,63.09322971578999
STANLEYMORGANJR_19960907,Stanley Morgan,WR,2025,TEN,68.16444614013731,87.87976830077947,88.99557112809654,86.29300850621047,82.52702000669183,69.06406858152775,89.16455376329964,62.137961009864874
TRAVISHUNTER_20030518,Travis Hunter,WR,2025,JAX,65.02919583548668,89.65537961609786,90.05870211046042,83.19685590591456,82.95490164579701,60.447282191128465,84.76451937624734,62.79198040587748
,Makai Polk,WR,2025,ATL,65.43163111142731,87.86733345323847,89.17546913699653,82.86308985199776,79.9614793648916,62.61454549524217,79.27045246582964,64.37844167286488
,Braylon Sanders,WR,2025,WAS,65.57132416075099,89.28011975507043,90.52121548744005,84.8804586195181,82.60901339641237,61.6048186854199,82.38440775295976,59.799747235903
,Johnny Johnson III,WR,2025,HOU,65.07458301361812,87.6533964033835,88.80819647059155,80.95438386947745,78.57625922877469,64.94820025424144,80.84119254615882,62.58093329890653
,Lucky Jackson,WR,2025,MIN,66.73895183232604,89.77340474421659,90.66604987752551,85.47330582742671,83.09421233464423,65.08492765484345,85.70587093358677,57.43823720956473
,T.J. Luther,WR,2025,CAR,64.84639053704994,89.32502754193386,90.07635097224795,84.66685548547099,83.48817087939301,60.570483793017615,84.34948209302001,60.525808844639855
,Chase Cota,WR,2025,CLE,64.9883649052634,89.16990630209503,89.62301027497506,83.00351582776716,80.51204416006863,61.09278772581399,86.19685206227837,62.751108484058676
,Jesse Matthews,WR,2025,ATL,65.01025631013032,89.42920204884541,90.67647014392361,84.9170224100763,83.32208366621899,60.34404530733946,84.24695860380075,59.41760252042316
,Malik Knowles,WR,2025,SF,64.96897521872462,89.3328303062188,90.05761060985986,83.8983462944953,81.92587485423383,60.51844795739055,85.15705617943718,61.44312591421096
,Thayer Thomas,WR,2025,MIN,65.18760571965491,88.97524275697107,90.43772745662729,84.70721690641454,82.63984925236673,61.328561173145545,84.60104510661495,60.474563989936115
,Shedrick Jackson,WR,2025,LV,65.15981136482783,89.06828546575596,90.10049415814137,84.25043135091778,82.11071438098247,60.45041484502906,84.49307526569623,62.43680630100712
,Dylan Drummond,WR,2025,ATL,64.9088028000295,89.60747489802077,90.59913111352898,84.87438295637054,83.52606950509198,59.79796944717816,84.0780690658919,59.61875974791303
,Louis Rees-Zammit,WR,2025,JAX,64.60116830069977,88.62521442494771,89.41973358657505,83.23324077736845,80.9847606108849,59.596422356741755,84.82853458795694,65.1876777886396
,Dayton Wade,WR,2025,BAL,64.30918570682915,89.69757853341343,91.31230277646753,86.0478586572483,85.69457315774798,57.72024795918628,82.23482852069742,57.794426721970225
,Marcus Riley,WR,2025,NYJ,64.09978881703258,90.09160306626455,91.52806932974819,85.59993423893201,85.25727563509076,58.073494644074344,83.40681816223037,55.46265795209516
,Julian Hicks,WR,2025,GB,64.72191739894883,88.86851874100859,90.26622236222,83.94671129816157,81.61260138151579,59.046291191543105,84.23012698603713,63.15086823421242
,John Rhys Plumlee,WR,2025,SEA,64.27133433602846,89.0963601102403,89.73138397757636,83.93565097596581,82.76579173079972,59.241480943222314,84.38851173351077,62.32601387468055
,Xavier Johnson,WR,2025,HOU,64.53774939713968,88.54482430890113,89.58623235000427,83.51702318961577,81.47071009090178,60.73039471395987,85.24177053738072,63.11049444813709
,John Jiles,WR,2025,NE,64.97402174167702,87.85189184966833,88.94497557719004,82.6113255280477,79.2722376695558,60.868012985647965,85.4320259410224,68.06275891246875
,Jeff Foreman,WR,2025,LV,64.22726116994677,89.89284482494747,91.18564554073797,85.12929667674382,84.34396030976473,57.85101634232251,83.46331964585272,57.75654677918834
,Lideatrick Griffin,WR,2025,GB,63.82969529565035,90.59529825376828,91.55194710251482,85.0130489768743,84.45445361356951,56.98875988234181,81.08610904771785,56.57756125976313
,David White,WR,2025,BUF,64.43086280735464,89.01381641805375,89.70867208345155,82.85946056330226,80.5659711130993,59.84002931487146,85.86969589727323,62.90516945994898
,Tanner Knue,WR,2025,TB,64.26799685290801,90.07337482194932,91.68060041202139,85.83092124850447,85.28042500490687,57.161881687219534,82.59896436522217,56.70111292724563
,Cole Burgess,WR,2025,CIN,64.49637420734335,89.03295373563455,90.1711228960757,84.06400860785027,82.3201585825866,59.23425057022757,84.34477509034798,61.9923829451394
,Jaelen Gill,WR,2025,CLE,64.05388688947211,89.75779918190005,90.58623362598706,84.56262215852445,83.95336622549598,58.72806281555427,84.30707648520934,58.235559526754216
,Terique Owens,WR,2025,SF,64.52710302366118,88.97452026619573,89.9410053214361,83.34924327526892,81.11736921160923,59.516265294518234,85.17094196619587,62.849662506783496
,Jeshaun Jones,WR,2025,MIN,64.31852147752902,89.5879416475291,90.75450503572714,84.51946905308552,83.264317049297,58.43046371011144,84.06160004868195,59.44330525701248
,JaQuae Jackson,WR,2025,LAC,64.14574275482907,89.82403541562388,90.79761083823868,84.50887830013028,83.59385957131462,58.39401225563631,84.28848369577861,58.295597034680725
,John Jackson,WR,2025,CHI,65.00963326819333,87.89601832495244,89.46159373113113,83.53996907655556,80.56292581994694,60.839772857663434,84.62874286888245,66.26258702278349
,Drake Stoops,WR,2025,LAR,64.52059955488558,89.26484026091384,91.0851333298392,85.59541778911898,84.52263406162479,58.6630620894847,82.85157451386647,59.071096615264835
,Qadir Ismail,WR,2025,LV,65.37303331214754,87.23800132872967,88.43573687795006,81.4950412027631,76.70961724908352,61.47355392751501,86.28071402002433,71.88586635076166
,Ajou Ajou,WR,2025,IND,64.71730152383499,88.32196564894566,88.87282703731968,82.58253808103376,79.86040396237104,59.66626909912213,85.0986650785726,67.9322696239363
,Darius Cooper,WR,2025,PHI,65.32610632784532,89.44999406819754,90.50190085883395,83.61021638086902,82.84345593128182,60.445159417498985,84.27926725307248,62.837125384312166
,Taylor Morin,WR,2025,PHI,65.42755983794633,89.27172121902221,90.57923988922869,83.65285583457484,82.63947009240883,60.99123527766062,84.44815679098144,62.6359681568228
,Tyrone Broden,WR,2025,SEA,65.12785913181771,89.31329402373379,90.01825498832777,83.08441693532637,82.49757523505946,61.831806516139864,85.45117400464278,62.258304774405424
,Mac Dalena,WR,2025,KC,65.2609540004262,89.45903163443917,90.37994761950765,83.48664270711953,82.81260922316233,60.62789229542943,84.49731447343356,62.75502464900418
,Xavier Guillory,WR,2025,BAL,65.453620768914,89.26810619252545,90.62802118495912,83.70228530407468,82.65180877565649,60.91814212648842,84.36093790283678,62.668808450945996
,Jimmy Holiday,WR,2025,KC,65.2609540004262,89.45903163443917,90.37994761950765,83.48664270711953,82.81260922316233,60.62789229542943,84.49731447343356,62.75502464900418
,JP Richardson,WR,2025,CHI,65.23489306945847,89.46264666093585,90.33116632377717,83.43721323761969,82.80027053991489,60.70098544660118,84.584533361578,62.72218435488094
,Jahdae Walker,WR,2025,CHI,65.23489306945847,89.46264666093585,90.33116632377717,83.43721323761969,82.80027053991489,60.70098544660118,84.584533361578,62.72218435488094
,Monaray Baldwin,WR,2025,MIA,64.93798257709976,89.66803220883625,89.88796757540368,83.023852762665,82.91171625442962,60.70310822023055,85.06978548475263,62.67703937644596
,J.J. Jones,WR,2025,JAX,65.02919583548668,89.65537961609786,90.05870211046042,83.19685590591456,82.95490164579701,60.447282191128465,84.76451937624734,62.79198040587748
,Darius Lassiter,WR,2025,JAX,65.33355636578936,89.12056106857185,90.29071920164444,83.32477426703139,82.34294412917734,62.085509771612806,85.27118798997355,62.18850872340881
,Tyler Kahmann,WR,2025,IND,65.24513332117242,89.29702640449872,90.23777081911496,83.30684954807577,82.55309930967474,61.50288733586524,85.0586890079926,62.40608609796017
,Coleman Owen,WR,2025,IND,65.24513332117242,89.29702640449872,90.23777081911496,83.30684954807577,82.55309930967474,61.50288733586524,85.0586890079926,62.40608609796017
,Kelly Akharaiyi,WR,2025,BUF,65.20325171095094,89.1386362010551,90.04681272299186,83.07762691953218,82.28125071293857,62.4509755274737,85.70728243069584,62.02430725279258
,Stephen Gosnell,WR,2025,BUF,65.00034469074917,89.49518189940584,89.89213466220257,82.99234801212083,82.68922239068502,61.358823807150316,85.36950335487836,62.42662170777167
,Hal Presley,WR,2025,KC,65.2609540004262,89.45903163443917,90.37994761950765,83.48664270711953,82.81260922316233,60.62789229542943,84.49731447343356,62.75502464900418
,Jamoi Mayes,WR,2025,CIN,65.16974074203925,89.47168422717752,90.20921308445088,83.31363956386986,82.7694238317954,60.88371832453163,84.80258058193931,62.64008361957272
,Jakobie Keeney-James,WR,2025,DET,65.38846844149471,89.27714375876712,90.50606794563276,83.57871163032502,82.62096206753722,61.100875004418526,84.57898512319787,62.58670771563787
,Jamaal Pritchett,WR,2025,NYJ,65.08131769742211,89.64814956310455,90.15626470192146,83.29571484491407,82.97957901229233,60.30109588878372,84.59008159995801,62.857660994123904
,Daniel Jackson,WR,2025,HOU,64.98731422526517,89.49698941265417,89.86774401433732,82.96763327737096,82.68305304906107,61.39537038273613,85.41311279895046,62.41020156070995
,Garrett Greene,WR,2025,TB,65.3912586552647,89.44095650195581,90.62385409816022,83.73379005461862,82.87430263940132,60.26242653956888,84.06122003271128,62.919226119620724
,Jordan Bly,WR,2025,NYG,65.1073786283899,89.64453453660794,90.20504599765201,83.34514431441414,82.99191769554045,60.22800273761197,84.50286271181358,62.890501288247265
,Joaquin Davis,WR,2025,DEN,65.09155794913612,89.48252930666759,90.06286919725937,83.1653511553705,82.7324077820524,61.10299777804801,85.06423724637261,62.541562737202966
,Courtney Jackson,WR,2025,DEN,65.1930114592369,89.30425645749224,90.14020822765401,83.20799060907609,82.52842194317896,61.64907363820953,85.23312678428147,62.34040550971306
,Dontae Fleming,WR,2025,MIN,65.19580167300678,89.46806920068082,90.25799438018134,83.36306903336964,82.78176251504306,60.8106251733592,84.71536169379476,62.672923913695946
,Robert Lewis,WR,2025,MIN,65.19580167300678,89.46806920068082,90.25799438018134,83.36306903336964,82.78176251504306,60.8106251733592,84.71536169379476,62.672923913695946
,Roc Taylor,WR,2025,PIT,65.27398446591003,89.45722412119083,90.40433826737286,83.51135744186922,82.81877856478627,60.59134571984339,84.45370502936134,62.77144479606593
,Moochie Dixon,WR,2025,NO,65.37822818978093,89.44276401520416,90.59946345029493,83.70907531986887,82.86813329777738,60.298973115155036,84.10482947678338,62.90280597255901
,Quincy Skinner Jr.,WR,2025,ATL,65.12040909387373,89.64272702335957,90.22943664551718,83.36985904916384,82.99808703716394,60.19145616202616,84.4592532677417,62.90692143530872
,Jeremiah Webb,WR,2025,NE,65.25816378665623,89.29521889125044,90.2621614669803,83.3315642828257,82.55926865129845,61.466340760279195,85.01507956392038,62.42250624502156
,Ketron Jackson Jr.,WR,2025,LV,65.14647002484138,89.63911199686288,90.27821794124783,83.41928851866396,83.0104257204116,60.1183630108535,84.37203437959704,62.93976172943209
,Key'Shawn Smith,WR,2025,KC,65.2609540004262,89.45903163443917,90.37994761950765,83.48664270711953,82.81260922316233,60.62789229542943,84.49731447343356,62.75502464900418
,Cade McDonald,WR,2025,CLE,65.11482866633385,89.31510153698213,89.9938643404625,83.05970220057628,82.49140589343551,61.868353091725794,85.49478344871511,62.241884627343616
,Kisean Johnson,WR,2025,CLE,65.01337515623287,89.49337438615751,89.91652531006777,83.0170627468708,82.69539173230896,61.32227723156393,85.32589391080603,62.44304185483295
,Luke Floriea,WR,2025,CLE,65.01337515623287,89.49337438615751,89.91652531006777,83.0170627468708,82.69539173230896,61.32227723156393,85.32589391080603,62.44304185483295
,T.J. Sheffield,WR,2025,TEN,65.16695052826923,89.30787148398886,90.09142693192348,83.15856113957625,82.51608325993129,61.722166789381276,85.32034567242579,62.30756521558998
,Kyrese Rowan,WR,2025,DEN,65.1930114592369,89.30425645749224,90.14020822765401,83.20799060907609,82.52842194317896,61.64907363820953,85.23312678428147,62.34040550971306
,Ife Adeyi,WR,2025,PHI,65.42755983794633,89.27172121902221,90.57923988922869,83.65285583457484,82.63947009240883,60.99123527766062,84.44815679098144,62.6359681568228
BRANDONAIYUK_19980317,Brandon Aiyuk,WR,2025,SF,87.0,91.0,92.0,92.0,89.0,87.0,95.0,65.0
CHRISOLAVE_20000627,Chris Olave,WR,2025,NO,86.0,93.0,95.0,91.0,92.0,82.0,82.0,59.0
RASHEERICE_20000422,Rashee Rice,WR,2025,KC,83.0,90.0,92.0,85.0,87.0,85.0,92.0,71.0
CHRISTIANKIRK_19961118,Christian Kirk,WR,2025,HOU,81.0,90.0,92.0,88.0,86.0,79.0,85.0,65.0
ELIJAHMOORE_20000327,Elijah Moore,WR,2025,BUF,77.0,92.0,91.0,92.0,93.0,69.0,84.0,59.0
KENDRICKBOURNE_19950804,Kendrick Bourne,WR,2025,NE,77.0,88.0,91.0,88.0,85.0,82.0,88.0,65.0
CURTISSAMUEL_19960811,Curtis Samuel,WR,2025,BUF,76.0,90.0,92.0,89.0,84.0,75.0,88.0,64.0
DIONTAEJOHNSON_19960705,Diontae Johnson,WR,2025,CLE,76.0,89.0,91.0,90.0,92.0,67.0,86.0,61.0
DYAMIBROWN_19991101,Dyami Brown,WR,2025,JAX,76.0,93.0,92.0,88.0,84.0,79.0,85.0,63.0
KALIFRAYMOND_19940808,Kalif Raymond,WR,2025,DET,75.0,91.0,91.0,87.0,83.0,80.0,82.0,53.0
RICKYPEARSALL_20000909,Ricky Pearsall,WR,2025,SF,75.0,92.0,91.0,92.0,91.0,76.0,94.0,61.0
ADONAIMITCHELL_20021008,Adonai Mitchell,WR,2025,IND,73.0,94.0,95.0,91.0,90.0,67.0,89.0,51.0
GREGDORTCH_19980529,Greg Dortch,WR,2025,ARI,73.0,90.0,90.0,87.0,89.0,74.0,77.0,43.0
JAHANDOTSON_20000322,Jahan Dotson,WR,2025,PHI,73.0,92.0,94.0,84.0,87.0,73.0,84.0,61.0
JAYLINNOEL_20020904,Jaylin Noel,WR,2025,HOU,73.0,93.0,94.0,89.0,86.0,68.0,84.0,66.0
JUSTINWATSON_19950404,Justin Watson,WR,2025,HOU,73.0,90.0,92.0,80.0,79.0,79.0,92.0,69.0
JORDANWHITTINGTON_20001001,Jordan Whittington,WR,2025,LAR,72.0,89.0,90.0,90.0,87.0,73.0,86.0,64.0
VANJEFFERSON_19960726,Van Jefferson,WR,2025,TEN,72.0,89.0,92.0,84.0,80.0,76.0,85.0,59.0
,Kyle Williams,WR,2025,NE,72.0,92.0,93.0,87.0,85.0,70.0,87.0,66.0
DAVIDMOORE_19950115,David Moore,WR,2025,CAR,71.0,88.0,86.0,82.0,76.0,78.0,86.0,74.0
TAIFELTON_20030315,Tai Felton,WR,2025,MIN,71.0,93.0,93.0,84.0,85.0,62.0,89.0,59.0
SAVIONWILLIAMS_20011122,Savion Williams,WR,2025,GB,70.0,90.0,90.0,86.0,84.0,75.0,89.0,71.0
PATBRYANT_20021210,Pat Bryant,WR,2025,DEN,69.0,85.0,88.0,84.0,86.0,71.0,90.0,69.0
TYLERJOHNSON_19980825,Tyler Johnson,WR,2025,NYJ,69.0,87.0,90.0,82.0,80.0,67.0,86.0,68.0
ISAACTESLAA_20020220,Isaac TeSlaa,WR,2025,DET,68.0,91.0,91.0,88.0,89.0,64.0,92.0,65.0
LIL'JORDANHUMPHREY_19980419,Lil'Jordan Humphrey,WR,2025,NYG,68.0,84.0,83.0,79.0,79.0,76.0,85.0,67.0
AMARICOOPER_19940617,Amari Cooper,WR,2025,BUF,77.34316836496734,90.0759624151438,90.22936819271024,87.5076037045508,81.94832880959734,83.1831631058401,86.30436818816521,67.7884017396907
TYLERBOYD_19941115,Tyler Boyd,WR,2025,TEN,75.8033021688222,88.45281538209872,89.44923441456751,86.35243377897812,80.39413876024014,80.88754352616456,87.20942662865663,64.30877526273252
STEFONDIGGS_19931129,Stefon Diggs,WR,2025,NE,88.0,91.0,93.0,91.0,93.0,86.0,91.0,62.0
DEANDREHOPKINS_19920606,DeAndre Hopkins,WR,2025,BAL,82.0,89.0,86.0,87.0,84.0,80.0,92.0,75.0
RASHIDSHAHEED_19980831,Rashid Shaheed,WR,2025,NO,79.0,93.0,95.0,90.0,91.0,76.0,87.0,60.0
TIMPATRICK_19931123,Tim Patrick,WR,2025,DET,78.0,88.0,90.0,82.0,83.0,81.0,89.0,69.0
DARIUSSLAYTON_19970112,Darius Slayton,WR,2025,NYG,77.0,94.0,91.0,85.0,87.0,79.0,92.0,57.0
TETAIROAMCMILLAN_20030405,Tetairoa McMillan,WR,2025,CAR,77.0,89.0,91.0,89.0,87.0,78.0,94.0,76.0
JALENTOLBERT_19990227,Jalen Tolbert,WR,2025,DAL,76.0,91.0,94.0,86.0,86.0,78.0,87.0,61.0
MATTHEWGOLDEN_20030801,Matthew Golden,WR,2025,GB,76.0,91.0,97.0,92.0,91.0,72.0,85.0,61.0
DONTAYVIONWICKS_20010616,Dontayvion Wicks,WR,2025,GB,75.0,89.0,88.0,87.0,86.0,79.0,90.0,60.0
EMEKAEGBUKA_20021014,Emeka Egbuka,WR,2025,TB,75.0,90.0,95.0,85.0,88.0,76.0,90.0,60.0
NICKWESTBROOK-IKHINE_19970321,Nick Westbrook-Ikhine,WR,2025,MIA,75.0,90.0,89.0,82.0,80.0,81.0,85.0,64.0
DEMARCUSROBINSON_19940921,Demarcus Robinson,WR,2025,SF,74.0,88.0,89.0,89.0,80.0,77.0,86.0,60.0
DEVAUGHNVELE_19971212,Devaughn Vele,WR,2025,DEN,74.0,90.0,90.0,83.0,80.0,77.0,86.0,58.0
JALENNAILOR_19990302,Jalen Nailor,WR,2025,MIN,74.0,91.0,94.0,87.0,85.0,77.0,83.0,58.0
JAYDENHIGGINS_20021215,Jayden Higgins,WR,2025,HOU,74.0,89.0,92.0,83.0,81.0,77.0,93.0,67.0
MACKHOLLINS_19930916,Mack Hollins,WR,2025,NE,74.0,91.0,88.0,82.0,73.0,76.0,85.0,73.0
TRETUCKER_20010308,Tre Tucker,WR,2025,LV,74.0,95.0,93.0,85.0,82.0,71.0,87.0,53.0
JALENCOKER_20011031,Jalen Coker,WR,2025,CAR,73.0,91.0,92.0,79.0,77.0,74.0,94.0,63.0
STERLINGSHEPARD_19930210,Sterling Shepard,WR,2025,TB,73.0,87.0,90.0,89.0,85.0,71.0,90.0,68.0
PARKERWASHINGTON_20020321,Parker Washington,WR,2025,JAX,72.0,89.0,91.0,87.0,87.0,72.0,89.0,66.0
ANDREIIOSIVAS_19991015,Andrei Iosivas,WR,2025,CIN,71.0,92.0,91.0,89.0,87.0,72.0,90.0,67.0
TYLERLOCKETT_19920928,Tyler Lockett,WR,2025,TEN,79.0,88.0,88.0,91.0,89.0,78.0,85.0,50.0
DEMARIODOUGLAS_20001208,DeMario Douglas,WR,2025,NE,78.0,91.0,93.0,88.0,90.0,79.0,89.0,57.0
MICHAELWILSON_20000223,Michael Wilson,WR,2025,ARI,78.0,89.0,90.0,89.0,85.0,80.0,93.0,72.0
ALLENLAZARD_19951211,Allen Lazard,WR,2025,NYJ,77.0,88.0,90.0,80.0,77.0,83.0,93.0,71.0
WAN'DALEROBINSON_20010105,Wan'Dale Robinson,WR,2025,NYG,77.0,91.0,93.0,92.0,90.0,74.0,83.0,61.0
NOAHBROWN_19960106,Noah Brown,WR,2025,WAS,76.0,89.0,87.0,82.0,78.0,83.0,91.0,74.0
TUTUATWELL_19991007,Tutu Atwell,WR,2025,LAR,75.0,93.0,94.0,89.0,90.0,78.0,80.0,40.0
JALENMCMILLAN_20011207,Jalen McMillan,WR,2025,TB,74.0,90.0,92.0,85.0,85.0,78.0,88.0,60.0
KAYSHONBOUTTE_20020507,Kayshon Boutte,WR,2025,NE,74.0,90.0,90.0,86.0,84.0,78.0,83.0,56.0
XAVIERLEGETTE_20010129,Xavier Legette,WR,2025,CAR,74.0,93.0,93.0,89.0,86.0,67.0,92.0,73.0
MARVINMIMSJR_20020319,Marvin Mims Jr.,WR,2025,DEN,80.87092151567063,94.41861667943672,94.03217583923646,91.50693585538909,92.26869082591145,82.22504790616472,91.20806318673674,54.69213546045978
JA'MARRCHASE_20000301,Ja'Marr Chase,WR,2025,CIN,99.0,95.0,94.0,92.0,97.0,99.0,98.0,73.0
JUSTINJEFFERSON_19990616,Justin Jefferson,WR,2025,MIN,99.0,91.0,92.0,95.0,98.0,99.0,97.0,64.0
AMON-RAST.BROWN_19991024,Amon-Ra St. Brown,WR,2025,DET,96.0,90.0,91.0,92.0,88.0,98.0,91.0,67.0
CEEDEELAMB_19990408,CeeDee Lamb,WR,2025,DAL,95.0,90.0,91.0,94.0,93.0,95.0,96.0,70.0
TYREEKHILL_19940301,Tyreek Hill,WR,2025,MIA,95.0,98.0,98.0,97.0,96.0,91.0,95.0,64.0
TERRYMCLAURIN_19950915,Terry McLaurin,WR,2025,WAS,94.0,96.0,91.0,86.0,87.0,97.0,88.0,67.0
A.J.BROWN_19970630,A.J. Brown,WR,2025,PHI,93.0,91.0,92.0,86.0,88.0,89.0,95.0,79.0
MIKEEVANS_19930821,Mike Evans,WR,2025,TB,93.0,92.0,89.0,81.0,82.0,93.0,97.0,78.0
DRAKELONDON_20010724,Drake London,WR,2025,ATL,91.0,88.0,92.0,88.0,88.0,94.0,97.0,77.0
DAVANTEADAMS_19921224,Davante Adams,WR,2025,LAR,90.0,89.0,89.0,94.0,94.0,92.0,95.0,63.0
DEVONTASMITH_19981114,DeVonta Smith,WR,2025,PHI,89.0,92.0,94.0,92.0,93.0,92.0,89.0,49.0
NICOCOLLINS_19990319,Nico Collins,WR,2025,HOU,89.0,94.0,92.0,89.0,82.0,93.0,93.0,67.0
PUKANACUA_20010529,Puka Nacua,WR,2025,LAR,88.0,93.0,92.0,88.0,91.0,90.0,93.0,65.0
MALIKNABERS_20030728,Malik Nabers,WR,2025,NYG,87.0,96.0,92.0,92.0,94.0,88.0,96.0,63.0
TEEHIGGINS_19990118,Tee Higgins,WR,2025,CIN,87.0,91.0,88.0,85.0,82.0,90.0,97.0,71.0
COOPERKUPP_19930615,Cooper Kupp,WR,2025,SEA,86.0,89.0,91.0,92.0,91.0,86.0,82.0,66.0
D.J.MOORE_19970414,DJ Moore,WR,2025,CHI,86.0,91.0,92.0,93.0,88.0,84.0,95.0,66.0
GARRETTWILSON_20000722,Garrett Wilson,WR,2025,NYJ,86.0,92.0,93.0,93.0,93.0,80.0,88.0,56.0
JAXONSMITH-NJIGBA_20020214,Jaxon Smith-Njigba,WR,2025,SEA,86.0,91.0,92.0,94.0,92.0,91.0,86.0,63.0
COURTLANDSUTTON_19951010,Courtland Sutton,WR,2025,DEN,85.0,90.0,91.0,90.0,84.0,86.0,94.0,75.0
JAYLENWADDLE_19981125,Jaylen Waddle,WR,2025,MIA,85.0,97.0,97.0,97.0,96.0,84.0,90.0,57.0
ZAYFLOWERS_20000911,Zay Flowers,WR,2025,BAL,85.0,93.0,92.0,93.0,92.0,81.0,85.0,55.0
JERRYJEUDY_19990424,Jerry Jeudy,WR,2025,CLE,84.0,91.0,93.0,92.0,92.0,85.0,85.0,64.0
JORDANADDISON_20020127,Jordan Addison,WR,2025,MIN,84.0,90.0,92.0,88.0,91.0,89.0,84.0,52.0
LADDMCCONKEY_20011111,Ladd McConkey,WR,2025,LAC,84.0,92.0,94.0,91.0,93.0,84.0,87.0,57.0
GEORGEPICKENS_20010304,George Pickens,WR,2025,DAL,83.0,91.0,94.0,92.0,91.0,83.0,96.0,61.0
JAKOBIMEYERS_19961108,Jakobi Meyers,WR,2025,LV,83.0,89.0,91.0,87.0,84.0,82.0,87.0,62.0
JAMESONWILLIAMS_20010326,Jameson Williams,WR,2025,DET,82.0,98.0,96.0,95.0,94.0,80.0,82.0,63.0
KHALILSHAKIR_20000203,Khalil Shakir,WR,2025,BUF,82.0,90.0,93.0,85.0,86.0,87.0,89.0,63.0
TANKDELL_19991029,Tank Dell,WR,2025,HOU,82.0,92.0,94.0,90.0,93.0,84.0,81.0,50.0
CALVINRIDLEY_19941220,Calvin Ridley,WR,2025,TEN,81.0,93.0,93.0,92.0,90.0,78.0,85.0,59.0
DARNELLMOONEY_19971029,Darnell Mooney,WR,2025,ATL,81.0,92.0,92.0,83.0,86.0,86.0,88.0,58.0
JAYDENREED_20000428,Jayden Reed,WR,2025,GB,81.0,94.0,94.0,89.0,91.0,80.0,83.0,58.0
RASHODBATEMAN_19991129,Rashod Bateman,WR,2025,BAL,81.0,92.0,92.0,88.0,86.0,84.0,89.0,60.0
ADAMTHIELEN_19900822,Adam Thielen,WR,2025,CAR,80.0,88.0,90.0,88.0,81.0,83.0,90.0,67.0
JAUANJENNINGS_19970710,Jauan Jennings,WR,2025,SF,80.0,88.0,87.0,78.0,76.0,88.0,95.0,78.0
JOSHDOWNS_20010812,Josh Downs,WR,2025,IND,80.0,90.0,93.0,91.0,90.0,82.0,91.0,51.0
XAVIERWORTHY_20030427,Xavier Worthy,WR,2025,KC,80.0,99.0,98.0,89.0,91.0,81.0,90.0,47.0
ALECPIERCE_20000502,Alec Pierce,WR,2025,IND,79.0,93.0,94.0,79.0,83.0,81.0,92.0,67.0
ROMEODOUBS_20000413,Romeo Doubs,WR,2025,GB,79.0,92.0,94.0,85.0,83.0,83.0,83.0,60.0
ROMEODUNZE_20020603,Rome Odunze,WR,2025,CHI,79.0,91.0,94.0,87.0,89.0,82.0,93.0,65.0
CHRISTIANWATSON_19990512,Christian Watson,WR,2025,GB,78.0,96.0,94.0,85.0,86.0,80.0,91.0,65.0
KEONCOLEMAN_20030517,Keon Coleman,WR,2025,BUF,76.0,87.0,88.0,87.0,88.0,81.0,94.0,72.0
QUENTINJOHNSTON_20010906,Quentin Johnston,WR,2025,LAC,76.0,93.0,90.0,83.0,85.0,80.0,94.0,70.0
KAVONTAETURPIN_19960802,KaVontae Turpin,WR,2025,DAL,75.0,97.0,94.0,92.0,89.0,73.0,89.0,48.0
OLAMIDEZACCHEAUS_19970723,Olamide Zaccheaus,WR,2025,CHI,73.0,90.0,89.0,85.0,85.0,75.0,85.0,54.0
BRIANTHOMASJR_20021008,Brian Thomas Jr.,WR,2025,JAX,86.80131048337324,95.21637376844862,93.5524827270144,89.76317687298842,90.91992030345853,85.8337265054164,94.47965666976604,67.20947336451638
CALVINAUSTINIII_o_pass,Calvin Austin III,WR,2025,PIT,79.7963842299365,96.20001497998382,96.1950072665451,94.62378092195223,94.48779913130204,82.49868794856366,87.76558732700794,42.324799687512154
CHRISGODWIN_19960227,Chris Godwin,WR,2025,TB,83.40867769322088,90.43526869508293,89.89624100047558,86.90659305440045,86.3005381125513,89.9890759179425,88.90421724358106,69.6740397663765
D.K.METCALF_19971214,DK Metcalf,WR,2025,PIT,84.78311026502558,92.77036257907278,90.57601631017997,82.49841051219073,80.1465896772836,87.623440889363,96.27654066690943,85.89861089088765
DEEBOSAMUEL_19960115,Deebo Samuel Sr.,WR,2025,WAS,83.24872651891054,89.70394863533573,89.63078132043086,86.4802022737768,86.21921868992717,88.95326184609394,90.25979977349904,71.88152945414856
JOSHUAPALMER_19990922,Josh Palmer,WR,2025,BUF,82.82047635984532,90.2136051010963,90.86167081988881,88.251028549365,88.02678064458814,86.188753300636,90.86977001004631,69.18846125257494
KEENANALLEN_19920427,Keenan Allen,WR,2025,CHI,84.77271299266297,86.50347048765562,87.71882635340364,85.51775589041,83.31611141659869,93.57773667282675,91.71088164401542,72.16854931701789
MARVINHARRISONJR_20020811,Marvin Harrison Jr.,WR,2025,ARI,84.08314713497013,91.6246290795672,91.67697955109378,88.80930290966228,88.9811786369861,84.84946170386047,91.79085803237466,70.93288200963696
MICHAELPITTMANJR_19971005,Michael Pittman,WR,2025,IND,84.6538883693269,88.42238478815491,88.5402263532917,85.5867160085574,85.50242213791057,89.13372082280989,92.0441736417017,76.95846701024232
RAY-RAYMCCLOUDIII_19961015,Ray-Ray McCloud,WR,2025,ATL,81.57230171817443,89.35494941924293,91.2143981521869,89.97787619104861,90.27615734941548,88.13488991070471,84.79410315671977,55.27199386142627
JONATHONBROOKS_20030721,Jonathon Brooks,RB,2025,CAR,77.0,90.0,91.0,90.0,88.0,72.0,85.0,70.0
CLYDEEDWARDS-HELAIRE_19990411,Clyde Edwards-Helaire,RB,2025,NO,74.0,87.0,91.0,87.0,87.0,68.0,91.0,72.0
KEATONMITCHELL_20020117,Keaton Mitchell,RB,2025,BAL,74.0,94.0,95.0,82.0,83.0,71.0,90.0,60.0
MARSHAWNLLOYD_20010105,MarShawn Lloyd,RB,2025,GB,73.0,90.0,92.0,88.0,87.0,73.0,86.0,73.0
DARRYNTONEVANS_19980709,Darrynton Evans,RB,2025,BUF,71.0,93.0,89.0,88.0,81.0,69.0,87.0,69.0
DEUCEVAUGHN_20011102,Deuce Vaughn,RB,2025,DAL,70.0,89.0,91.0,90.0,88.0,52.0,83.0,58.0
RAHEIMSANDERS_20030608,Raheim Sanders,RB,2025,LAC,69.0,90.0,89.0,84.0,84.0,69.0,87.0,72.0
TRAVISHOMER_19980807,Travis Homer,RB,2025,CHI,69.0,91.0,93.0,81.0,83.0,73.0,90.0,62.0
DONOVANEDWARDS_20030225,Donovan Edwards,RB,2025,NYJ,68.0,91.0,93.0,82.0,81.0,70.0,88.0,71.0
RASHEENALI_20010216,Rasheen Ali,RB,2025,BAL,68.0,92.0,92.0,86.0,85.0,69.0,81.0,74.0
CODYSCHRADER_19990908,Cody Schrader,RB,2025,LAR,67.0,85.0,90.0,77.0,75.0,70.0,81.0,73.0
BLAKEWATSON_19991014,Blake Watson,RB,2025,DEN,66.0,91.0,91.0,80.0,84.0,67.0,91.0,72.0
CHRISCOLLIER_19930122,Chris Collier,RB,2025,LV,66.0,89.0,94.0,85.0,85.0,60.0,86.0,70.0
EVANHULL_20001026,Evan Hull,RB,2025,PIT,66.0,90.0,91.0,87.0,84.0,58.0,87.0,71.0
J.J.TAYLOR_19980104,J.J. Taylor,RB,2025,HOU,66.0,85.0,88.0,82.0,87.0,61.0,83.0,64.0
DYLANLAUBE_19991214,Dylan Laube,RB,2025,LV,65.0,88.0,89.0,88.0,90.0,51.0,84.0,67.0
JA'QUINDENJACKSON_20010912,Ja'Quinden Jackson,RB,2025,JAX,65.0,83.0,86.0,80.0,77.0,70.0,81.0,74.0
JARETPATTERSON_19991223,Jaret Patterson,RB,2025,LAC,65.0,85.0,89.0,82.0,82.0,66.0,74.0,61.0
KENDALLMILTON_20020210,Kendall Milton,RB,2025,CIN,65.0,86.0,93.0,82.0,76.0,66.0,85.0,72.0
GARYBRIGHTWELL_19980228,Gary Brightwell,RB,2025,CIN,64.0,85.0,87.0,81.0,83.0,66.0,83.0,73.0
GEORGEHOLANI_19991216,George Holani,RB,2025,SEA,64.0,89.0,92.0,78.0,80.0,60.0,89.0,71.0
AVERYWILLIAMS_19980715,Avery Williams,RB,2025,PHI,62.0,90.0,89.0,86.0,89.0,54.0,81.0,61.0
ADAMPRENTICE_19970116,Adam Prentice,RB,2025,NO,66.5826490630173,85.42849307325358,87.56555719379958,77.44521156056027,77.70627826383989,73.19510706200685,87.94130401060238,78.93043042157365
ANDREWBECK_19960515,Andrew Beck,RB,2025,NYJ,67.08629585399055,84.83519844818537,86.73192526627315,77.55257479611276,76.81134788820722,78.05062575153374,87.07804470990493,82.25647991763344
C.J.HAM_19930722,C.J. Ham,RB,2025,MIN,69.29246382214939,84.78116544359077,86.5622411496762,76.9428045884884,76.55874343777194,83.36747789142237,89.94169968269898,81.44799451555173
CARLOSWASHINGTONJR_19981226,Carlos Washington,RB,2025,ATL,64.8061576852981,88.39575102875423,90.3251700002121,82.43044662038949,80.21148157402186,64.6675782032994,85.41978228841651,68.35305192606461
COLSONYANKOFF_20000301,Colson Yankoff,RB,2025,WAS,63.96920786831592,87.41652069417754,89.25907812450009,81.87897393536639,79.65150734610373,64.62823073973254,83.54919126713651,71.70222240479461
JAKOBJOHNSON_19941215,Jakob Johnson,RB,2025,HOU,65.95981013369558,84.78192181630558,86.57836750916636,77.17200180821749,76.8134813710615,76.57315485734034,87.24594392295865,82.89507882992052
JASEMCCLELLAN_20020625,Jase McClellan,RB,2025,ATL,67.22715477662047,89.25918156359896,91.54125773245232,84.18866562508038,79.6135017220669,66.86594482788155,84.1231342442652,69.57454329742654
JERMARJEFFERSON_20000415,Jermar Jefferson,RB,2025,TEN,65.39766718382896,86.41868733631335,87.72044720618067,79.3152926292492,86.51359171212962,67.30681920664551,80.38823782712177,72.07158542400748
JONATHANWARD_19970930,Jonathan Ward,RB,2025,NYG,67.08476511459534,89.07050789896405,90.61261764489768,84.96739518335863,80.30380385300057,70.77619274498852,84.70895798344566,65.60093658966957
JOSHUAKELLEY_19971120,Joshua Kelley,RB,2025,TEN,70.99327438030804,89.34919456009206,91.18084136525977,85.76617295133332,76.97534362216382,78.04990512588597,81.56425857324575,70.35005662129879
KEAONTAYINGRAM_19991026,Keaontay Ingram,RB,2025,KC,67.62294536722783,87.73991132227687,89.97688937755436,82.56764547256518,80.16920756892242,70.84056978222543,84.61340430229166,72.72913953291027
KEILANROBINSON_20000216,Keilan Robinson,RB,2025,PHI,67.03653680047515,91.1512833555997,92.5880916732433,85.30332622672972,81.5389815129611,64.34240199268106,84.32032086622144,61.92316885015748
MIKEBOONE_19950730,Mike Boone,RB,2025,CAR,67.59313020141914,88.39936604112225,89.8190327916351,83.28162825637656,79.7005223277163,73.90369213467193,86.961517648469,67.72114945475437
PATRICKRICARD_19940527,Patrick Ricard,RB,2025,BAL,69.11263458098651,81.08500924817136,83.44730690159861,70.68736112352053,73.55857906377136,87.8782760052527,90.68309958800683,96.37759791123858
REGGIEGILLIAM_19970820,Reggie Gilliam,RB,2025,BUF,66.20427018274262,85.85682384218555,87.99967710776082,78.20765214167892,77.40900114278796,74.30099852062222,87.26531330065734,80.24301694236738
TRAYVEONWILLIAMS_19971018,Trayveon Williams,RB,2025,CLE,69.3230399280344,88.8543114213492,89.97920631162208,81.53258308809802,79.01486696977193,75.53408246227468,83.45564267128134,68.94553696657817
TROYHAIRSTON_19981208,Troy Hairston,RB,2025,CLE,65.28464839448694,85.98439758452324,88.5028536473485,77.65848812278114,77.50972876050307,70.73595458541831,87.05543535476215,80.92883317416454
TYREIKMCALLISTER_19980407,Tyreik McAllister,RB,2025,LV,65.41216612520574,90.12929352698157,91.59842691013694,85.88423244068974,81.7646066911378,63.69865886520279,84.90487061758608,60.1526343894609
TYRIONDAVIS-PRICE_20001023,Tyrion Davis-Price,RB,2025,TEN,70.31037716360476,89.092917970522,90.54166210766357,85.43908154321423,80.95250801717364,74.44112145486383,78.38540983782627,72.36137701234975
VELUSJONESJR_19970511,Velus Jones Jr.,RB,2025,NO,70.70184123467288,92.31664383412024,91.84954415672348,87.30693375589334,80.15157139742436,71.92078791158337,83.40939117801099,61.700930499987635
,Aaron Shampklin,RB,2025,PIT,66.42944611550581,89.74534531825483,91.61727280827301,85.25983512539528,80.91309792079792,66.49266152895075,84.60805226600576,63.691719773047
,Dante Miller,RB,2025,NYG,63.84285774267775,89.0619439205058,90.93306428304572,83.1288687079765,81.03095972786119,60.82667356730667,85.38405491677213,65.26415031580791
,D.J. Williams,RB,2025,TB,64.8297803746205,87.27538509843279,89.4793975871753,80.4246273073486,79.4318484157134,65.16435885374631,85.64767257009748,72.43121545210852
,British Brooks,RB,2025,HOU,63.51811769237369,87.54914807449669,89.88519186411827,80.21829913724548,79.1911408022934,63.70352177820814,85.5474195840045,74.361883423275
,Terrell Jennings,RB,2025,NE,64.36206988693903,88.24384754570585,90.45684060613871,82.1796538647327,79.79322057205664,64.07269560142777,84.39155169511298,70.89722209229762
,Montrell Johnson Jr.,RB,2025,PHI,64.53566810690126,89.30164642095534,91.1575706502374,82.62234428741232,80.72582332840054,59.59435554008314,86.91479803179641,69.01279241804923
,Amar Johnson,RB,2025,GB,64.83436636089527,88.65444598552611,91.23291766591399,83.22166117935586,81.45175261004837,58.61393067010067,86.23613592927609,67.55926780113782
,Jalen White,RB,2025,GB,64.1400648443404,88.49716105419051,90.7710866932382,83.47942846706707,81.6686672617694,57.76931414408273,85.70777636165633,66.84571325472098
,Josh Williams,RB,2025,TB,64.03694430916494,88.65506464587779,90.9030397156248,82.49267803896879,82.2373505684973,55.68039919624766,88.17947840792465,64.31437916611958
,Ulysses Bentley IV,RB,2025,IND,63.59965173334723,87.12370050684078,90.0957329473058,82.340229465802,82.6853001229164,55.9975705762306,83.81184025912569,67.77075384908767
,Marcus Yarns,RB,2025,NO,64.34180359563712,90.44744679953604,92.03464340045582,85.66436480635303,82.93741944037217,55.70970129396051,87.78264579732115,62.07522995119098
,Nate Carter,RB,2025,ATL,64.05994006580875,88.75209441371268,91.17012432842478,83.2586718931297,81.7057894082674,57.165262195997,86.38470907952228,66.77433649551767
,Corey Kiner,RB,2025,SF,63.934777633950546,87.58037420755292,90.66686732571725,81.61528158977052,81.18411742663042,57.63269531551964,87.05928837244107,70.14900416265914
,Brock Lampe,RB,2025,NE,64.18079647584585,85.50320544480886,88.55224769120957,77.6568627062465,78.54926129408787,63.17461868550117,87.05566505594948,81.98726912689926
,Lan Larison,RB,2025,NE,63.74205032782439,88.28973975805357,90.73816624678909,82.57386904757055,81.26038949140835,57.71478987493424,86.19933445934043,69.09061129626684
CHRISTIANMCCAFFREY_19960607,Christian McCaffrey,RB,2025,SF,94.0,90.0,93.0,94.0,93.0,94.0,90.0,74.0
NICKCHUBB_19951227,Nick Chubb,RB,2025,HOU,87.0,88.0,88.0,82.0,80.0,81.0,92.0,86.0
DAMEONPIERCE_20000219,Dameon Pierce,RB,2025,HOU,78.0,90.0,89.0,82.0,81.0,73.0,82.0,84.0
CAMAKERS_19990622,Cam Akers,RB,2025,NO,77.0,89.0,92.0,89.0,82.0,70.0,86.0,73.0
KHALILHERBERT_19980421,Khalil Herbert,RB,2025,IND,76.0,88.0,87.0,86.0,81.0,77.0,81.0,73.0
TREYBENSON_20020723,Trey Benson,RB,2025,ARI,76.0,93.0,94.0,85.0,86.0,63.0,83.0,77.0
KENDREMILLER_20020611,Kendre Miller,RB,2025,NO,75.0,90.0,90.0,84.0,83.0,76.0,84.0,75.0
BLAKECORUM_20001125,Blake Corum,RB,2025,LAR,74.0,88.0,91.0,89.0,87.0,69.0,85.0,75.0
JAYLENWRIGHT_20030401,Jaylen Wright,RB,2025,MIA,73.0,93.0,93.0,84.0,86.0,67.0,89.0,76.0
JORDANJAMES_20040329,Jordan James,RB,2025,SF,73.0,89.0,92.0,85.0,84.0,65.0,80.0,72.0
TYCHANDLER_19980512,Ty Chandler,RB,2025,MIN,73.0,93.0,95.0,81.0,79.0,76.0,77.0,65.0
ZAMIRWHITE_19990918,Zamir White,RB,2025,LV,73.0,91.0,91.0,84.0,82.0,75.0,80.0,78.0
JAYDONBLUE_20040108,Jaydon Blue,RB,2025,DAL,72.0,93.0,95.0,89.0,88.0,61.0,77.0,65.0
ROSCHONJOHNSON_20010131,Roschon Johnson,RB,2025,CHI,72.0,86.0,89.0,82.0,81.0,77.0,77.0,78.0
DEVINNEAL_20030812,Devin Neal,RB,2025,NO,71.0,87.0,89.0,81.0,84.0,67.0,89.0,71.0
EMARIDEMERCADO_19990120,Emari Demercado,RB,2025,ARI,71.0,91.0,91.0,83.0,84.0,72.0,78.0,65.0
MICHAELCARTER_19990507,Michael Carter,RB,2025,ARI,71.0,87.0,85.0,88.0,90.0,64.0,82.0,66.0
OLLIEGORDONII_20040115,Ollie Gordon II,RB,2025,MIA,71.0,86.0,88.0,83.0,82.0,72.0,87.0,76.0
SINCEREMCCORMICK_20000910,Sincere McCormick,RB,2025,LV,71.0,87.0,88.0,80.0,78.0,75.0,81.0,75.0
TAHJBROOKS_20020513,Tahj Brooks,RB,2025,CIN,71.0,88.0,92.0,87.0,85.0,66.0,86.0,68.0
WILLSHIPLEY_20020829,Will Shipley,RB,2025,PHI,71.0,91.0,91.0,87.0,89.0,68.0,90.0,68.0
CARSONSTEELE_20021124,Carson Steele,RB,2025,KC,70.0,86.0,90.0,82.0,78.0,75.0,87.0,80.0
KALELMULLINGS_20021004,Kalel Mullings,RB,2025,TEN,70.0,87.0,91.0,79.0,77.0,67.0,75.0,79.0
BRASHARDSMITH_20030411,Brashard Smith,RB,2025,KC,69.0,93.0,93.0,84.0,85.0,56.0,79.0,64.0
HASSANHASKINS_19991126,Hassan Haskins,RB,2025,LAC,69.0,89.0,91.0,80.0,80.0,69.0,85.0,77.0
ISAIAHDAVIS_20020221,Isaiah Davis,RB,2025,NYJ,69.0,87.0,90.0,82.0,80.0,67.0,82.0,73.0
JEREMYMCNICHOLS_19951226,Jeremy McNichols,RB,2025,WAS,69.0,88.0,90.0,82.0,78.0,78.0,83.0,72.0
TYLERBADIE_20000207,Tyler Badie,RB,2025,DEN,69.0,90.0,94.0,83.0,82.0,68.0,81.0,74.0
CRAIGREYNOLDS_19960615,Craig Reynolds,RB,2025,DET,68.0,89.0,89.0,84.0,80.0,74.0,84.0,66.0
DEEJAYDALLAS_19980916,DeeJay Dallas,RB,2025,ARI,68.0,88.0,86.0,79.0,76.0,75.0,81.0,75.0
ERICGRAY_19991104,Eric Gray,RB,2025,NYG,68.0,86.0,90.0,85.0,86.0,67.0,86.0,69.0
PHILMAFAH_20021024,Phil Mafah,RB,2025,DAL,68.0,88.0,88.0,80.0,79.0,74.0,79.0,75.0
SIONEVAKI_20010730,Sione Vaki,RB,2025,DET,68.0,89.0,91.0,83.0,82.0,69.0,89.0,74.0
TYLERGOODSON_20001110,Tyler Goodson,RB,2025,IND,68.0,92.0,92.0,88.0,84.0,65.0,81.0,57.0
DAREOGUNBOWALE_19940504,Dare Ogunbowale,RB,2025,HOU,67.0,88.0,86.0,82.0,83.0,74.0,84.0,71.0
KENENWANGWU_19980209,Kene Nwangwu,RB,2025,NYJ,67.0,93.0,94.0,87.0,82.0,65.0,86.0,68.0
KIMANIVIDAL_20010828,Kimani Vidal,RB,2025,LAC,67.0,90.0,90.0,84.0,82.0,66.0,87.0,70.0
RAHEEMBLACKSHEAR_19990605,Raheem Blackshear,RB,2025,CAR,67.0,90.0,93.0,89.0,87.0,60.0,81.0,55.0
RONNIERIVERS_19990131,Ronnie Rivers,RB,2025,LAR,67.0,88.0,91.0,86.0,82.0,63.0,87.0,63.0
TREYSERMON_19990130,Trey Sermon,RB,2025,PIT,67.0,85.0,93.0,85.0,83.0,61.0,89.0,78.0
CHRISBROOKS_20000111,Chris Brooks,RB,2025,GB,66.0,89.0,88.0,81.0,78.0,62.0,86.0,71.0
JULIUSCHESTNUT_20001026,Julius Chestnut,RB,2025,TEN,65.0,88.0,91.0,83.0,79.0,64.0,82.0,76.0
KENNYMCINTOSH_20000303,Kenny McIntosh,RB,2025,SEA,64.0,87.0,89.0,83.0,82.0,64.0,83.0,66.0
JORDANMIMS_19990616,Jordan Mims,RB,2025,TEN,61.0,85.0,86.0,76.0,79.0,59.0,74.0,64.0
PATRICKTAYLOR_19980429,Patrick Taylor,RB,2025,SF,61.0,87.0,89.0,77.0,76.0,68.0,82.0,67.0
ALECINGOLD_19960709,Alec Ingold,RB,2025,MIA,68.74234794923109,80.80401939051706,84.15370131709915,76.29918796246619,76.16852268002695,81.76262632823295,80.543839846678,77.79623762213993
AUDRICESTIME_20030906,Audric Estimé,RB,2025,DEN,71.49267658951936,85.08444409319216,89.11294730203605,80.30992143139076,81.2977882347695,75.00275918146417,87.54003563554141,78.80467493661115
BENVANSUMEREN_20000505,Ben VanSumeren,RB,2025,PHI,66.98607646458296,87.73478586724332,89.15151556496215,80.60998951707228,79.52359818017734,70.55902593835191,84.92842385673407,77.34802383033434
CHRISRODRIGUEZJR_20000926,Chris Rodriguez Jr.,RB,2025,WAS,69.23809026334214,87.87798656330554,89.7308595167737,82.4581843732318,80.88368528663842,71.07249568710614,84.89656054716897,75.60710633239847
CORDARRELLEPATTERSON_19910317,Cordarrelle Patterson,RB,2025,PIT,80.60396152976566,90.22633896688359,89.7672211745197,86.57873728503671,78.71775236403047,95.97402788786582,85.33322699185521,74.81030362905653
D'ERNESTJOHNSON_19960227,D'Ernest Johnson,RB,2025,BAL,70.93215031340497,89.03838391698716,90.72688391815109,85.44591867656533,81.0449253657036,77.43027839030742,84.92543767155814,69.12685481732183
D'ONTAFOREMAN_19960424,D'Onta Foreman,RB,2025,CLE,76.15463956893831,87.15463438727002,87.66384979868218,82.375779781409,78.39942948340317,87.81361661121713,83.20026973627682,79.98551470180837
HUNTERLUEPKE_20000228,Hunter Luepke,RB,2025,DAL,67.60035542606013,86.97142796908378,88.79506874011668,79.88667151078204,79.11251022010651,71.04030201096003,85.08459298929006,79.73882774461993
JAMYCALHASTY_19960912,Jamycal Hasty,RB,2025,NE,70.07332082279126,88.38169037268472,90.49717656869069,86.35046773567097,84.64081326235267,72.7075775266556,88.74731056699318,64.61397914809675
JEFFWILSONJR_19951116,Jeffery Wilson,RB,2025,MIA,69.8829909671966,89.57233092621806,89.68662647257764,85.54031409197904,81.27166317704256,78.39313233841699,84.72057463513067,66.54196646060916
KYLEJUSZCZYK_19910423,Kyle Juszczyk,RB,2025,SF,78.49167947455769,87.13345004071937,87.60204020843389,82.95083393000124,76.48394941975263,96.44109473432036,82.49167039930938,79.85339076043425
LEQUINTALLEN_20040805,LeQuint Allen Jr.,RB,2025,JAX,64.25930495812057,90.08848171011581,90.94237923985827,85.00325562288452,84.19089161345823,60.806292472326675,85.94758145550338,67.55277176958873
MICHAELBURTON_19920101,Michael Burton,RB,2025,DEN,75.52556125279233,82.89773873537595,85.15061415448133,78.3677519272481,73.12155294016213,92.67075933483028,79.41524847340571,87.88292351092355
PIERRESTRONGJR_19981210,Pierre Strong,RB,2025,CLE,71.89932179977293,91.22133656433638,91.11057325848356,85.15880770624915,81.61919264600498,73.9066536094146,85.54723101050257,73.05306777536305
ROBBIEOUZTS_20020906,Robbie Ouzts,RB,2025,SEA,69.68530106011372,84.4075680572247,86.26172976549998,74.26219689562868,76.8274953706032,72.22411958675696,83.88980186375505,94.05944068211346
,Jacory Croskey-Merritt,RB,2025,WAS,64.36672070957479,88.88800653556274,90.44777916305804,83.7675572700395,82.91391356276336,60.379584730932436,85.97566400856806,70.65839715372942
DYLANSAMPSON_20040914,Dylan Sampson,RB,2025,CLE,74.0,92.0,91.0,88.0,86.0,63.0,84.0,65.0
JARQUEZHUNTER_20021229,Jarquez Hunter,RB,2025,LAR,72.0,91.0,91.0,78.0,75.0,73.0,86.0,73.0
TREVORETIENNE_20040709,Trevor Etienne,RB,2025,CAR,72.0,92.0,93.0,79.0,81.0,71.0,84.0,69.0
WOODYMARKS_20001229,Woody Marks,RB,2025,HOU,70.0,88.0,88.0,83.0,83.0,66.0,85.0,70.0
ISIAHPACHECO_20000302,Isiah Pacheco,RB,2025,KC,83.0,93.0,95.0,86.0,83.0,83.0,84.0,80.0
RAHEEMMOSTERT_19920409,Raheem Mostert,RB,2025,LV,79.0,91.0,92.0,85.0,84.0,80.0,89.0,67.0
TYJAESPEARS_20010615,Tyjae Spears,RB,2025,TEN,79.0,88.0,91.0,88.0,87.0,77.0,89.0,71.0
TREVEYONHENDERSON_20021022,TreVeyon Henderson,RB,2025,NE,76.0,91.0,90.0,86.0,83.0,68.0,89.0,71.0
BHAYSHULTUTEN_20020214,Bhayshul Tuten,RB,2025,JAX,75.0,95.0,96.0,90.0,87.0,58.0,94.0,75.0
DEVINSINGLETARY_19970903,Devin Singletary,RB,2025,NYG,75.0,87.0,89.0,88.0,89.0,73.0,84.0,70.0
ELIJAHMITCHELL_19980502,Elijah Mitchell,RB,2025,KC,75.0,88.0,91.0,86.0,86.0,69.0,88.0,71.0
KALEBJOHNSON_20030814,Kaleb Johnson,RB,2025,PIT,75.0,88.0,90.0,92.0,90.0,69.0,72.0,76.0
KENNETHGAINWELL_19990314,Kenneth Gainwell,RB,2025,PIT,75.0,89.0,87.0,86.0,86.0,72.0,84.0,70.0
MILESSANDERS_19970501,Miles Sanders,RB,2025,DAL,74.0,90.0,91.0,87.0,86.0,73.0,86.0,69.0
QUINSHONJUDKINS_20031029,Quinshon Judkins,HB,2025,CLE,74.0,90.0,91.0,85.0,82.0,74.0,91.0,77.0
RJHARVEY_20010204,RJ Harvey,RB,2025,DEN,74.0,92.0,94.0,84.0,80.0,65.0,88.0,73.0
CAMSKATTEBO_20020205,Cam Skattebo,RB,2025,NYG,73.0,85.0,90.0,87.0,85.0,67.0,92.0,81.0
BRAELONALLEN_20040120,Braelon Allen,RB,2025,NYJ,72.0,88.0,89.0,83.0,85.0,77.0,78.0,79.0
NYHEIMHINES_19961112,Nyheim Hines,RB,2025,LAC,72.0,90.0,92.0,88.0,82.0,69.0,85.0,62.0
DJGIDDENS_20030826,DJ Giddens,RB,2025,IND,71.0,91.0,92.0,77.0,80.0,72.0,91.0,70.0
KYLEMONANGAI_20020606,Kyle Monangai,RB,2025,CHI,71.0,86.0,88.0,81.0,78.0,64.0,83.0,77.0
DAMIENMARTINEZ_20040131,Damien Martinez,RB,2025,SEA,70.0,89.0,91.0,78.0,74.0,68.0,82.0,74.0
ZONOVANKNIGHT_20010411,Zonovan Knight,HB,2025,ARI,70.0,88.0,89.0,85.0,87.0,71.0,80.0,69.0
ISRAELABANIKANDA_20021005,Israel Abanikanda,RB,2025,GB,69.0,92.0,90.0,83.0,85.0,64.0,88.0,67.0
SALVONAHMED_19981229,Salvon Ahmed,RB,2025,IND,69.0,91.0,91.0,83.0,81.0,68.0,83.0,62.0
JASHAUNCORBIN_20000820,Jashaun Corbin,RB,2025,ATL,66.0,87.0,91.0,83.0,84.0,63.0,82.0,62.0
SEANTUCKER_20011025,Sean Tucker,RB,2025,TB,66.0,92.0,90.0,78.0,76.0,68.0,89.0,76.0
EMANIBAILEY_20011128,Emani Bailey,RB,2025,CAR,63.0,85.0,91.0,82.0,81.0,68.0,81.0,64.0
ELIJAHDOTSON_19990119,Elijah Dotson,RB,2025,ATL,60.0,88.0,89.0,82.0,83.0,55.0,81.0,64.0
A.J.DILLON_19980502,AJ Dillon,RB,2025,PHI,77.76701243994569,87.79453893907782,88.5624951749291,81.54366685853358,80.52196209788269,85.91332988395197,92.53288514637347,85.3263504169094
CHASEEDMONDS_19960413,Chase Edmonds,RB,2025,TB,75.92787464281076,89.62502280235472,91.2801954143008,89.12612110204131,85.98379061547053,81.386897863066,86.07165352865036,68.25664864544797
CHRISEVANS_19971005,Chris Evans,RB,2025,CIN,72.35194122161687,89.52587915055466,90.80630806257619,85.98284462438002,85.20818755418236,75.06070878224,91.78082782039542,73.01298262953401
DEMETRICFELTONJR_19980716,Demetric Felton,RB,2025,WAS,71.8909384806849,90.66370901914445,92.08981405787233,88.49264673794465,86.49178369756157,73.77758874576125,87.29450745305621,64.3553390249624
FRANKGOREJR_20020313,Frank Gore Jr.,RB,2025,BUF,68.92822755637354,90.27369732888192,92.09263046311094,88.06686043268061,87.45574283343478,65.38376771565845,87.03810831398368,64.62249616244901
ISAIAHSPILLER_20080901,Isaiah Spiller,RB,2025,LV,74.2654154584136,90.09723427081227,90.74741119697904,85.9558214688301,83.40701282965597,74.70472832789665,80.07891589452788,73.30526649155144
JAWHARJORDAN_19990818,Jawhar Jordan,RB,2025,HOU,70.2004231555394,90.85633618298849,92.23704231890707,87.99406989544903,87.22819878201346,70.48618722438209,85.60276232452202,63.341601107739336
LEWNICHOLSIII_o_rush,Lew Nichols III,RB,2025,PIT,71.05806830015376,89.20592618213206,90.63742586856762,84.89337771185191,84.27645671074708,71.77534835966321,86.64824136551374,73.07088771253012
MALIKDAVIS_19981126,Malik Davis,RB,2025,DAL,69.49595578904479,89.6239064416896,90.58858329430961,85.54186216005934,84.05034025451982,71.27148635302865,86.16923585471704,68.04280079265095
ZACHEVANS_20010530,Zach Evans,RB,2025,NYJ,71.28689937252699,91.14957051144594,92.18770697155418,87.31927171839564,86.33659621913296,69.88563020670995,87.85985215495725,68.00845452199678
ZACKMOSS_19971215,Zack Moss,RB,2025,CIN,77.8280226647417,87.00478836854549,89.59937771505372,85.17021925873195,81.98581920955394,84.28218875784773,83.56236030617083,76.64027112697767
ZONOVANKNIGHT_20010411,Bam Knight,RB,2025,ARI,70.54675247872092,88.43124635930556,90.35483942127138,85.61188222372712,83.4618873495366,70.14040865125276,80.35616861148333,70.35199188036495
,Zavier Scott,RB,2025,MIN,69.34390219747576,88.97986436532074,89.52602116573058,82.65110201015975,81.52294047500186,72.65188286893022,84.31668095840564,73.16193924275683
,Owen Wright,RB,2025,TB,69.64042883317273,88.6218347661441,89.94966640341386,84.09468954673636,83.46080675834628,73.12308690283453,85.07516003856176,71.53431514802708
,Xazavian Valladay,RB,2025,NO,68.07362520721455,90.37718846937071,90.55331924813294,84.94542674323782,83.68863198383963,70.53502947484208,85.23310145513506,66.05621755483514
,Kazmeir Allen,RB,2025,WAS,67.92854915835272,91.59295232909457,92.6752339285265,89.68765193204985,88.41673040596243,65.05978722950249,87.8963033550192,58.338086867656955
,Jacob Saylors,RB,2025,DET,68.36621003618302,90.66394871318334,91.29236657887901,86.51643714442784,85.29195085587037,67.44033927940563,86.80263818153276,64.9260535485962
,Toa Taua,RB,2025,CLE,69.88039933663674,88.99052799879698,90.32287770380862,84.44502695858756,83.2902494933818,71.27104961050009,84.84454802162168,71.38666875670492
,Ian Wheeler,RB,2025,CHI,68.45482452354923,90.21770400995308,91.13924449814732,85.89085321872236,85.41563683524976,65.74787979485791,87.26777909016937,67.91315088182324
,Jabari Small,RB,2025,DET,68.37644653987331,90.44942083767344,91.71618608851935,87.32866597126826,86.95774698635398,65.04576651233174,87.82757210195427,65.25882323533034
,Michael Wiley,RB,2025,WAS,69.33941577613444,89.72529191853698,91.18653950214434,85.60487263311953,83.94487685229171,67.15460310907338,85.14080959073976,70.25487761525022
,ShunDerrick Powell,RB,2025,PHI,66.86537262992465,89.13116836098445,90.49703935058051,84.51978707590345,83.72593555191065,61.66418646266652,87.51716694429729,70.8756143640926
,Jacardia Wright,RB,2025,SEA,67.36000496512128,88.73571414372182,90.39128651685365,84.15375947682728,83.0295183864356,63.77034407268775,85.66493105813561,71.46547500497849
,Elijah Young,RB,2025,KC,66.98312561103126,89.07819663809397,90.52140988101621,84.53603880842365,83.67956276062023,61.78993224029182,87.30015545107926,70.98624087190109
,Marcus Major,RB,2025,BAL,66.77124005958746,89.00057275817397,90.26943386467582,84.07250081422603,83.26138234288737,63.14161518455808,86.74998852422914,70.91234246593473
,Ahmani Marshall,RB,2025,CLE,67.43058693923683,88.87690409111008,90.61401789667138,84.59779539200014,83.50334615371696,62.26776619527004,86.4755117768475,71.40662160157461
,Deion Hankins,RB,2025,CHI,66.98319542557931,88.90522365697117,90.3133008194597,84.10175393276242,83.17791131856416,63.36795758428434,86.35936783643592,71.1114701799903
,Kayron Lynch-Adams,RB,2025,CAR,67.21877120234143,88.62630723006762,90.15393281877454,83.69997252214188,82.5835142939278,65.1974744835295,84.98455723535471,71.4579525036969
,Quali Conley,RB,2025,CIN,67.19501116247534,89.15582051801383,90.77338589735672,84.9995768026211,84.097743178354,60.43824929602533,87.85032237792893,71.06013927786802
,Kye Robichaux,RB,2025,DET,66.98305579648314,89.25116961921654,90.7295189425725,84.97032368408452,84.18121420267619,60.21190689629884,88.24094306572238,70.86101156381221
,Anthony Tyus,RB,2025,SEA,67.45406772090968,89.03928272765478,90.82700106431474,85.03533061416536,83.9957230375145,60.71489000680208,87.3728970928471,71.30351759504714
,Rushawn Baker,RB,2025,NYG,67.12435937381082,89.18760355174811,90.75876357909527,84.98982576310897,84.12556685312768,60.36280182944938,87.98052927385993,70.99376337318239
,Tre Stewart,RB,2025,MIN,67.14790997003297,89.17700920716999,90.76363768518229,84.99307610961287,84.11629229486971,60.38795098497553,87.93712697521664,71.0158886747447
,Jordan Waters,RB,2025,LAR,66.7947906558083,88.98997841359602,90.27430797076278,84.07575116073002,83.25210778462906,63.16676434008309,86.70658622558585,70.93446776749624
,Lucas Scott,RB,2025,BAL,66.8653028153762,89.30414134210716,90.70514841213696,84.9540719515644,84.22758699396661,60.08616111867309,88.45795455894176,70.75038505600327
,Lawrance Toafili,RB,2025,NYJ,67.12442918835927,89.01463057062537,90.55065451753865,84.55554088744779,83.62391541107206,61.94082717344281,87.0397416592159,71.1189926812716
ASHTONJEANTY_20031202,Ashton Jeanty,RB,2025,LV,83.0,90.0,92.0,91.0,91.0,77.0,93.0,80.0
TYLERALLGEIER_20000415,Tyler Allgeier,RB,2025,ATL,81.0,86.0,89.0,83.0,79.0,83.0,80.0,80.0
JEROMEFORD_19990912,Jerome Ford,RB,2025,CLE,77.0,91.0,92.0,84.0,86.0,77.0,79.0,73.0
OMARIONHAMPTON_20030316,Omarion Hampton,RB,2025,LAC,77.0,90.0,93.0,82.0,77.0,73.0,90.0,78.0
ALEXANDERMATTISON_19980619,Alexander Mattison,RB,2025,MIA,76.0,86.0,90.0,80.0,81.0,81.0,87.0,74.0
SAMAJEPERINE_19950916,Samaje Perine,RB,2025,CIN,76.0,86.0,91.0,80.0,77.0,74.0,80.0,84.0
JALEELMCLAUGHLIN_20000913,Jaleel McLaughlin,RB,2025,DEN,75.0,92.0,92.0,78.0,83.0,78.0,78.0,66.0
ISAACGUERENDO_20000628,Isaac Guerendo,RB,2025,SF,73.0,92.0,92.0,84.0,83.0,75.0,91.0,71.0
AMEERABDULLAH_19930613,Ameer Abdullah,RB,2025,SF,72.0,89.0,91.0,86.0,86.0,76.0,90.0,68.0
EMANUELWILSON_19990508,Emanuel Wilson,RB,2025,GB,65.0,90.0,93.0,80.0,79.0,63.0,86.0,72.0
KENNETHWALKERIII_20001020,Kenneth Walker III,RB,2025,SEA,88.0,94.0,94.0,92.0,90.0,84.0,83.0,81.0
KAREEMHUNT_19950806,Kareem Hunt,RB,2025,KC,80.0,86.0,89.0,88.0,86.0,82.0,89.0,81.0
RHAMONDRESTEVENSON_19980223,Rhamondre Stevenson,RB,2025,NE,80.0,88.0,87.0,82.0,83.0,83.0,79.0,79.0
JORDANMASON_19990524,Jordan Mason,RB,2025,MIN,79.0,89.0,92.0,77.0,75.0,81.0,80.0,78.0
ANTONIOGIBSON_19980623,Antonio Gibson,RB,2025,NE,78.0,92.0,91.0,88.0,86.0,78.0,88.0,68.0
JUSTICEHILL_19971114,Justice Hill,RB,2025,BAL,77.0,90.0,90.0,88.0,85.0,81.0,91.0,67.0
TANKBIGSBY_20010830,Tank Bigsby,RB,2025,JAX,77.0,92.0,92.0,84.0,86.0,77.0,81.0,75.0
TYJOHNSON_19970917,Ty Johnson,RB,2025,BUF,73.0,90.0,89.0,86.0,84.0,78.0,82.0,64.0
TRAVISETIENNEJR_19990126,Travis Etienne,RB,2025,JAX,80.65929750938301,90.57858819166258,91.46827489835567,87.90631990758746,86.92641557366824,83.51039865774942,86.03347603328405,71.82528388627502
SAQUONBARKLEY_19970209,Saquon Barkley,RB,2025,PHI,99.0,95.0,94.0,95.0,94.0,99.0,96.0,81.0
DERRICKHENRY_19940104,Derrick Henry,RB,2025,BAL,98.0,93.0,87.0,83.0,78.0,97.0,88.0,87.0
JAHMYRGIBBS_20020320,Jahmyr Gibbs,RB,2025,DET,95.0,95.0,94.0,93.0,92.0,89.0,81.0,72.0
BIJANROBINSON_20020130,Bijan Robinson,RB,2025,ATL,92.0,91.0,92.0,89.0,91.0,88.0,90.0,81.0
JOEMIXON_19960724,Joe Mixon,RB,2025,HOU,91.0,92.0,91.0,89.0,88.0,91.0,84.0,82.0
JOSHJACOBS_19980211,Josh Jacobs,RB,2025,GB,90.0,90.0,90.0,86.0,83.0,92.0,84.0,83.0
JAMESCOOK_19990925,James Cook,RB,2025,BUF,89.0,92.0,93.0,94.0,92.0,90.0,81.0,67.0
JONATHANTAYLOR_19990119,Jonathan Taylor,RB,2025,IND,88.0,92.0,92.0,86.0,86.0,96.0,84.0,82.0
BUCKYIRVING_20020819,Bucky Irving,RB,2025,TB,87.0,89.0,91.0,87.0,88.0,85.0,79.0,65.0
KYRENWILLIAMS_20000826,Kyren Williams,RB,2025,LAR,86.0,86.0,90.0,83.0,85.0,89.0,78.0,79.0
TONYPOLLARD_19970430,Tony Pollard,RB,2025,TEN,86.0,92.0,94.0,85.0,85.0,85.0,85.0,69.0
AARONJONES_19941202,Aaron Jones,RB,2025,MIN,85.0,89.0,92.0,91.0,88.0,86.0,89.0,71.0
CHUBAHUBBARD_19990611,Chuba Hubbard,RB,2025,CAR,85.0,92.0,92.0,88.0,86.0,86.0,86.0,73.0
JAMESCONNER_19950505,James Conner,RB,2025,ARI,85.0,89.0,87.0,81.0,79.0,90.0,76.0,83.0
ALVINKAMARA_19950725,Alvin Kamara,RB,2025,NO,84.0,88.0,92.0,90.0,87.0,87.0,92.0,77.0
BREECEHALL_20010531,Breece Hall,RB,2025,NYJ,84.0,93.0,92.0,90.0,91.0,81.0,92.0,76.0
DAVIDMONTGOMERY_19970607,David Montgomery,RB,2025,DET,84.0,88.0,88.0,84.0,86.0,92.0,75.0,77.0
DE'VONACHANE_20011013,De'Von Achane,RB,2025,MIA,83.0,96.0,94.0,91.0,90.0,78.0,82.0,68.0
J.K.DOBBINS_19981217,J.K. Dobbins,RB,2025,DEN,82.0,90.0,91.0,86.0,87.0,80.0,90.0,74.0
NAJEEHARRIS_19980309,Najee Harris,RB,2025,LAC,82.0,88.0,90.0,85.0,87.0,77.0,95.0,82.0
CHASEBROWN_20000321,Chase Brown,RB,2025,CIN,81.0,93.0,95.0,86.0,88.0,81.0,91.0,69.0
D'ANDRESWIFT_19990114,D'Andre Swift,RB,2025,CHI,81.0,90.0,91.0,89.0,88.0,82.0,93.0,68.0
JAYLENWARREN_19981101,Jaylen Warren,RB,2025,PIT,80.0,90.0,94.0,80.0,83.0,82.0,74.0,74.0
RICODOWDLE_19980614,Rico Dowdle,RB,2025,CAR,80.0,88.0,90.0,84.0,86.0,84.0,87.0,75.0
RACHAADWHITE_19990112,Rachaad White,RB,2025,TB,79.0,90.0,92.0,87.0,88.0,79.0,87.0,71.0
JAVONTEWILLIAMS_20000425,Javonte Williams,RB,2025,DAL,78.0,88.0,90.0,84.0,86.0,77.0,87.0,80.0
ZACHCHARBONNET_20010108,Zach Charbonnet,RB,2025,SEA,78.0,88.0,89.0,82.0,78.0,77.0,85.0,79.0
AUSTINEKELER_19950517,Austin Ekeler,RB,2025,WAS,77.0,89.0,91.0,90.0,84.0,77.0,89.0,82.0
RAYDAVIS_19991111,Ray Davis,RB,2025,BUF,74.0,88.0,88.0,86.0,85.0,72.0,84.0,78.0
BRIANROBINSONJR_19990302,Brian Robinson,RB,2025,WAS,81.5185602697012,88.93451277904614,89.89160234546796,84.95482885345297,83.36333440245596,84.49690140352368,81.48829206243852,77.22330141478075
SCOTTMATLOCK_20000628,Scott Matlock,RB,2025,LAC,82.91072362731211,84.76032146046258,85.59184924276195,75.76035937779048,73.43298280507156,86.4172775062309,87.83856406469147,96.67791676102318
TYRONETRACYJR_19991123,Tyrone Tracy Jr.,RB,2025,NYG,77.90014258783458,90.38598133801669,91.54580943883116,87.64140753060329,87.03410746796851,76.07471815370695,89.9671226154095,70.41869860919822
PHARAOHBROWN_19940505,Pharaoh Brown,TE,2025,MIA,71.0,80.0,77.0,73.0,66.0,71.0,83.0,75.0
BENSINNOTT_20020614,Ben Sinnott,TE,2025,WAS,70.0,83.0,89.0,88.0,78.0,67.0,90.0,70.0
CHRISMANHERTZ_19920410,Chris Manhertz,TE,2025,NYG,70.0,78.0,83.0,81.0,73.0,65.0,84.0,77.0
DURHAMSMYTHE_19950809,Durham Smythe,TE,2025,CHI,70.0,81.0,83.0,75.0,73.0,75.0,76.0,75.0
JAREDWILEY_20001102,Jared Wiley,TE,2025,KC,70.0,85.0,89.0,77.0,72.0,62.0,88.0,75.0
LUKEMUSGRAVE_20000902,Luke Musgrave,TE,2025,GB,70.0,89.0,90.0,82.0,71.0,65.0,86.0,75.0
GREGDULCICH_20000326,Greg Dulcich,TE,2025,NYG,69.0,84.0,88.0,82.0,75.0,60.0,82.0,67.0
IANTHOMAS_19960606,Ian Thomas,TE,2025,LV,69.0,82.0,88.0,77.0,74.0,69.0,86.0,68.0
BREVINJORDAN_20000716,Brevin Jordan,TE,2025,HOU,68.0,86.0,89.0,83.0,76.0,59.0,85.0,73.0
ROBERTTONYAN_19940430,Robert Tonyan,TE,2025,KC,68.0,86.0,88.0,78.0,72.0,62.0,86.0,74.0
TIPREIMAN_20010917,Tip Reiman,TE,2025,ARI,68.0,84.0,88.0,82.0,75.0,66.0,84.0,77.0
CONNORHEYWARD_19990122,Connor Heyward,TE,2025,PIT,66.0,82.0,86.0,72.0,67.0,68.0,79.0,68.0
DAVISALLEN_20010203,Davis Allen,TE,2025,LAR,66.0,82.0,88.0,78.0,71.0,72.0,89.0,69.0
SHANEZYLSTRA_19961116,Shane Zylstra,TE,2025,DET,66.0,82.0,84.0,79.0,78.0,65.0,83.0,65.0
CHARLIEWOERNER_19971016,Charlie Woerner,TE,2025,ATL,65.0,82.0,83.0,76.0,68.0,72.0,83.0,77.0
JAHEIMBELL_20010614,Jaheim Bell,TE,2025,NE,65.0,85.0,91.0,81.0,73.0,54.0,85.0,70.0
JAMESMITCHELL_19990811,James Mitchell,TE,2025,CAR,65.0,84.0,87.0,76.0,69.0,65.0,78.0,70.0
JOSIAHDEGUARA_19970214,Josiah Deguara,TE,2025,ARI,65.0,85.0,84.0,77.0,73.0,61.0,84.0,78.0
KOKIEFT_19980120,Ko Kieft,TE,2025,TB,65.0,73.0,70.0,79.0,65.0,66.0,76.0,75.0
WILLMALLORY_19990602,Will Mallory,TE,2025,IND,65.0,87.0,89.0,77.0,73.0,66.0,87.0,72.0
BRENDENBATES_19991017,Brenden Bates,TE,2025,CLE,64.0,82.0,80.0,80.0,69.0,66.0,81.0,75.0
JUSTINSHORTER_20000417,Justin Shorter,TE,2025,LV,64.0,87.0,88.0,77.0,74.0,52.0,88.0,69.0
KENNYYEBOAH_19981030,Kenny Yeboah,TE,2025,DET,64.0,82.0,82.0,82.0,74.0,62.0,84.0,70.0
TANNERMCLACHLAN_19990315,Tanner McLachlan,TE,2025,CIN,64.0,85.0,90.0,71.0,68.0,61.0,84.0,74.0
BRAYDENWILLIS_19991111,Brayden Willis,TE,2025,SF,63.0,84.0,85.0,79.0,74.0,47.0,83.0,76.0
JACKSTOLL_19980128,Jack Stoll,TE,2025,NO,63.0,83.0,85.0,82.0,75.0,65.0,77.0,68.0
JAKEBRININGSTOOL_20021209,Jake Briningstool,TE,2025,KC,63.0,81.0,84.0,77.0,72.0,58.0,76.0,71.0
JOHNFITZPATRICK_20000309,John FitzPatrick,TE,2025,GB,63.0,80.0,83.0,67.0,63.0,70.0,83.0,79.0
QUINTINMORRIS_19990121,Quintin Morris,TE,2025,JAX,63.0,83.0,86.0,78.0,65.0,62.0,82.0,72.0
ROSSDWELLEY_19950126,Ross Dwelley,TE,2025,SF,63.0,79.0,77.0,70.0,64.0,67.0,69.0,72.0
TEAGANQUITORIANO_20000315,Teagan Quitoriano,TE,2025,ATL,63.0,74.0,74.0,73.0,66.0,57.0,78.0,78.0
BENSIMS_20000516,Ben Sims,TE,2025,GB,62.0,85.0,88.0,69.0,71.0,57.0,86.0,69.0
BLAKEWHITEHEART_20000322,Blake Whiteheart,TE,2025,CLE,62.0,82.0,88.0,82.0,77.0,61.0,85.0,72.0
DAVIDMARTIN-ROBINSON_19991226,David Martin-Robinson,TE,2025,TEN,62.0,85.0,87.0,81.0,81.0,52.0,84.0,70.0
JALINCONYERS_20010726,Jalin Conyers,TE,2025,MIA,62.0,81.0,85.0,85.0,74.0,56.0,85.0,74.0
NICKMUSE_19981125,Nick Muse,TE,2025,PHI,62.0,82.0,84.0,81.0,75.0,64.0,75.0,80.0
THOMASODUKOYA_19970505,Thomas Odukoya,TE,2025,TEN,62.0,83.0,81.0,74.0,73.0,70.0,78.0,72.0
ZACKKUNTZ_19990606,Zack Kuntz,TE,2025,NYJ,62.0,85.0,90.0,85.0,78.0,56.0,92.0,70.0
BRADYRUSSELL_19980831,Brady Russell,TE,2025,SEA,61.0,80.0,83.0,75.0,73.0,62.0,83.0,71.0
CAMGRANDY_20001119,Cam Grandy,TE,2025,CIN,61.0,76.0,84.0,72.0,67.0,53.0,73.0,77.0
PRINCETONFANT_19990311,Princeton Fant,TE,2025,DAL,61.0,87.0,86.0,84.0,77.0,51.0,81.0,72.0
ZACHDAVIDSON_19980715,Zach Davidson,TE,2025,BUF,61.0,84.0,80.0,83.0,76.0,56.0,87.0,71.0
BRYSONNESBIT_20020925,Bryson Nesbit,TE,2025,MIN,60.0,76.0,82.0,74.0,71.0,60.0,79.0,71.0
TYLERMABRY_19961121,Tyler Mabry,TE,2025,CAR,60.0,75.0,81.0,74.0,66.0,62.0,77.0,73.0
JAKETONGES_19990708,Jake Tonges,TE,2025,SF,59.0,80.0,88.0,81.0,72.0,56.0,85.0,69.0
TUCKERFISK_19990119,Tucker Fisk,TE,2025,LAC,59.0,65.0,69.0,73.0,61.0,57.0,75.0,79.0
NIKOLAKALINIC_19970121,Nikola Kalinic,TE,2025,ATL,58.0,78.0,80.0,68.0,69.0,57.0,75.0,65.0
FELEIPEFRANKS_quarterback,Feleipe Franks,TE,2025,ATL,54.0,84.0,84.0,78.0,78.0,62.0,79.0,65.0
ANTHONYFIRKSER_19950219,Anthony Firkser,TE,2025,KC,67.89056903913774,80.79342001060252,84.54481817403072,75.97503997987812,71.19240528346278,72.90599552455899,76.96294152070476,75.60725108499923
BENJAMINYUROSEK_20020317,Ben Yurosek,TE,2025,MIN,60.23448687989571,84.71555472708724,87.70046024249737,78.89027085534761,73.9493873207201,52.316635245342695,83.59202401749866,72.26876903742277
C.J.UZOMAH_19930114,C.J. Uzomah,TE,2025,PHI,69.26470233402858,77.66140484363439,82.61241858882155,73.51961934949685,66.70833190465443,77.67996212064577,78.94158830852109,78.49805776687413
GEOFFSWAIM_19930916,Geoff Swaim,TE,2025,CLE,69.64671817352064,79.15111153274154,83.13625448860424,76.02789391880967,68.7719829951641,75.28410877396084,78.62517671743603,77.68434757007503
IRVSMITHJR_19980809,Irv Smith,TE,2025,HOU,72.85812412234247,84.71116457283938,86.48836629091998,78.90904490655845,74.33879937835191,71.30325119753138,77.42696229964321,75.89119840023318
JODYFORTSON_19951207,Joseph Fortson,TE,2025,KC,64.65984160069252,83.68668104331846,86.40152340263745,79.13079535731171,75.0350865242144,66.54061747660296,81.48690282179274,70.84903658941425
JORDANMATTHEWS_19920716,Jordan Matthews,TE,2025,CAR,74.12675339658483,87.96210324890649,88.331580976581,82.0454461075216,77.60432929060521,77.05658405491965,81.75384790439546,71.47339915201701
MARCEDESLEWIS_19840519,Marcedes Lewis,TE,2025,CHI,83.95152133215186,73.56724516403256,76.26393772713317,70.04317856776166,59.35784342281072,97.61613714754867,79.38943950985202,85.59799053448387
MYCOLEPRUITT_19920324,MyCole Pruitt,TE,2025,PIT,70.94997194095743,79.61650551704975,82.59332053434215,74.4598347392531,69.16937626813215,76.92055099041102,78.2338685250354,77.5620807453065
TRAVISVOKOLEK_o_te,Travis Vokolek,TE,2025,ARI,60.45937959454773,80.46105071571799,83.90525073361673,77.7314054788043,72.10347687706776,58.08537118296999,82.52132797220537,73.87667476048637
,E.J. Jenkins,TE,2025,PHI,59.654793550506724,83.00673076690327,86.38739035329287,78.81065183208108,73.82909579498086,58.236010581572486,84.11063528317777,71.0587350705689
,Jack Westover,TE,2025,NE,61.7585182295885,82.6738552038762,85.42038068275781,78.53903385023114,73.32514762885835,57.79803686357866,80.38924620449654,72.61958351068961
,Baylor Cupp,TE,2025,BAL,58.7972237050767,83.77814844964985,86.99474727215281,79.42533324708901,74.56644482975692,56.25110634369662,84.77398424180916,70.39087475348038
,Dallin Holker,TE,2025,NO,60.98907335658703,82.12503838234375,86.55938094410601,78.73139787779886,73.74770952763559,60.96999471475135,80.0193266534801,71.00333011807356
,Rivaldo Fairweather,TE,2025,DAL,59.90350467366022,83.7878689081598,87.2630555469174,77.40627330637923,72.50887254194974,53.66874904145368,82.43681563582078,73.3497177882225
,Oscar Cardenas,TE,2025,ARI,60.27081061754575,81.70818686129826,85.43057736596462,76.82182537359816,70.68196352968233,52.33113790527227,82.20840237437136,75.11069315463669
,JJ Galbreath,TE,2025,PIT,59.86511094536593,84.55274165192225,87.31338024549308,78.57406099368907,73.95614310360331,52.54965362035773,83.22184067789385,71.52080897412475
,DJ Thomas-Jones,TE,2025,PIT,61.48082889890645,83.23186789405861,86.65116810895589,76.87140078306052,71.70612040494312,54.62691278798195,80.22084883836845,74.92623500214154
,Joshua Simon,TE,2025,ATL,59.35946826201382,90.56038222053644,90.41743015686387,84.09331688713499,80.97231841978821,47.55515043220987,91.18234086137306,65.10017316259177
,Gee Scott Jr.,TE,2025,NE,60.793040387429755,84.55298705267171,87.1233821780841,78.83050453922979,74.01900361141769,52.500314406974326,82.53153804192374,71.99260551237808
TYLERHIGBEE_19930101,Tyler Higbee,TE,2025,LAR,77.0,81.0,78.0,81.0,69.0,77.0,83.0,79.0
MICHAELMAYER_20010706,Michael Mayer,TE,2025,LV,73.0,82.0,86.0,76.0,71.0,63.0,85.0,79.0
MOALIE-COX_19930919,Mo Alie-Cox,TE,2025,IND,73.0,82.0,81.0,73.0,64.0,73.0,87.0,70.0
HARRISONBRYANT_19980423,Harrison Bryant,TE,2025,PHI,71.0,83.0,86.0,77.0,74.0,74.0,79.0,71.0
DANIELBELLINGER_20000922,Daniel Bellinger,TE,2025,NYG,70.0,85.0,89.0,79.0,70.0,75.0,84.0,79.0
DREWSAMPLE_19960416,Drew Sample,TE,2025,CIN,68.0,82.0,84.0,77.0,72.0,67.0,81.0,73.0
JEREMYRUCKERT_20000811,Jeremy Ruckert,TE,2025,NYJ,68.0,82.0,85.0,74.0,69.0,68.0,78.0,78.0
JOHNNYMUNDT_19941123,Johnny Mundt,TE,2025,JAX,68.0,84.0,85.0,76.0,75.0,74.0,74.0,74.0
CADESTOVER_20000612,Cade Stover,TE,2025,HOU,67.0,84.0,88.0,70.0,70.0,69.0,83.0,74.0
ERICSAUBERT_19940509,Eric Saubert,TE,2025,SEA,67.0,82.0,83.0,72.0,63.0,69.0,85.0,75.0
BROCKWRIGHT_19981127,Brock Wright,TE,2025,DET,66.0,86.0,89.0,73.0,72.0,74.0,78.0,79.0
CHARLIEKOLAR_19990210,Charlie Kolar,TE,2025,BAL,66.0,83.0,84.0,81.0,74.0,65.0,85.0,68.0
JOHNBATES_19971106,John Bates,TE,2025,WAS,66.0,78.0,79.0,84.0,73.0,66.0,78.0,75.0
TANNERHUDSON_19941112,Tanner Hudson,TE,2025,CIN,66.0,82.0,85.0,77.0,69.0,70.0,80.0,70.0
THOMASFIDONEII_20020920,Thomas Fidone II,TE,2025,NYG,65.0,81.0,89.0,83.0,78.0,63.0,85.0,71.0
BREVYNSPANN-FORD_19991227,Brevyn Spann-Ford,TE,2025,DAL,64.0,80.0,83.0,71.0,66.0,65.0,77.0,72.0
GAVINBARTHOLOMEW_20030430,Gavin Bartholomew,TE,2025,MIN,64.0,82.0,87.0,82.0,77.0,66.0,87.0,70.0
HUNTERLONG_19980819,Hunter Long,TE,2025,JAX,64.0,81.0,86.0,71.0,69.0,60.0,79.0,72.0
LUCASKRULL_19980711,Lucas Krull,TE,2025,DEN,64.0,84.0,88.0,79.0,70.0,67.0,84.0,68.0
LUKEFARRELL_19971014,Luke Farrell,TE,2025,SF,64.0,78.0,80.0,78.0,73.0,63.0,84.0,77.0
LUKELACHEY_20010629,Luke Lachey,TE,2025,HOU,64.0,77.0,81.0,78.0,74.0,70.0,84.0,74.0
JULIANHILL_20000709,Julian Hill,TE,2025,MIA,63.0,83.0,85.0,72.0,73.0,55.0,83.0,75.0
MOLIKIMATAVAO_20030317,Moliki Matavao,TE,2025,NO,63.0,79.0,80.0,76.0,69.0,66.0,79.0,76.0
PAYNEDURHAM_20000615,Payne Durham,TE,2025,TB,63.0,77.0,84.0,80.0,67.0,59.0,83.0,73.0
DEVINCULP_20000202,Devin Culp,TE,2025,TB,62.0,90.0,92.0,74.0,77.0,68.0,85.0,68.0
NATEADKINS_19990709,Nate Adkins,TE,2025,DEN,61.0,77.0,79.0,75.0,71.0,52.0,77.0,74.0
ANDREWOGLETREE_19980728,Andrew Ogletree,TE,2025,IND,66.18151206081211,82.14314145054254,85.7480138392238,77.96009431432455,69.2798951292872,68.07882568684022,82.62475706695912,73.70687034702541
ERICKALLJR_20000913,Erick All,TE,2025,CIN,65.89527984694087,84.60490827054093,87.6533060032254,80.09866166272863,71.39093749997596,63.69252181208026,85.14906821392486,73.12321306063586
HAYDENHURST_19930824,Hayden Hurst,TE,2025,LAC,70.82719663188072,82.24648445863852,84.79834455899552,77.85514550865162,74.86882747811936,76.58750342072472,78.81914175893994,74.72269987038862
NICKVANNETT_19930306,Nick Vannett,TE,2025,MIN,70.62461409231332,78.15086092709191,83.59873988698192,76.12554788331585,68.74487891578764,79.64817080664375,76.66934972610244,75.58662399326795
DARRENWALLER_19920913,Darren Waller,TE,2025,MIA,82.0,88.0,88.0,83.0,80.0,85.0,88.0,70.0
MASONTAYLOR_20040508,Mason Taylor,TE,2025,NYJ,72.0,83.0,86.0,83.0,69.0,67.0,81.0,75.0
JELANIWOODS_19981009,Jelani Woods,TE,2025,IND,69.0,85.0,87.0,84.0,73.0,57.0,89.0,78.0
TERRANCEFERGUSON_20030307,Terrance Ferguson,TE,2025,LAR,69.0,85.0,87.0,78.0,68.0,67.0,92.0,73.0
DONALDPARHAMJR_19970816,Donald Parham,TE,2025,PIT,68.0,85.0,83.0,75.0,70.0,69.0,91.0,71.0
ELIJAHARROYO_20030405,Elijah Arroyo,TE,2025,SEA,68.0,87.0,89.0,80.0,70.0,62.0,83.0,77.0
CAMERONLATU_20000224,Cameron Latu,TE,2025,PHI,65.0,80.0,84.0,74.0,74.0,72.0,79.0,73.0
LAWRENCECAGER_19970820,Lawrence Cager,TE,2025,WAS,65.0,87.0,88.0,77.0,73.0,57.0,81.0,69.0
COLETURNER_20000316,Cole Turner,TE,2025,WAS,64.0,81.0,88.0,82.0,74.0,60.0,77.0,68.0
SEANMCKEON_19971228,Sean McKeon,TE,2025,IND,63.0,83.0,84.0,74.0,73.0,59.0,84.0,72.0
CJDIPPRE_20020429,CJ Dippre,TE,2025,NE,62.0,83.0,85.0,75.0,63.0,61.0,83.0,78.0
GIOVANNIRICCI_19961016,Giovanni Ricci,TE,2025,MIN,62.0,78.0,80.0,77.0,71.0,60.0,79.0,69.0
DOMINIQUEDAFNEY_19970603,Dominique Dafney,TE,2025,CAR,61.0,83.0,88.0,83.0,77.0,54.0,82.0,70.0
MESSIAHSWINSON_20000420,Messiah Swinson,TE,2025,GB,61.0,77.0,75.0,66.0,60.0,65.0,73.0,72.0
CALEBLOHNER_20010101,Caleb Lohner,TE,2025,DEN,60.0,83.0,81.0,79.0,65.0,59.0,88.0,75.0
STEPHENCARLSON_19961212,Stephen Carlson,TE,2025,CHI,60.0,79.0,83.0,82.0,76.0,54.0,79.0,70.0
TYLERDAVIS_19970402,Tyler Davis,TE,2025,NE,60.0,82.0,85.0,76.0,69.0,68.0,79.0,74.0
CARTERRUNYON_20010723,Carter Runyon,TE,2025,LV,59.0,85.0,81.0,77.0,77.0,60.0,87.0,74.0
STEVOKLOTZ_20011228,Stevo Klotz,TE,2025,LAC,58.0,79.0,85.0,67.0,70.0,61.0,82.0,64.0
TYREEJACKSON_19971107,Tyree Jackson,TE,2025,WAS,56.0,82.0,87.0,81.0,75.0,56.0,83.0,74.0
ALBERTOKWUEGBUNAM_19980425,Albert Okwuegbunam,TE,2025,LV,68.85541302970546,84.67901815276673,87.02066125986903,79.80291546649367,72.2564107412372,67.1374988231928,82.92029776167107,75.20441511191257
ARMANIROGERS_19971204,Armani Rogers,TE,2025,BUF,64.55598596366087,85.97339825388485,88.95372143398333,82.2778728918219,76.12308140728021,64.58627887862417,83.63606481455571,69.2660936644188
CHRISMYARICK_o_te,Chris Myarick,TE,2025,MIA,67.47056037087123,80.46422355697405,85.20942227494476,77.2588168989811,68.64948642264798,69.85429674255397,79.2152841253249,75.69182429192392
DALTONKEENE_19990414,Dalton Keene,TE,2025,HOU,69.32138896941842,83.82844371651197,88.37459570891991,79.47333360618622,61.55709707379978,65.69193601873667,85.33281336072446,74.51347575561385
JOHNSTEPHENSJR_19990923,John Stephens Jr.,TE,2025,DAL,63.14526749538663,86.69774242484505,89.486184307791,83.05263298067182,81.1579424571874,59.89762581278842,86.48257429136834,67.85401295953034
TRE'MCKITTY_19990112,Tre' McKitty,TE,2025,CLE,69.27020604152892,84.84275738667986,87.9403536055733,80.84005097974678,68.47139246263541,65.83898621500293,85.53284387227171,73.60952005110335
,Matt Sokol,TE,2025,BUF,67.35005695759105,80.91056686971478,85.5197248547945,77.62256546785379,68.80330278451012,69.8282656660001,79.41256932749593,75.2127281991934
,Scotty Washington,TE,2025,BAL,66.19896028609651,82.00238212449483,86.03840034601154,78.83946160581364,73.83781917398252,68.99520557231654,81.04565132501284,72.22842125333318
,Sal Cannella,TE,2025,CLE,65.22229563380688,85.0204027344862,88.24402421328591,81.37463992386661,74.63406940216765,66.832516087768,82.56321526029433,69.94755871377652
,Bernhard Seikovits,TE,2025,ARI,66.87915933167847,80.91051813724471,85.52030922267443,77.91245746649004,70.10800242847003,67.52388103852718,79.71027305222646,75.72559540835823
,Michael Jacobson,TE,2025,NO,65.06697696870424,82.23241439665833,86.28696258184596,79.6762964127344,76.89175728539988,66.44140884666967,83.84454707661172,71.71225506281826
,Zaire Mitchell-Paden,TE,2025,BAL,65.46584187799101,81.9060528249878,86.258535009897,78.89366724903003,74.8350627122112,62.87769237725547,82.54292577920808,74.19875548679147
,Seth Green,TE,2025,NO,66.11306084066302,81.56069869574549,85.8738420047743,78.41306256158676,73.49473799056494,65.04763268125453,80.5959761170916,74.3961216466962
,Cole Fotheringham,TE,2025,NE,65.67800821130902,83.49908371237848,87.24296322433798,79.9745570504928,73.66116232952857,65.00743516264174,81.28559382091578,72.53591162689736
,Tanner Taula,TE,2025,TB,64.89134970966404,82.05769082326844,86.30369044714229,79.47109637173911,76.74098856492103,62.46369654705086,83.54629995777628,73.54932319080217
,Johnny Lumpkin,TE,2025,GB,66.5813412624442,80.11655111552159,84.78048587571453,77.6721688643113,72.32954403093916,67.02218403019242,79.38702386323047,75.95070840953531
,Jordan Murray,TE,2025,CHI,64.18082971734907,84.75836968503927,88.26281785636286,81.36659328229136,77.58049373619167,60.43326466573535,84.6558673360991,71.21409945000914
,Joel Wilson,TE,2025,CHI,65.01907834859787,83.59671339004467,87.48186191311567,80.11847379535511,75.16967873661812,60.83614617569242,82.75187173102717,73.25126731277146
,Patrick Murtagh,TE,2025,JAX,64.30437191147564,83.8284885544391,87.65515311496569,80.9789291112239,76.80648504243058,60.41745636472547,84.41229442362874,72.73945354011266
,McCallan Castles,TE,2025,LAC,64.7649248787884,83.67346697461574,87.54817763778698,80.57300555184854,75.34445633800243,60.67420952541397,83.1538204168441,73.43162260091117
,Hayden Rucci,TE,2025,MIA,64.14161100555816,84.95801063718488,88.55214546501725,81.56853204506838,76.40234721437784,58.580646292273514,84.59338864646418,72.3992582618148
,Treyton Welch,TE,2025,NO,64.28535070577072,84.91168439464741,88.34924924217671,81.11717844856535,77.58173987959432,58.495968057633036,83.53024281234303,71.7372145986526
,Shawn Bowman,TE,2025,JAX,64.94010898118358,83.98692973782158,87.72813350672885,80.58162922311205,74.94670223194694,60.77250934082144,82.4032966690923,73.22418434180213
,Kevin Foelsch,TE,2025,PIT,64.46387988697904,84.07276324356872,87.85567437393041,80.63665815175501,76.59464260156571,58.603154685581785,83.64734070409014,73.03766348591921
,Mason Pline,TE,2025,NO,64.27887157351756,82.04512511762937,86.39300737258043,79.82335818169308,78.10208940789607,60.2009007226502,84.98115072658948,73.90749449911209
,Neal Johnson,TE,2025,NYJ,64.5296253202539,84.28697971550685,88.03474963416062,80.78575845053733,75.96626504968921,58.69265218822852,83.50800835728609,73.11630757749299
,Thomas Yassmin,TE,2025,DEN,64.72475707436126,83.8222480788628,87.65161183107034,80.69425507480604,75.39572845862347,60.66553249989579,83.21958215090086,73.27192390333403
,Geor'Quarius Spivey,TE,2025,KC,64.05749831158028,84.72438375036279,88.17541563639651,81.51679880294203,78.11415910617077,60.26323663869607,84.42067212885462,71.24560134459398
,Jordan Petaia,TE,2025,LAC,64.48712582337237,83.4228350232795,87.0833246467335,79.29415678494611,73.4987803654686,60.05390198807072,83.41833549561369,72.81865434408724
,Tyler Neville,TE,2025,DAL,63.8768068772041,83.35142610193373,87.05847790688904,79.2574348097147,76.09567507267548,57.74801673210254,84.92718747438778,72.36008608837983
,Nick Kallerup,TE,2025,SEA,64.12100420079764,84.14708728341805,87.72361458774486,79.81123591947768,73.76170130856136,58.080436027645646,84.40966732911733,72.6521927142237
,Marshall Lang,TE,2025,SEA,63.698529349701516,84.68772542475256,88.21041144855883,80.20051479791015,74.5632315818346,56.03025792209519,85.52042688845262,72.41832186301167
,Tre Watson,TE,2025,KC,63.106994813041524,84.67752120967498,88.23672906878039,80.20639290804512,76.98058984564736,53.74994338117085,86.98946962528277,71.98222334775437
,Bryce Pierre,TE,2025,CAR,64.0834353817828,84.02467787088187,87.6212858676131,79.72603574874493,74.12077419534833,58.02929459756115,84.48928581300504,72.6072532333244
,John Copenhaver,TE,2025,JAX,64.04586656276865,83.90226845834604,87.51895714748167,79.64083557801227,74.4798470821352,57.97815316747801,84.56890429689287,72.56231375242555
,Patrick Herbert,TE,2025,JAX,64.04586656276865,83.90226845834604,87.51895714748167,79.64083557801227,74.4798470821352,57.97815316747801,84.56890429689287,72.56231375242555
,Keleki Latu,TE,2025,BUF,63.717313759209105,84.7489301310203,88.26157580862451,80.24311488327648,74.38369513844046,56.055828637137665,85.48061764650862,72.44079160346132
,Zach Horton,TE,2025,DET,63.088210403533935,84.61631650340667,88.18556470871448,80.1637928226787,77.16012628904073,53.72437266612883,87.02927886722665,71.95975360730517
,Caden Prieskorn,TE,2025,DEN,64.49651802812616,83.45343737641338,87.10890682676632,79.31545682762926,73.40901214377226,60.06668734559139,83.39843087464163,72.82988921431206
,Jermaine Terry,TE,2025,NYG,63.144563632055906,84.79993062221092,88.33905778891216,80.29159307877784,76.62151695886092,53.80108481125353,86.90985114139517,72.02716282865299
,Mark Redman,TE,2025,LAR,63.473116435615,83.95326894953644,87.59643912776892,79.68931377351363,76.71766890255535,55.72340934159433,85.99813779177924,72.148684977617
,Anthony Torres,TE,2025,LAR,64.31806613780725,82.87199266686696,86.62284540614087,78.91075601664853,75.114608356009,59.82376555269411,83.77661867310843,72.61642668004129
,Drake Dabney,TE,2025,TEN,63.670352735440815,84.59591836535049,88.1336649084601,80.1366146698606,74.83253624692378,55.99190184953295,85.58014075136839,72.38461725233765
DARNELLWASHINGTON_20010817,Darnell Washington,TE,2025,PIT,76.0,84.0,86.0,86.0,79.0,69.0,88.0,81.0
THEOJOHNSON_20010226,Theo Johnson,TE,2025,NYG,74.0,87.0,90.0,79.0,76.0,74.0,90.0,75.0
JOSHOLIVER_19970321,Josh Oliver,TE,2025,MIN,73.0,86.0,84.0,78.0,68.0,68.0,82.0,75.0
ADAMTRAUTMAN_19970205,Adam Trautman,TE,2025,DEN,71.0,82.0,83.0,84.0,73.0,61.0,84.0,74.0
LUKESCHOONMAKER_19980928,Luke Schoonmaker,TE,2025,DAL,71.0,85.0,88.0,89.0,76.0,71.0,87.0,72.0
TOMMYTREMBLE_20000602,Tommy Tremble,TE,2025,CAR,70.0,86.0,89.0,80.0,73.0,67.0,83.0,75.0
JOSHWHYLE_19990908,Josh Whyle,TE,2025,TEN,69.0,83.0,85.0,83.0,71.0,70.0,85.0,71.0
KYLENGRANSON_19980327,Kylen Granson,TE,2025,PHI,69.0,85.0,88.0,81.0,75.0,69.0,87.0,69.0
ORONDEGADSDENII_20030625,Oronde Gadsden II,TE,2025,LAC,68.0,84.0,88.0,80.0,75.0,61.0,84.0,73.0
MITCHELLEVANS_20030318,Mitchell Evans,TE,2025,CAR,67.0,81.0,85.0,79.0,70.0,65.0,81.0,73.0
ELIJAHHIGGINS_20001027,Elijah Higgins,TE,2025,ARI,65.0,89.0,90.0,81.0,76.0,56.0,84.0,69.0
STONESMARTT_19981008,Stone Smartt,TE,2025,NYJ,63.0,85.0,91.0,79.0,78.0,63.0,91.0,62.0
JACKSONHAWES_20001206,Jackson Hawes,TE,2025,BUF,61.0,78.0,86.0,73.0,71.0,60.0,83.0,72.0
A.J.BARNER_20020503,AJ Barner,TE,2025,SEA,68.13511262687996,85.9438743381404,89.32495948448678,82.71974163582833,75.30489835798262,62.745533753800146,87.94645962041227,73.49286071635993
JORDANAKINS_19920419,Jordan Akins,TE,2025,CLE,74.15019056094854,80.99096992561408,84.91669657351599,77.88248487600164,72.71625635603756,85.3456011721546,78.05611951941472,75.04912756532622
DAVIDNJOKU_19960710,David Njoku,TE,2025,CLE,89.0,86.0,89.0,82.0,73.0,89.0,95.0,72.0
EVANENGRAM_19940902,Evan Engram,TE,2025,DEN,85.0,87.0,89.0,87.0,79.0,83.0,89.0,66.0
TAYSOMHILL_19900823,Taysom Hill,TE,2025,NO,76.0,89.0,88.0,82.0,82.0,78.0,90.0,82.0
BRENTONSTRANGE_20001227,Brenton Strange,TE,2025,JAX,72.0,83.0,87.0,75.0,69.0,68.0,84.0,77.0
FOSTERMOREAU_19970506,Foster Moreau,TE,2025,NO,72.0,82.0,85.0,80.0,79.0,72.0,86.0,76.0
HAROLDFANNINJR._20040720,Harold Fannin Jr.,TE,2025,CLE,71.0,82.0,85.0,81.0,73.0,57.0,82.0,75.0
JA'TAVIONSANDERS_20030327,Ja'Tavion Sanders,TE,2025,CAR,71.0,83.0,90.0,79.0,75.0,76.0,78.0,67.0
COLBYPARKINSON_19990108,Colby Parkinson,TE,2025,LAR,70.0,82.0,83.0,78.0,68.0,71.0,84.0,73.0
GRANTCALCATERRA_19981204,Grant Calcaterra,TE,2025,PHI,69.0,85.0,89.0,80.0,77.0,73.0,80.0,72.0
GUNNARHELM_20020906,Gunnar Helm,TE,2025,TEN,67.0,78.0,80.0,79.0,73.0,69.0,80.0,74.0
GEORGEKITTLE_19931009,George Kittle,TE,2025,SF,98.0,87.0,87.0,83.0,77.0,97.0,90.0,82.0
TRAVISKELCE_19891005,Travis Kelce,TE,2025,KC,93.0,82.0,84.0,85.0,75.0,96.0,89.0,79.0
TREYMCBRIDE_19991122,Trey McBride,TE,2025,ARI,92.0,87.0,90.0,76.0,72.0,95.0,94.0,73.0
MARKANDREWS_19950906,Mark Andrews,TE,2025,BAL,91.0,87.0,90.0,79.0,75.0,91.0,93.0,81.0
BROCKBOWERS_20021213,Brock Bowers,TE,2025,LV,90.0,89.0,91.0,86.0,82.0,92.0,84.0,75.0
T.J.HOCKENSON_19970703,T.J. Hockenson,TE,2025,MIN,88.0,83.0,86.0,82.0,79.0,93.0,89.0,80.0
DALLASGOEDERT_19950103,Dallas Goedert,TE,2025,PHI,87.0,86.0,86.0,82.0,73.0,88.0,85.0,78.0
SAMLAPORTA_20010112,Sam LaPorta,TE,2025,DET,86.0,86.0,88.0,85.0,77.0,86.0,84.0,74.0
PATFREIERMUTH_19981025,Pat Freiermuth,TE,2025,PIT,84.0,83.0,83.0,77.0,72.0,94.0,88.0,78.0
HUNTERHENRY_19941207,Hunter Henry,TE,2025,NE,83.0,83.0,84.0,76.0,71.0,91.0,84.0,75.0
COLEKMET_19990310,Cole Kmet,TE,2025,CHI,82.0,85.0,85.0,73.0,71.0,84.0,86.0,76.0
JAKEFERGUSON_19990118,Jake Ferguson,TE,2025,DAL,81.0,81.0,86.0,81.0,73.0,80.0,93.0,69.0
JONNUSMITH_19950822,Jonnu Smith,TE,2025,PIT,81.0,89.0,84.0,78.0,77.0,87.0,88.0,78.0
DALTONSCHULTZ_19960711,Dalton Schultz,TE,2025,HOU,80.0,82.0,84.0,79.0,73.0,78.0,79.0,76.0
ISAIAHLIKELY_20000418,Isaiah Likely,TE,2025,BAL,80.0,83.0,87.0,81.0,76.0,82.0,86.0,66.0
MIKEGESICKI_19951003,Mike Gesicki,TE,2025,CIN,79.0,84.0,87.0,87.0,74.0,73.0,94.0,76.0
TUCKERKRAFT_20001103,Tucker Kraft,TE,2025,GB,79.0,88.0,89.0,82.0,76.0,79.0,82.0,76.0
KYLEPITTS_20001006,Kyle Pitts,TE,2025,ATL,78.0,90.0,93.0,80.0,78.0,70.0,92.0,71.0
ZACHERTZ_19901110,Zach Ertz,TE,2025,WAS,78.0,82.0,79.0,79.0,70.0,90.0,79.0,74.0
CADEOTTON_19990415,Cade Otton,TE,2025,TB,77.0,81.0,84.0,70.0,67.0,81.0,77.0,77.0
DAWSONKNOX_19961114,Dawson Knox,TE,2025,BUF,77.0,86.0,90.0,84.0,75.0,76.0,91.0,72.0
DALTONKINCAID_19991018,Dalton Kincaid,TE,2025,BUF,75.0,86.0,90.0,67.0,79.0,74.0,90.0,71.0
NOAHGRAY_19990430,Noah Gray,TE,2025,KC,75.0,85.0,89.0,85.0,71.0,79.0,85.0,69.0
TYLERCONKLIN_19950730,Tyler Conklin,TE,2025,LAC,75.0,83.0,84.0,78.0,76.0,74.0,88.0,66.0
TYLERWARREN_20020524,Tyler Warren,TE,2025,IND,75.0,84.0,88.0,84.0,76.0,64.0,90.0,80.0
JUWANJOHNSON_19960913,Juwan Johnson,TE,2025,NO,74.0,87.0,87.0,83.0,77.0,70.0,85.0,69.0
WILLDISSLY_19960708,Will Dissly,TE,2025,LAC,74.0,82.0,79.0,77.0,70.0,70.0,76.0,78.0
AUSTINHOOPER_19941029,Austin Hooper,TE,2025,NE,73.0,81.0,83.0,80.0,71.0,77.0,85.0,73.0
COLSTONLOVELAND_20040409,Colston Loveland,TE,2025,CHI,73.0,86.0,90.0,82.0,72.0,68.0,85.0,78.0
CHIGOZIEMOKONKWO_19990908,Chig Okonkwo,TE,2025,TEN,76.13608268608641,89.33801269319326,91.47138781999544,82.29011807315521,77.55457604572621,80.07975407853769,86.35093570998777,69.89913531389891
NOAHFANT_19971120,Noah Fant,TE,2025,CIN,80.52893679136412,87.96064684825888,90.48886009897691,85.52799970244598,75.87391277847667,83.3714544712891,89.94354646519298,71.72647420395072
DESHAUNWATSON_19950914,Deshaun Watson,QB,2025,CLE,70.0,84.0,87.0,87.0,84.0,60.0,81.0,69.0
JACOBYBRISSETT_19921211,Jacoby Brissett,QB,2025,ARI,70.0,79.0,75.0,77.0,71.0,69.0,72.0,73.0
TYRODTAYLOR_19890803,Tyrod Taylor,QB,2025,NYJ,69.0,86.0,86.0,86.0,83.0,66.0,85.0,57.0
JAKEBROWNING_19960411,Jake Browning,QB,2025,CIN,68.0,79.0,82.0,76.0,73.0,70.0,72.0,57.0
HENDONHOOKER_19980113,Hendon Hooker,QB,2025,DET,66.0,86.0,90.0,86.0,83.0,35.0,80.0,67.0
TAYLORHEINICKE_19930315,Taylor Heinicke,QB,2025,LAC,66.0,83.0,85.0,81.0,80.0,63.0,83.0,58.0
MIKEWHITE_19950325,Mike White,QB,2025,BUF,65.0,69.0,74.0,70.0,72.0,64.0,68.0,54.0
SAMHOWELL_20000916,Sam Howell,QB,2025,MIN,65.0,82.0,87.0,78.0,78.0,51.0,71.0,64.0
BAILEYZAPPE_19990426,Bailey Zappe,QB,2025,KC,64.0,76.0,85.0,76.0,74.0,65.0,74.0,56.0
CLAYTONTUNE_19990323,Clayton Tune,QB,2025,ARI,62.0,84.0,92.0,86.0,81.0,56.0,87.0,60.0
JARRETTSTIDHAM_19960808,Jarrett Stidham,QB,2025,DEN,62.0,78.0,77.0,72.0,74.0,66.0,76.0,62.0
NICKMULLENS_19950321,Nick Mullens,QB,2025,JAX,61.0,74.0,79.0,71.0,71.0,60.0,76.0,57.0
KYLEALLEN_19960308,Kyle Allen,QB,2025,DET,60.0,81.0,77.0,74.0,76.0,62.0,71.0,53.0
JOSHJOHNSON_19860515,Josh Johnson,QB,2025,WAS,59.0,80.0,81.0,81.0,74.0,61.0,81.0,53.0
KYLETRASK_19980306,Kyle Trask,QB,2025,TB,59.0,69.0,79.0,77.0,72.0,60.0,77.0,57.0
TYSONBAGENT_20000608,Tyson Bagent,QB,2025,CHI,58.0,79.0,86.0,85.0,77.0,59.0,84.0,59.0
TIMBOYLE_19941003,Tim Boyle,QB,2025,TEN,56.0,77.0,73.0,79.0,68.0,60.0,82.0,60.0
CHRISOLADOKUN_19970903,Chris Oladokun,QB,2025,KC,55.0,82.0,84.0,80.0,76.0,45.0,79.0,60.0
CARSONWENTZ_19921230,Carson Wentz,QB,2025,KC,62.79732099251464,80.96945255613628,82.41621927917072,76.80501740404844,70.13116966597659,65.2614577006409,76.3339151135417,67.44316913343087
JEFFDRISKEL_19930423,Jeff Driskel,QB,2025,WAS,58.41427562069953,81.80636976812355,83.18903471209887,78.2191106012985,70.32912751058507,68.96554659762432,70.98927965848657,61.50136850116964
TEDDYBRIDGEWATER_19921110,Teddy Bridgewater,QB,2025,TB,62.52472630596935,78.7244333766572,78.53884458588368,76.3837377451232,75.95444563829926,74.96060128956265,73.78229819471267,55.13160802771813
BRADYCOOK_20011012,Brady Cook,QB,2025,NYJ,62.0,85.0,89.0,82.0,84.0,51.0,85.0,67.0
KURTISROURKE_20001025,Kurtis Rourke,QB,2025,SF,62.0,76.0,78.0,75.0,72.0,67.0,70.0,67.0
MAXBROSMER_20010328,Max Brosmer,QB,2025,MIN,60.0,79.0,80.0,77.0,75.0,54.0,71.0,70.0
BENWOOLDRIDGE_19990927,Ben Wooldridge,QB,2025,NE,57.0,79.0,84.0,79.0,79.0,55.0,82.0,64.0
CAMWARD_20020525,Cameron Ward,QB,2025,TEN,57.999001752598815,83.61521999304887,86.97972376673295,82.94965393595135,78.85518363122162,49.790269820982985,82.93123462473318,62.455665257319765
,Seth Henigan,QB,2025,JAX,56.82942545299204,83.7777173265606,86.65588717372225,80.70701405141529,78.34236022432066,49.57644687911363,81.65761111113454,61.24302621087452
,Connor Bazelak,QB,2025,TB,55.19796645556596,82.28290937277893,86.6248084730521,81.28402630324695,76.92233014282408,49.913007298533955,83.86311370343651,60.59356442114313
,DJ Uiagalelei,QB,2025,LAC,60.35948072347446,81.79636919295945,87.61021555789534,80.83685733561242,74.61029521468936,53.62070986989198,80.91214209964437,73.00516750520148
,Taylor Elgersma,QB,2025,GB,55.52383049453192,82.20195957235205,85.5472282701794,79.48366600212512,75.82225602508765,49.8941100618091,81.6495114759673,66.57076082347521
JOEMILTONIII_20000306,Joe Milton III,QB,2025,DAL,71.0,85.0,85.0,79.0,77.0,68.0,83.0,64.0
ANDYDALTON_19871029,Andy Dalton,QB,2025,CAR,70.0,74.0,67.0,73.0,70.0,70.0,73.0,54.0
JOSHUADOBBS_19950126,Joshua Dobbs,QB,2025,NE,69.0,88.0,86.0,84.0,77.0,63.0,80.0,74.0
DESMONDRIDDER_19990831,Desmond Ridder,QB,2025,CIN,68.0,88.0,91.0,79.0,81.0,61.0,86.0,64.0
JIMMYGAROPPOLO_19911102,Jimmy Garoppolo,QB,2025,LAR,67.0,74.0,71.0,73.0,70.0,66.0,73.0,63.0
KENNYPICKETT_19980606,Kenny Pickett,QB,2025,CLE,67.0,81.0,87.0,80.0,78.0,63.0,80.0,68.0
DREWLOCK_19961110,Drew Lock,QB,2025,SEA,66.0,83.0,85.0,80.0,79.0,68.0,76.0,68.0
DAVISMILLS_19981021,Davis Mills,QB,2025,HOU,65.0,78.0,75.0,76.0,75.0,67.0,77.0,56.0
MITCHELLTRUBISKY_19940820,Mitchell Trubisky,QB,2025,BUF,64.0,84.0,85.0,86.0,82.0,52.0,69.0,71.0
SKYLARTHOMPSON_19970604,Skylar Thompson,QB,2025,PIT,64.0,77.0,85.0,83.0,80.0,59.0,76.0,65.0
JAKEHAENER_19990316,Jake Haener,QB,2025,NO,63.0,83.0,88.0,82.0,81.0,65.0,82.0,61.0
QUINNEWERS_20030315,Quinn Ewers,QB,2025,MIA,63.0,78.0,77.0,74.0,74.0,65.0,70.0,66.0
TREYLANCE_20000509,Trey Lance,QB,2025,LAC,63.0,87.0,90.0,89.0,85.0,32.0,82.0,71.0
DORIANTHOMPSON-ROBINSON_19991114,Dorian Thompson-Robinson,QB,2025,PHI,61.0,87.0,88.0,77.0,76.0,40.0,83.0,61.0
TANNERMCKEE_20000427,Tanner McKee,QB,2025,PHI,61.0,77.0,84.0,76.0,74.0,65.0,78.0,61.0
TOMMYDEVITO_19980807,Tommy DeVito,QB,2025,NYG,61.0,84.0,87.0,82.0,80.0,63.0,80.0,62.0
BRANDONALLEN_19920905,Brandon Allen,QB,2025,TEN,54.0,75.0,70.0,76.0,74.0,61.0,70.0,56.0
KYLEMCCORD_20020919,Kyle McCord,QB,2025,PHI,66.0,75.0,76.0,76.0,73.0,69.0,66.0,62.0
RILEYLEONARD_20020913,Riley Leonard,QB,2025,IND,65.0,86.0,83.0,84.0,83.0,58.0,77.0,70.0
WILLHOWARD_20010924,Will Howard,QB,2025,PIT,64.0,81.0,83.0,78.0,76.0,63.0,72.0,68.0
GRAHAMMERTZ_20001206,Graham Mertz,QB,2025,HOU,61.0,77.0,75.0,78.0,77.0,52.0,65.0,60.0
CAMMILLER_20010618,Cam Miller,QB,2025,LV,60.0,78.0,78.0,83.0,80.0,53.0,78.0,64.0
JAMEISWINSTON_19940106,Jameis Winston,QB,2025,NYG,72.0,76.0,72.0,76.0,73.0,67.0,75.0,72.0
MACJONES_19980905,Mac Jones,QB,2025,SF,69.0,84.0,81.0,81.0,75.0,72.0,75.0,60.0
MARCUSMARIOTA_19931030,Marcus Mariota,QB,2025,WAS,69.0,87.0,88.0,85.0,82.0,71.0,84.0,60.0
SPENCERRATTLER_20000928,Spencer Rattler,QB,2025,NO,69.0,82.0,85.0,77.0,78.0,63.0,78.0,56.0
AIDANO'CONNELL_19980901,Aidan O'Connell,QB,2025,LV,68.0,75.0,79.0,73.0,75.0,70.0,73.0,55.0
COOPERRUSH_19931121,Cooper Rush,QB,2025,BAL,68.0,73.0,75.0,70.0,68.0,71.0,74.0,62.0
JAXSONDART_20030513,Jaxson Dart,QB,2025,NYG,68.0,84.0,85.0,82.0,80.0,62.0,74.0,63.0
MASONRUDOLPH_19950717,Mason Rudolph,QB,2025,PIT,67.0,74.0,76.0,67.0,65.0,69.0,71.0,66.0
SHEDEURSANDERS_20020207,Shedeur Sanders,QB,2025,CLE,67.0,78.0,81.0,81.0,79.0,58.0,75.0,65.0
JALENMILROE_20021213,Jalen Milroe,QB,2025,SEA,65.0,93.0,93.0,89.0,87.0,49.0,87.0,69.0
MALIKWILLIS_19990525,Malik Willis,QB,2025,GB,65.0,90.0,93.0,92.0,89.0,43.0,83.0,72.0
GARDNERMINSHEWII_19960516,Gardner Minshew,QB,2025,KC,69.62278259544132,79.5507256347355,83.05578032293542,79.04289705787812,77.22633340632927,76.0998305057899,78.74221206381492,60.21612924031717
MICHAELPENIXJR_20000508,Michael Penix Jr.,QB,2025,ATL,65.45073967398321,83.52345360159336,85.89521410013772,80.33818606654665,79.16536339474828,64.23124338453613,84.03464525147001,64.37784693246851
TYLERHUNTLEY_19980203,Tyler Huntley,QB,2025,CLE,65.86222853631216,83.64057209572172,85.98674781583416,82.48132790632326,81.45998180559593,71.20906939028123,74.86597101320103,58.90260187916931
J.J.MCCARTHY_20030120,J.J. McCarthy,QB,2025,MIN,73.0,85.0,88.0,88.0,83.0,67.0,81.0,68.0
TYLERSHOUGH_19990928,Tyler Shough,QB,2025,NO,68.0,84.0,84.0,77.0,75.0,66.0,73.0,56.0
ZACHWILSON_19990803,Zach Wilson,QB,2025,MIA,67.0,83.0,87.0,84.0,80.0,60.0,74.0,61.0
DILLONGABRIEL_20001228,Dillon Gabriel,QB,2025,CLE,66.0,83.0,86.0,79.0,78.0,68.0,72.0,58.0
CASEKEENUM_19880217,Case Keenum,QB,2025,CHI,63.0,77.0,72.0,72.0,71.0,63.0,78.0,54.0
EASTONSTICK_19960915,Easton Stick,QB,2025,ATL,62.0,85.0,86.0,90.0,85.0,65.0,78.0,65.0
JOHNWOLFORD_19951016,John Wolford,QB,2025,JAX,60.0,80.0,78.0,83.0,81.0,62.0,76.0,55.0
MICHAELPRATT_20010930,Michael Pratt,QB,2025,TB,59.0,81.0,84.0,78.0,82.0,47.0,85.0,66.0
DEVINLEARY_19990910,Devin Leary,QB,2025,BAL,58.0,80.0,82.0,75.0,72.0,45.0,72.0,54.0
BRETTRYPIEN_19960709,Brett Rypien,QB,2025,MIN,57.0,76.0,78.0,76.0,76.0,62.0,78.0,52.0
SAMHARTMAN_19990729,Sam Hartman,QB,2025,WAS,57.0,79.0,84.0,77.0,80.0,46.0,73.0,58.0
SEANCLIFFORD_19980714,Sean Clifford,QB,2025,GB,57.0,84.0,87.0,87.0,79.0,50.0,75.0,59.0
SAMEHLINGER_19980930,Sam Ehlinger,QB,2025,DEN,56.0,78.0,79.0,81.0,76.0,53.0,85.0,67.0
WILLGRIER_19950403,Will Grier,QB,2025,DAL,56.0,79.0,81.0,80.0,77.0,59.0,81.0,57.0
SHANEBUECHELE_19980108,Shane Buechele,QB,2025,BUF,52.0,74.0,76.0,72.0,69.0,57.0,74.0,51.0
EMORYJONES_20000429,Emory Jones,QB,2025,ATL,51.0,80.0,86.0,74.0,72.0,42.0,74.0,61.0
BENDINUCCI_19961124,Ben DiNucci,QB,2025,NO,56.16404448223568,79.37237410830295,80.77730028413427,76.55899542432006,73.91735845538051,55.55813764390996,76.34422960570191,57.19241946968282
C.J.BEATHARD_19931116,C.J. Beathard,QB,2025,JAX,64.54726073805205,77.94803426381895,77.09742296125717,76.99554297893313,74.1741124128298,65.044130762544,72.90741858966885,60.91444260400658
CARTERBRADLEY_20000309,Carter Bradley,QB,2025,SF,53.118773824388995,81.1809302171718,83.54614887558927,77.65750669046065,74.56850635411865,49.002535542146916,79.58639525544288,60.86542884778237
DRESSERWINN_19981111,Dresser Winn,QB,2025,LAR,53.7583104450332,80.49218332849841,83.31660541274488,77.26692496809831,74.6966084758269,49.86376754848675,79.06449514279143,59.964025220201165
JAKEFROMM_19980730,Jake Fromm,QB,2025,DET,60.88900010186717,76.36746060730087,76.98334971365617,74.94224364234209,71.66552162420521,61.594179157399594,74.09044958144216,58.73175225327327
JARENHALL_19980324,Jaren Hall,QB,2025,SEA,61.10892632202069,81.02930734194291,83.02183361644452,79.87373158567219,76.14550705885586,54.90969113599613,76.49227048759371,59.01843149471097
JORDANTRAVIS_20000502,Jordan Travis,QB,2025,NYJ,59.76445733680259,81.50271355163824,84.00566265412047,79.59036244491989,74.17814138459653,54.62182096726201,76.61707134824906,56.33426309302786
LOGANWOODSIDE_19950127,Logan Woodside,QB,2025,CIN,56.549466750130705,79.33557203348334,80.21436699608304,77.85193489807314,75.66249344975768,58.048386117223345,76.39002164527142,58.47355248045869
STETSONBENNETTIV_19971028,Stetson Bennett,QB,2025,LAR,63.99739710332278,82.43987917306504,85.46902100187532,81.15733607097272,76.34021581329034,56.781656523830634,75.31242644221061,51.06264265962977
,Adrian Martinez,QB,2025,NYJ,54.386036228498256,81.37672001138134,82.73789077626489,79.25024302167526,77.20696461213265,52.08527602008712,80.56474400756406,61.80789182124067
,Austin Reed,QB,2025,CHI,55.29988864459028,81.00059953117108,83.6607478777226,79.71118198862875,77.73857328674694,50.88784355202279,80.21610762863509,61.36968548506161
,Jack Plummer,QB,2025,CAR,51.442762763817086,80.51778689523712,82.93662059247748,75.9010323680726,72.36618967437016,47.62860450260678,79.77381478976895,62.65331601522939
,Jason Bean,QB,2025,IND,53.48524570574273,81.67868417438689,84.40200467348487,77.37164997251625,73.50767899772836,49.53157921931552,77.21626321394137,54.61191073088753
,Kedon Slovis,QB,2025,HOU,53.74845550976647,84.19634732870543,83.92611070033735,80.30270684455363,77.77456933285293,51.52768605497681,80.0947270548038,65.54179285556575
,Tanner Mordecai,QB,2025,SF,54.113515714139794,81.4643454492462,83.59381089858854,78.98185267552488,76.49074153555375,49.758194239195745,80.35524097986013,62.085719950607654
,Payton Thorne,QB,2025,CIN,59.15422610369819,80.37252375665099,81.06214410548532,77.77490452628845,77.56962252860512,56.00087643434563,77.45087753378039,58.57605583859254
DAKPRESCOTT_19930729,Dak Prescott,QB,2025,DAL,84.0,84.0,83.0,82.0,80.0,79.0,79.0,75.0
JOEFLACCO_19850116,Joe Flacco,QB,2025,CLE,71.0,75.0,71.0,68.0,62.0,73.0,71.0,66.0
WILLLEVIS_19990627,Will Levis,QB,2025,TEN,71.0,80.0,85.0,83.0,79.0,62.0,89.0,69.0
DANIELJONES_19970527,Daniel Jones,QB,2025,IND,69.0,87.0,87.0,83.0,75.0,59.0,80.0,67.0
TUATAGOVAILOA_19980302,Tua Tagovailoa,QB,2025,MIA,82.0,83.0,84.0,78.0,79.0,76.0,73.0,61.0
DRAKEMAYE_20020830,Drake Maye,QB,2025,NE,78.0,89.0,89.0,82.0,78.0,78.0,72.0,62.0
RUSSELLWILSON_19881129,Russell Wilson,QB,2025,NYG,76.0,84.0,84.0,87.0,86.0,73.0,82.0,59.0
BRYCEYOUNG_20010705,Bryce Young,QB,2025,CAR,75.0,87.0,89.0,84.0,88.0,76.0,75.0,54.0
TREVORLAWRENCE_19991006,Trevor Lawrence,QB,2025,JAX,75.0,88.0,88.0,88.0,83.0,73.0,81.0,69.0
JUSTINFIELDS_19990305,Justin Fields,QB,2025,NYJ,74.0,92.0,96.0,93.0,92.0,60.0,84.0,65.0
KIRKCOUSINS_19880819,Kirk Cousins,QB,2025,ATL,73.0,69.0,68.0,69.0,67.0,71.0,71.0,52.0
ANTHONYRICHARDSON_20020522,Anthony Richardson,QB,2025,IND,72.27844289627615,91.2280792837488,91.74087239925308,89.89313999769075,84.2707096079555,67.79476411219548,92.09553927737568,72.62405467139104
DEREKCARR_19910328,Derek Carr,QB,2025,NO,75.33832413342702,80.28050953803199,83.50838829025045,78.59079686717604,74.65473531172051,80.07655782724396,74.73135822691472,60.20196418711191
C.J.STROUD_20011003,C.J. Stroud,QB,2025,HOU,81.0,82.0,87.0,80.0,75.0,80.0,78.0,61.0
JOSHALLEN_19960521,Josh Allen,QB,2025,BUF,99.0,88.0,91.0,85.0,82.0,96.0,92.0,81.0
LAMARJACKSON_19970107,Lamar Jackson,QB,2025,BAL,99.0,96.0,95.0,94.0,95.0,97.0,91.0,63.0
JOEBURROW_19961210,Joe Burrow,QB,2025,CIN,97.0,84.0,86.0,83.0,79.0,99.0,74.0,68.0
PATRICKMAHOMES_19950917,Patrick Mahomes,QB,2025,KC,95.0,85.0,87.0,86.0,86.0,92.0,74.0,70.0
MATTHEWSTAFFORD_19880207,Matthew Stafford,QB,2025,LAR,88.0,78.0,70.0,71.0,66.0,91.0,75.0,66.0
JAREDGOFF_19941014,Jared Goff,QB,2025,DET,87.0,74.0,80.0,73.0,70.0,90.0,68.0,64.0
JALENHURTS_19980807,Jalen Hurts,QB,2025,PHI,86.0,89.0,91.0,90.0,90.0,86.0,86.0,76.0
JUSTINHERBERT_19980310,Justin Herbert,QB,2025,LAC,86.0,86.0,88.0,80.0,72.0,88.0,84.0,71.0
BAKERMAYFIELD_19950414,Baker Mayfield,QB,2025,TB,85.0,86.0,85.0,82.0,78.0,85.0,73.0,69.0
JAYDENDANIELS_20001218,Jayden Daniels,QB,2025,WAS,85.0,90.0,91.0,91.0,88.0,82.0,86.0,59.0
BROCKPURDY_19991227,Brock Purdy,QB,2025,SF,84.0,78.0,90.0,81.0,77.0,83.0,70.0,63.0
JORDANLOVE_19981102,Jordan Love,QB,2025,GB,83.0,84.0,86.0,77.0,71.0,84.0,85.0,62.0
GENOSMITH_19901010,Geno Smith,QB,2025,LV,80.0,87.0,83.0,80.0,73.0,81.0,81.0,58.0
BONIX_20000225,Bo Nix,QB,2025,DEN,79.0,88.0,90.0,76.0,73.0,78.0,74.0,60.0
KYLERMURRAY_19970807,Kyler Murray,QB,2025,ARI,79.0,92.0,93.0,90.0,88.0,72.0,64.0,59.0
SAMDARNOLD_19970605,Sam Darnold,QB,2025,SEA,77.0,81.0,82.0,80.0,77.0,74.0,67.0,60.0
AARONRODGERS_19831202,Aaron Rodgers,QB,2025,PIT,76.0,77.0,75.0,75.0,72.0,77.0,74.0,59.0
CALEBWILLIAMS_20011118,Caleb Williams,QB,2025,CHI,75.0,86.0,89.0,85.0,82.0,64.0,83.0,65.0
CAMERONJOHNSTON_19920224,Cameron Johnston,P,2025,PIT,75.0,76.0,73.0,60.0,53.0,59.0,55.0,48.0
DUSTINHOPKINS_19901001,Dustin Hopkins,K,2025,CLE,71.0,73.0,75.0,62.0,49.0,58.0,73.0,61.0
GREGJOSEPH_19940804,Greg Joseph,K,2025,SF,71.0,73.0,71.0,64.0,50.0,55.0,49.0,41.0
BENSAULS_20010731,Ben Sauls,K,2025,PIT,70.0,73.0,73.0,60.0,52.0,53.0,47.0,46.0
JAKEMOODY_19991123,Jake Moody,K,2025,SF,69.0,65.0,64.0,59.0,51.0,51.0,66.0,51.0
MADDUXTRUJILLO_20030412,Maddux Trujillo,K,2025,IND,69.0,74.0,74.0,62.0,55.0,51.0,54.0,39.0
CHARLEYHUGHLETT_19900516,Charley Hughlett,LS,2025,PHI,67.0,71.0,70.0,73.0,64.0,62.0,77.0,73.0
REXSUNAHARA_19961009,Rex Sunahara,LS,2025,CLE,58.0,69.0,77.0,67.0,59.0,50.0,72.0,62.0
BLAKEFERGUSON_19970421,Blake Ferguson,LS,2025,MIA,72.49366072317241,75.03313415953062,77.2950495100763,64.6034603956665,55.42790363184842,56.07835674969715,52.1194519184146,59.25931251545535
GREGZUERLEIN_19871227,Greg Zuerlein,K,2025,NYJ,80.03702870853857,73.45786380569916,73.54581423646323,63.86439069510561,53.02004681695905,64.43765475636201,65.79693488634166,51.905073428986725
JAKEMCQUAIDE_19871207,Jake McQuaide,LS,2025,MIA,73.26068579046017,77.92796447744513,77.96973027749709,68.34253676192952,54.63092393022109,58.69412985778172,46.96104797740736,67.94365714543528
MICHAELPALARDY_19920706,Michael Palardy,P,2025,ARI,74.60525184234456,76.94558596408297,77.01881463727,67.15427182738006,54.10485710672728,58.03327330316597,52.25439436692159,56.03180318336899
RILEYPATTERSON_19990907,Riley Patterson,K,2025,ATL,69.95541252460191,76.55042058014942,77.40871572599303,66.39008919157493,55.144279900945705,51.63570594594057,54.84743906921449,48.962106648355984
ZACHTRINER_19910130,Zach Triner,LS,2025,SEA,69.43015925819327,78.5689122763929,78.32804313451061,68.88959989616558,54.37585247712671,51.77102445314381,48.49362528019083,63.568889039373516
,Tucker Addington,LS,2025,PIT,66.84238796236082,77.60801585957415,78.33390083095105,67.47434029378144,55.352313620134694,49.13203654652966,51.77468461308945,55.12519993990463
,Jack Browning,P,2025,TB,67.75500096894905,76.25878780890798,77.55125439639687,65.76734466622145,55.57434116900659,49.481235311652654,56.35984632541931,44.17255177598872
,Jude McAtamney,K,2025,NYG,67.58884551729926,77.01708621003036,77.676498751302,67.00561550268617,54.84322659958141,47.16022025138864,56.46471779504918,46.93614683358555
,Luke Elkin,LS,2025,CHI,61.390580749185574,77.94475556447878,79.02664111721924,67.91113213539847,56.01946825827369,40.140188457276736,50.15579877336677,57.336995087106516
,Ryan Coe,K,2025,TB,63.44666277482122,76.77330416308632,78.49787969490103,67.3462219238204,55.78759626754902,42.827551171450295,56.53384739294779,52.70112848688268
,Kai Kroeger,P,2025,NO,65.031611885026,76.04595528197933,78.12986712681959,66.80429277409223,56.01455450022311,44.364975714345064,58.43953756926385,51.17195767246494
JOSHHARRIS_19890427,Josh Harris,LS,2025,LAC,81.0,77.0,75.0,74.0,70.0,71.0,76.0,68.0
LUKERHODES_19921202,Luke Rhodes,LS,2025,IND,79.0,80.0,81.0,75.0,70.0,65.0,84.0,80.0
ZACHWOOD_19930110,Zach Wood,LS,2025,NO,79.0,71.0,64.0,64.0,55.0,65.0,70.0,75.0
J.J.JANSEN_19860120,J.J. Jansen,LS,2025,CAR,78.0,63.0,70.0,66.0,59.0,71.0,42.0,70.0
YOUNGHOEKOO_19940803,Younghoe Koo,K,2025,ATL,78.0,71.0,74.0,63.0,56.0,67.0,74.0,47.0
GRAHAMGANO_19870409,Graham Gano,K,2025,NYG,77.0,75.0,77.0,64.0,55.0,63.0,36.0,63.0
HOGANHATTEN_20000806,Hogan Hatten,LS,2025,DET,77.0,78.0,83.0,79.0,70.0,57.0,84.0,68.0
EVANMCPHERSON_19990721,Evan McPherson,K,2025,CIN,74.0,75.0,81.0,63.0,56.0,59.0,63.0,37.0
THOMASHENNESSY_19940611,Thomas Hennessy,LS,2025,NYJ,73.0,74.0,73.0,67.0,67.0,60.0,73.0,67.0
TRENTSIEG_19951202,Trent Sieg,LS,2025,DAL,73.0,75.0,68.0,76.0,60.0,64.0,71.0,72.0
MATTHEWWRIGHT_19960322,Matthew Wright,K,2025,CAR,71.0,73.0,81.0,58.0,57.0,54.0,49.0,44.0
REIDFERGUSON_19940324,Reid Ferguson,LS,2025,BUF,71.0,73.0,70.0,63.0,62.0,68.0,69.0,65.0
CASEYKREITER_19900813,Casey Kreiter,LS,2025,NYG,70.0,72.0,71.0,68.0,63.0,61.0,78.0,67.0
NICKMOORE_19921209,Nick Moore,LS,2025,BAL,70.0,70.0,74.0,74.0,67.0,64.0,74.0,70.0
JOHNPARKERROMO_19970824,John Parker Romo,K,2025,NE,69.0,75.0,71.0,62.0,54.0,53.0,49.0,38.0
JONWEEKS_19860217,Jon Weeks,LS,2025,SF,69.0,69.0,71.0,68.0,60.0,68.0,54.0,69.0
SPENCERSHRADER_19990519,Spencer Shrader,K,2025,IND,69.0,67.0,65.0,60.0,51.0,50.0,59.0,42.0
JACOBBOBENMOYER_19970528,Jacob Bobenmoyer,LS,2025,LV,68.0,79.0,84.0,71.0,67.0,59.0,76.0,68.0
JAMESWINCHESTER_19890806,James Winchester,LS,2025,KC,67.0,80.0,81.0,75.0,77.0,56.0,86.0,67.0
MITCHELLFRABONI_19961028,Mitchell Fraboni,LS,2025,DEN,67.0,80.0,76.0,66.0,66.0,54.0,73.0,75.0
MORGANCOX_19860426,Morgan Cox,LS,2025,TEN,66.0,71.0,62.0,62.0,58.0,73.0,68.0,73.0
TYLEROTT_19920228,Tyler Ott,LS,2025,WAS,66.0,75.0,77.0,64.0,60.0,55.0,75.0,72.0
JULIANASHBY_20020708,Julian Ashby,LS,2025,NE,65.0,74.0,83.0,72.0,69.0,60.0,74.0,68.0
LIAMMCCULLOUGH_19970605,Liam McCullough,LS,2025,ATL,64.0,76.0,79.0,63.0,54.0,55.0,72.0,64.0
CALADOMITIS_19980709,Cal Adomitis,LS,2025,CIN,63.0,73.0,82.0,66.0,66.0,50.0,73.0,69.0
AARONBREWER_19900705,Aaron Brewer,LS,2025,ARI,62.0,73.0,72.0,69.0,63.0,60.0,68.0,68.0
ALEXWARD_19990421,Alex Ward,LS,2025,LAR,62.0,69.0,77.0,72.0,71.0,52.0,74.0,66.0
CHRISSTOLL_19980803,Chris Stoll,LS,2025,SEA,62.0,75.0,74.0,61.0,53.0,49.0,71.0,65.0
CHRISTIANKUNTZ_19940413,Christian Kuntz,LS,2025,PIT,62.0,79.0,85.0,78.0,75.0,50.0,78.0,76.0
JOECARDONA_19920416,Joe Cardona,LS,2025,MIA,60.0,75.0,73.0,69.0,61.0,48.0,80.0,80.0
EVANDECKERS_19990223,Evan Deckers,LS,2025,TB,58.0,67.0,62.0,56.0,63.0,52.0,70.0,62.0
SCOTTDALY_19940207,Scott Daly,LS,2025,CHI,57.0,71.0,71.0,64.0,62.0,51.0,69.0,72.0
ANDERSCARLSON_19980616,Anders Carlson,K,2025,NYJ,71.6626358616079,77.85246273520391,78.03085643038794,65.31069403246946,54.19986568417676,56.52358069459774,79.83519088215121,56.967633092599144
JAKECAMARDA_19990420,Jake Camarda,P,2025,BUF,71.7676893543944,83.7266961427328,84.56114644797682,67.4401850930623,65.37485365866291,59.197975258861334,79.04368114682507,50.81037162821766
MATTHEWORZECH_19950412,Matthew Orzech,LS,2025,GB,73.10711206422866,70.65091678627499,71.64116539903776,62.97770381685814,45.586628418881446,58.260671207812265,68.45470737038136,59.03238179959834
MATTPRATER_19840810,Matt Prater,K,2025,ARI,79.43236065741803,69.54043604760545,69.8824407964988,61.14193216461758,56.01840616598952,73.62112024379644,49.98375147183947,51.52279784460913
MITCHWISHNOWSKY_19920303,Mitch Wishnowsky,P,2025,SF,73.17246407019707,80.79061156060891,80.09431755797605,67.96315473239142,55.38097036261047,63.157916864707886,77.10125018581925,57.95809542700615
PATO'DONNELL_19910222,Pat O'Donnell,P,2025,SF,79.95787589413362,81.18248666870005,80.60353314067557,66.54599724634654,57.051805192961865,70.9910156960766,65.80595520865722,57.1313196195154
RICKLOVATO_19920909,Rick Lovato,LS,2025,PHI,75.29819503196586,68.16046832152597,68.79331064727282,61.49766149795762,44.27198477553043,63.06736302599734,62.84480438888045,59.219276629501074
TAYBORPEPPER_19940528,Taybor Pepper,LS,2025,SF,74.40925193783755,72.08564120979105,73.11487744768434,63.84557395354233,44.63466984466572,61.02388662371618,67.21381504305486,60.57943621699702
ZANEGONZALEZ_19950507,Zane Gonzalez,K,2025,WAS,75.73677141777739,73.61043709973472,74.99506742127438,63.80271105013039,55.226389899986316,61.91076410267192,65.5429470006818,48.50077244517835
TYLERLOOP_20010804,Tyler Loop,K,2025,BAL,73.0,74.0,75.0,67.0,53.0,60.0,59.0,40.0
ANDRESBORREGALES_20020102,Andy Borregales,K,2025,NE,65.9425117322728,78.43038402843672,80.74782282676495,68.32796592641841,60.10009315983507,44.03212053460538,78.1697472306314,49.64108605925385
RYANFITZGERALD_20000813,Ryan Fitzgerald,K,2025,CAR,70.0,72.0,71.0,58.0,50.0,54.0,51.0,53.0
AUSTINMCNAMARA_20010224,Austin McNamara,P,2025,NYJ,69.0,76.0,80.0,68.0,63.0,52.0,76.0,45.0
BRADROBBINS_19981006,Brad Robbins,P,2025,BUF,69.0,75.0,76.0,67.0,62.0,51.0,68.0,47.0
HARRISONMEVIS_20020327,Harrison Mevis,K,2025,NYJ,69.0,70.0,77.0,67.0,51.0,50.0,62.0,44.0
JAMESBURNIP_20010220,James Burnip,P,2025,NO,69.0,71.0,69.0,61.0,50.0,51.0,62.0,54.0
AUSTINBRINKMAN_20020620,Austin Brinkman,LS,2025,HOU,65.0,70.0,76.0,66.0,60.0,50.0,68.0,65.0
JEREMYCRAWSHAW_20010522,Charlie Smyth,K,2025,NO,71.79185639894195,78.34974769016003,81.30225167249102,67.7339710574139,55.461356080095584,53.580520110186626,78.59667983572763,54.40838255064459
MICHAELBADGLEY_19950728,Michael Badgley,K,2025,DET,77.26412683431363,72.56587644112574,74.54542837732606,62.159609531922,51.34222900252655,56.61024005190188,57.03036236144544,43.626462499689026
PATRICKSCALES_19880211,Patrick Scales,LS,2025,CHI,79.88889601261508,70.93582250376676,71.80674829345082,59.465284593801584,49.69983829384489,67.86707074780361,58.14262649705688,50.56580076793165
RAMIZAHMED_19950727,Alex Hale,K,2025,GB,73.01732730726599,78.30377193644517,80.04844963701248,65.99776622398929,53.961612008440966,54.98615067658602,70.95125389341229,51.452626602931076
,Jake Julien,P,2025,TB,73.4379219838113,76.60792548135328,79.2805975076077,66.01465090206455,54.22712804871901,55.628501175863676,75.06731884046803,53.79685184556003
,Andre Szmyt,K,2025,CLE,72.71979630554961,78.43696126944883,80.00088904259906,64.5262829735417,54.40587245926292,54.18336684637609,70.2573046285288,49.14945541093572
,Brent Matiscik,LS,2025,CLE,68.03908951465314,77.23655123676667,79.99084075491942,65.03986584778136,55.89594469972087,49.4018890879903,71.23561191922636,50.73636285765782
,Jonathan Kim,K,2025,CHI,68.1876243597194,76.904142562566,80.49173352935134,66.09609559812532,56.087975627785,49.018309936340074,73.61854747052621,51.18027440670332
,William Wagner,LS,2025,CIN,68.06452264682594,77.01543861390155,80.45484194226674,65.85366006989011,56.142964963384884,48.93412339942188,73.37276577249122,51.03838480798386
HARRISONBUTKER_19950714,Harrison Butker,K,2025,KC,82.0,74.0,76.0,54.0,46.0,70.0,65.0,44.0
ANDREWDEPAOLA_19870728,Andrew DePaola,LS,2025,MIN,81.0,75.0,72.0,80.0,71.0,70.0,80.0,75.0
BRADLEYPINION_19940601,Bradley Pinion,P,2025,ATL,81.0,71.0,64.0,57.0,48.0,70.0,70.0,53.0
JAKEELLIOTT_19950121,Jake Elliott,K,2025,PHI,78.0,76.0,78.0,64.0,52.0,64.0,52.0,34.0
JAKEBAILEY_19970618,Jake Bailey,P,2025,MIA,77.0,82.0,84.0,66.0,55.0,66.0,80.0,43.0
ETHANEVANS_20010719,Ethan Evans,P,2025,LAR,76.0,68.0,71.0,57.0,51.0,59.0,62.0,55.0
BLAKEGILLIKIN_19980121,Blake Gillikin,P,2025,ARI,75.0,73.0,76.0,63.0,53.0,58.0,80.0,49.0
JORDANSTOUT_19980804,Jordan Stout,P,2025,BAL,75.0,84.0,88.0,66.0,57.0,61.0,63.0,45.0
RYANWRIGHT_20000601,Ryan Wright,P,2025,MIN,75.0,81.0,84.0,64.0,58.0,61.0,80.0,62.0
SAMMARTIN_19900227,Sam Martin,P,2025,CAR,75.0,76.0,71.0,55.0,50.0,66.0,65.0,46.0
WILLREICHARD_20010119,Will Reichard,K,2025,MIN,75.0,78.0,79.0,64.0,54.0,59.0,66.0,42.0
DANIELWHELAN_19990210,Daniel Whelan,P,2025,GB,74.0,78.0,79.0,57.0,50.0,57.0,75.0,57.0
ROSSMATISCIK_19960913,Ross Matiscik,LS,2025,JAX,74.0,71.0,67.0,68.0,59.0,66.0,71.0,73.0
TYLERBASS_19970214,Tyler Bass,K,2025,BUF,74.0,85.0,81.0,62.0,55.0,59.0,65.0,40.0
TRESSWAY_19900418,Tress Way,P,2025,WAS,73.0,73.0,73.0,62.0,49.0,63.0,67.0,44.0
JAMIEGILLAN_19970704,Jamie Gillan,P,2025,NYG,72.0,76.0,74.0,64.0,56.0,59.0,87.0,69.0
JOEYSLYE_19960410,Joey Slye,K,2025,TEN,72.0,71.0,73.0,62.0,49.0,56.0,61.0,66.0
JOSHUAKARTY_20020307,Joshua Karty,K,2025,LAR,72.0,75.0,80.0,64.0,56.0,55.0,68.0,45.0
AUSTINSEIBERT_19961115,Austin Seibert,K,2025,WAS,77.73962475239273,75.95083610919255,78.17345397567112,61.90585444258136,51.191938333226176,58.89094941587655,61.6830426000397,45.75829068489464
JUSTINTUCKER_19891121,Justin Tucker,K,2025,BAL,79.95431689192856,73.05364688078203,74.81328899082644,60.251136626909556,50.285368401794585,65.87241981187162,55.16631904520818,43.27016564092784
BRYANANGER_19881006,Bryan Anger,P,2025,DAL,81.0,73.0,75.0,61.0,48.0,70.0,75.0,55.0
J.K.SCOTT_19961030,J.K. Scott,P,2025,LAC,80.0,75.0,78.0,69.0,61.0,70.0,75.0,51.0
JACKFOX_19960901,Jack Fox,P,2025,DET,79.0,79.0,81.0,64.0,55.0,68.0,69.0,50.0
DANIELCARLSON_19950123,Daniel Carlson,K,2025,LV,78.0,71.0,75.0,60.0,45.0,65.0,42.0,52.0
BRADENMANN_19971124,Braden Mann,P,2025,PHI,77.0,78.0,79.0,77.0,69.0,66.0,76.0,45.0
BRANDONMCMANUS_19910725,Brandon McManus,K,2025,GB,77.0,76.0,76.0,70.0,57.0,66.0,68.0,56.0
THOMASMORSTEAD_19860307,Thomas Morstead,P,2025,SF,77.0,71.0,61.0,59.0,49.0,67.0,49.0,68.0
CORLISSWAITMAN_19950721,Corliss Waitman,P,2025,PIT,75.0,71.0,69.0,64.0,48.0,61.0,68.0,46.0
,Matt Araiza,P,2025,KC,75.0,83.0,87.0,67.0,57.0,55.0,78.0,49.0
CHADRYLAND_19991015,Chad Ryland,K,2025,ARI,74.0,73.0,74.0,60.0,55.0,61.0,66.0,40.0
JOHNNYHEKKER_19900208,Johnny Hekker,P,2025,TEN,74.0,74.0,68.0,61.0,51.0,62.0,72.0,55.0
MATTGAY_19940315,Matt Gay,K,2025,WAS,74.0,74.0,69.0,58.0,51.0,58.0,68.0,41.0
RYANREHKOW_19980911,Ryan Rehkow,P,2025,CIN,73.0,68.0,71.0,67.0,53.0,54.0,66.0,53.0
MATTHEWHAYBALL_19970312,Matthew Hayball,P,2025,NO,70.0,74.0,72.0,63.0,55.0,53.0,64.0,51.0
EDDYPINEIRO_19950913,Eddy Pineiro,K,2025,CAR,74.59473894743337,75.95782128542726,77.83711005844407,63.6110092987841,54.23596365481279,58.7858029772467,62.470942960153025,43.5593865091505
BRANDONAUBREY_19950314,Brandon Aubrey,K,2025,DAL,87.0,82.0,77.0,74.0,62.0,71.0,72.0,49.0
CHRISBOSWELL_19910316,Chris Boswell,K,2025,PIT,85.0,73.0,72.0,62.0,53.0,74.0,65.0,44.0
LOGANCOOKE_19950728,Logan Cooke,P,2025,JAX,83.0,72.0,67.0,50.0,45.0,70.0,61.0,56.0
MICHAELDICKSON_19960104,Michael Dickson,P,2025,SEA,83.0,77.0,74.0,65.0,54.0,71.0,31.0,47.0
COREYBOJORQUEZ_19950913,Corey Bojorquez,P,2025,CLE,82.0,70.0,74.0,63.0,52.0,68.0,44.0,41.0
KA'IMIFAIRBAIRN_19940129,Ka'imi Fairbairn,K,2025,HOU,80.0,79.0,82.0,64.0,53.0,67.0,69.0,39.0
BRYCEBARINGER_19990426,Bryce Baringer,P,2025,NE,79.0,73.0,75.0,67.0,59.0,64.0,65.0,50.0
CAMERONDICKER_20000506,Cameron Dicker,K,2025,LAC,79.0,76.0,83.0,63.0,57.0,64.0,62.0,51.0
CHASEMCLAUGHLIN_19960409,Chase McLaughlin,K,2025,TB,79.0,73.0,77.0,64.0,50.0,66.0,50.0,39.0
JASONMYERS_19910512,Jason Myers,K,2025,SEA,79.0,69.0,71.0,47.0,45.0,67.0,40.0,43.0
NICKFOLK_19841105,Nick Folk,K,2025,NYJ,79.0,67.0,65.0,55.0,43.0,68.0,50.0,59.0
TOMMYTOWNSEND_19961112,Tommy Townsend,P,2025,HOU,79.0,81.0,84.0,64.0,57.0,67.0,58.0,43.0
CAIROSANTOS_19911112,Cairo Santos,K,2025,CHI,78.0,72.0,74.0,66.0,51.0,65.0,60.0,33.0
JASONSANDERS_19951116,Jason Sanders,K,2025,MIA,77.0,77.0,78.0,58.0,51.0,65.0,31.0,37.0
RIGOBERTOSANCHEZ_19940908,Rigoberto Sanchez,P,2025,IND,77.0,70.0,71.0,62.0,51.0,65.0,59.0,51.0
RYANSTONEHOUSE_19990511,Ryan Stonehouse,P,2025,MIA,77.0,85.0,86.0,58.0,54.0,59.0,51.0,46.0
WILLUTZ_19940707,Wil Lutz,K,2025,DEN,77.0,70.0,72.0,59.0,50.0,62.0,57.0,54.0
CAMLITTLE_20030817,Cam Little,K,2025,JAX,76.0,74.0,78.0,65.0,59.0,59.0,70.0,41.0
JAKEBATES_19990303,Jake Bates,K,2025,DET,76.0,72.0,74.0,61.0,51.0,59.0,60.0,35.0
RILEYDIXON_19930824,Riley Dixon,P,2025,TB,76.0,72.0,74.0,68.0,51.0,64.0,70.0,56.0
TORYTAYLOR_19970710,Tory Taylor,P,2025,CHI,75.0,81.0,83.0,65.0,55.0,59.0,65.0,61.0
BLAKEGRUPE_19981105,Blake Grupe,K,2025,NO,73.0,76.0,75.0,64.0,52.0,59.0,63.0,28.0
A.J.COLEIII_19951127,AJ Cole,P,2025,LV,79.72360534761947,77.19470460645698,79.42648271465475,66.15201815226459,54.461796079515835,63.733966814513224,65.34089795223872,53.7310978708245
