nfl_id,display_name,draft_year,nfl_position,birth_date,college_name,college_conference,draft_round,draft_pick_within_round,draft_overall_pick,combine_position,combine_height,combine_weight,hand_size,arm_length,wing_span,ten_yd_split,forty,vertical,broad_jump,three_cone,short_shuttle,bench_reps,ngs_athleticism_score,ngs_college_production_score,ngs_final_score,clean_name,madden_id,fullname,position,season,team,overallrating,speed,acceleration,agility,changeofdirection,awareness,jumping,strength
55874,Darnell Wright,2023,T,2001-08-10,Tennessee,Southeastern Conference,1.0,10.0,10.0,OL,77.375,333,9.0,33.75,82.0,1.81,5.01,29.0,114.0,,,,84,70.0,78.0,darnell wright,DARNELLWRIGHT_20010810,Darnell Wright,OL,2025,CHI,80.0,72.0,75.0,56.0,51.0,81.0,72.0,94.0
55875,Peter Skoronski,2023,G,2001-07-31,Northwestern,Big Ten Conference,1.0,11.0,11.0,OL,76.0,313,10.0,32.25,79.5,1.75,5.16,34.5,115.0,7.8,,30.0,84,93.0,89.0,peter skoronski,PETERSKORONSKI_20010731,Peter Skoronski,OL,2025,TEN,76.0,67.0,80.0,58.0,59.0,79.0,83.0,88.0
55877,Lukas Van Ness,2023,DE,2001-07-06,Iowa,Big Ten Conference,1.0,13.0,13.0,DL,77.0,272,11.0,34.0,81.75,1.64,4.58,31.0,118.0,7.02,4.32,17.0,77,74.0,80.0,lukas van ness,LUKASVANNESS_20010706,Lukas Van Ness,DL,2025,GB,74.0,86.0,91.0,83.0,73.0,72.0,76.0,81.0
55878,Broderick Jones,2023,T,2001-05-16,Georgia,Southeastern Conference,1.0,14.0,14.0,OL,77.375,311,10.625,34.75,82.75,1.74,4.97,30.0,108.0,,,,82,81.0,82.0,broderick jones,BRODERICKJONES_20010516,Broderick Jones,OL,2025,PIT,72.0,73.0,83.0,76.0,59.0,74.0,74.0,86.0
55884,Jaxon Smith-Njigba,2023,WR,2002-02-14,Ohio State,Big Ten Conference,1.0,20.0,20.0,WR,72.625,196,9.0,30.5,75.5,,,35.0,125.0,6.57,3.93,,67,82.0,83.0,jaxon smith-njigba,JAXONSMITH-NJIGBA_20020214,Jaxon Smith-Njigba,WR,2025,SEA,86.0,91.0,92.0,94.0,92.0,91.0,86.0,63.0
55885,Quentin Johnston,2023,WR,2001-09-06,Texas Christian,Big Twelve Conference,1.0,22.0,21.0,WR,74.75,208,9.625,33.625,81.625,,,40.5,134.0,,,,73,79.0,81.0,quentin johnston,QUENTINJOHNSTON_20010906,Quentin Johnston,WR,2025,LAC,76.0,93.0,90.0,83.0,85.0,80.0,94.0,70.0
55887,Jordan Addison,2023,WR,2002-01-27,Southern California,Pacific Twelve Conference,1.0,24.0,23.0,WR,71.125,173,8.75,30.875,74.5,1.56,4.49,34.0,122.0,,,,60,87.0,79.0,jordan addison,JORDANADDISON_20020127,Jordan Addison,WR,2025,MIN,84.0,90.0,92.0,88.0,91.0,89.0,84.0,52.0
55888,Deonte Banks,2023,CB,2001-03-03,Maryland,Big Ten Conference,1.0,25.0,24.0,DB,72.125,197,9.375,31.375,77.125,1.49,4.35,42.0,136.0,,,,98,71.0,86.0,deonte banks,DEONTEBANKS_20010303,Deonte Banks,DB,2025,NYG,75.0,94.0,97.0,90.0,91.0,70.0,96.0,60.0
55891,Anton Harrison,2023,T,2002-02-02,Oklahoma,Big Twelve Conference,1.0,28.0,27.0,OL,76.375,315,9.25,34.125,80.75,1.77,4.98,28.5,105.0,,,,76,74.0,77.0,anton harrison,ANTONHARRISON_20020202,Anton Harrison,OL,2025,JAX,71.0,73.0,79.0,62.0,53.0,81.0,71.0,82.0
55900,Michael Mayer,2023,TE,2001-07-06,Notre Dame,Independent,2.0,4.0,35.0,TE,76.5,249,9.5,31.625,76.25,1.66,4.7,32.5,118.0,,,,63,83.0,79.0,michael mayer,MICHAELMAYER_20010706,Michael Mayer,TE,2025,LV,73.0,82.0,86.0,76.0,71.0,63.0,85.0,79.0
55901,Steve Avila,2023,G,1999-10-16,Texas Christian,Big Twelve Conference,2.0,5.0,36.0,OL,75.5,332,9.25,33.0,78.0,1.86,5.21,29.5,98.0,7.85,4.74,28.0,81,76.0,81.0,steve avila,STEVEAVILA_19991016,Steve Avila,OL,2025,LAR,76.0,65.0,71.0,56.0,56.0,82.0,73.0,88.0
55903,Matthew Bergeron,2023,G,2000-02-26,Syracuse,Atlantic Coast Conference,2.0,7.0,38.0,OL,77.25,318,9.5,33.75,81.875,,,30.5,103.0,,,,70,66.0,73.0,matthew bergeron,MATTHEWBERGERON_20000226,Matthew Bergeron,OL,2025,ATL,76.0,63.0,75.0,71.0,59.0,78.0,75.0,89.0
55904,Jonathan Mingo,2023,WR,2001-04-20,Mississippi,Southeastern Conference,2.0,8.0,39.0,WR,73.75,220,10.375,32.125,75.75,1.54,4.46,39.5,129.0,,,22.0,83,67.0,77.0,jonathan mingo,JONATHANMINGO_20010420,Jonathan Mingo,WR,2025,DAL,72.0,90.0,92.0,82.0,81.0,72.0,89.0,71.0
55905,Isaiah Foskey,2023,DE,2000-10-30,Notre Dame,Independent,2.0,9.0,40.0,DL,77.125,264,9.875,34.0,81.25,1.66,4.58,34.0,125.0,7.28,4.41,22.0,75,73.0,77.0,isaiah foskey,ISAIAHFOSKEY_20001030,Isaiah Foskey,DL,2025,NO,70.0,86.0,90.0,74.0,69.0,66.0,82.0,76.0
55909,Julius Brents,2023,CB,2000-01-18,Kansas State,Big Twelve Conference,2.0,13.0,44.0,DB,74.75,198,9.625,34.0,82.625,1.57,4.53,41.5,138.0,6.63,4.05,,80,74.0,79.0,julius brents,JULIUSBRENTS_20000118,Julius Brents,DB,2025,IND,68.61683777387026,90.31963790875444,91.72601519606144,88.4635712768627,84.54221067300062,64.48680689009211,93.437737679443,62.72584765311183
55910,Brian Branch,2023,SS,2001-10-22,Alabama,Southeastern Conference,2.0,14.0,45.0,DB,71.625,190,9.5,30.75,75.25,1.56,4.58,34.5,125.0,,,14.0,60,87.0,83.0,brian branch,BRIANBRANCH_20011022,Brian Branch,DB,2025,DET,89.0,88.0,92.0,85.0,83.0,90.0,89.0,60.0
55911,Keion White,2023,DE,1999-01-20,Georgia Tech,Atlantic Coast Conference,2.0,15.0,46.0,DL,76.875,285,10.125,34.0,80.0,,,34.0,117.0,,,30.0,79,80.0,82.0,keion white,KEIONWHITE_19990120,Keion White,DL,2025,NE,78.0,82.0,81.0,75.0,66.0,77.0,82.0,85.0
55912,Quan Martin,2023,FS,2000-04-17,Illinois,Big Ten Conference,2.0,16.0,47.0,DB,71.0,194,9.625,31.125,77.375,1.47,4.46,44.0,133.0,,,15.0,83,67.0,75.0,quan martin,JARTAVIUSMARTIN_20000417,Quan Martin,DB,2025,WAS,77.0,90.0,97.0,87.0,85.0,76.0,97.0,61.0
55913,Cody Mauch,2023,G,1999-01-15,North Dakota State,Missouri Valley Football Conference,2.0,17.0,48.0,OL,77.0,302,9.75,32.375,78.875,1.79,5.08,29.0,108.0,7.33,4.55,29.0,83,85.0,85.0,cody mauch,CODYMAUCH_19990115,Cody Mauch,OL,2025,TB,79.0,70.0,77.0,73.0,62.0,80.0,72.0,87.0
55914,Keeanu Benton,2023,DT,2001-07-17,Wisconsin,Big Ten Conference,2.0,18.0,49.0,DL,75.75,309,9.75,33.875,81.5,1.79,5.08,29.5,111.0,7.34,4.65,25.0,76,69.0,72.0,keeanu benton,KEEANUBENTON_20010617,Keeanu Benton,DL,2025,PIT,76.0,70.0,75.0,69.0,59.0,78.0,73.0,88.0
55915,Jayden Reed,2023,WR,2000-04-28,Michigan State,Big Ten Conference,2.0,19.0,50.0,WR,70.875,187,9.125,30.5,73.125,1.57,4.45,33.5,121.0,,4.29,,69,71.0,70.0,jayden reed,JAYDENREED_20000428,Jayden Reed,WR,2025,GB,81.0,94.0,94.0,89.0,91.0,80.0,83.0,58.0
55916,Cam Smith,2023,CB,2000-12-21,South Carolina,Southeastern Conference,2.0,20.0,51.0,DB,72.75,180,9.125,31.625,76.125,1.49,4.43,38.0,134.0,,,,76,79.0,81.0,cam smith,CAMSMITH_20001221,Cam Smith,DB,2025,MIA,69.0,91.0,95.0,90.0,87.0,68.0,90.0,45.0
55919,Tuli Tuipulotu,2023,OLB,2002-09-03,Southern California,Pacific Twelve Conference,2.0,23.0,54.0,DL,75.0,266,10.125,32.25,77.875,,,,,,,,58,82.0,74.0,tuli tuipulotu,TULITUIPULOTU_20090302,Tuli Tuipulotu,LB,2025,LAC,77.5907363454618,86.14779934953725,89.01679614667769,80.31057374744364,72.65640802907512,76.78163865413109,87.16357583195781,79.96219312708206
55920,Rashee Rice,2023,WR,2000-04-22,Southern Methodist,American Athletic Conference,2.0,24.0,55.0,WR,72.625,204,9.5,32.75,77.375,1.49,4.51,41.0,128.0,,,,79,79.0,82.0,rashee rice,RASHEERICE_20000422,Rashee Rice,WR,2025,KC,83.0,90.0,92.0,85.0,87.0,85.0,92.0,71.0
55921,Tyrique Stevenson,2023,CB,2000-05-26,Miami,Atlantic Coast Conference,2.0,25.0,56.0,DB,72.375,198,9.625,32.375,77.625,1.51,4.45,38.5,125.0,7.09,4.41,,75,71.0,75.0,tyrique stevenson,TYRIQUESTEVENSON_20000526,Tyrique Stevenson,DB,2025,CHI,75.0,91.0,95.0,82.0,79.0,69.0,91.0,60.0
55922,John Michael Schmitz,2023,C,1999-03-19,Minnesota,Big Ten Conference,2.0,26.0,57.0,OL,75.5,301,9.5,32.625,78.375,1.85,5.35,29.5,104.0,,4.56,26.0,63,97.0,84.0,john michael schmitz,JOHNMICHAELSCHMITZJR_19990319,John Michael Schmitz,OL,2025,NYG,72.51649984657035,66.30792154415963,73.82306722623332,62.13679574008563,57.25001084734004,82.90423738072843,80.99648914102318,85.66312056698374
55924,O'Cyrus Torrence,2023,G,2000-01-20,Florida,Southeastern Conference,2.0,28.0,59.0,OL,77.375,330,11.25,33.875,83.875,1.84,5.31,23.5,101.0,,4.81,23.0,68,87.0,82.0,o'cyrus torrence,O'CYRUSTORRENCE_20000120,O'Cyrus Torrence,OL,2025,BUF,73.0,61.0,68.0,50.0,51.0,74.0,61.0,91.0
55927,Juice Scruggs,2023,G,2000-01-19,Penn State,Big Ten Conference,2.0,31.0,62.0,OL,75.25,301,10.25,33.25,81.75,1.79,5.22,32.0,102.0,7.75,4.82,29.0,62,67.0,61.0,juice scruggs,JUICESCRUGGS_20000119,Juice Scruggs,OL,2025,HOU,74.0,65.0,74.0,60.0,58.0,75.0,78.0,87.0
55929,Zacch Pickens,2023,DT,2000-03-06,South Carolina,Southeastern Conference,3.0,1.0,64.0,DL,75.875,291,10.375,34.375,81.625,1.74,4.89,30.5,116.0,7.45,4.62,22.0,73,65.0,67.0,zacch pickens,ZACCHPICKENS_20000306,Zacch Pickens,DL,2025,CHI,68.0,76.0,83.0,69.0,60.0,68.0,75.0,81.0
55930,Tyler Steen,2023,G,2000-06-24,Alabama,Southeastern Conference,3.0,2.0,65.0,OL,78.0,321,10.5,32.75,80.5,,,29.5,109.0,,4.59,31.0,73,56.0,68.0,tyler steen,TYLERSTEEN_20000624,Tyler Steen,OL,2025,PHI,69.0,64.0,73.0,59.0,59.0,75.0,73.0,91.0
55931,Sydney Brown,2023,SS,2000-03-21,Illinois,Big Ten Conference,3.0,3.0,66.0,DB,69.75,211,10.25,31.5,76.0,1.51,4.47,40.5,130.0,,,23.0,90,68.0,74.0,sydney brown,SYDNEYBROWN_20000321,Sydney Brown,DB,2025,PHI,73.0,90.0,95.0,83.0,79.0,72.0,94.0,69.0
55934,Tank Dell,2023,WR,1999-10-29,Houston,American Athletic Conference,3.0,6.0,69.0,WR,68.375,165,8.625,30.5,72.625,1.49,4.49,,121.0,,,,64,81.0,77.0,tank dell,TANKDELL_19991029,Tank Dell,WR,2025,HOU,82.0,92.0,94.0,90.0,93.0,84.0,81.0,50.0
55938,Jalin Hyatt,2023,WR,2001-09-25,Tennessee,Southeastern Conference,3.0,10.0,73.0,WR,72.125,176,9.0,32.5,77.625,1.5,4.4,40.0,135.0,,,,85,84.0,85.0,jalin hyatt,JALINHYATT_20010925,Jalin Hyatt,WR,2025,NYG,71.0,94.0,95.0,82.0,83.0,68.0,90.0,57.0
55939,Cedric Tillman,2023,WR,2000-04-19,Tennessee,Southeastern Conference,3.0,11.0,74.0,WR,75.375,213,10.0,32.75,79.25,1.53,4.54,37.0,128.0,,,,72,76.0,78.0,cedric tillman,CEDRICTILLMAN_20000419,Cedric Tillman,WR,2025,CLE,72.0,88.0,90.0,79.0,77.0,77.0,88.0,70.0
55942,Byron Young,2023,OLB,1998-03-13,Tennessee,Southeastern Conference,3.0,14.0,77.0,DL,74.375,250,9.25,32.5,79.125,1.62,4.43,38.0,132.0,7.19,,22.0,81,67.0,71.0,byron young,,Byron Young,LB,2025,LAR,75.62647342657067,88.37677227345944,90.43128764423838,80.22113735070207,70.85264567790045,75.35069409759188,92.21546389319042,74.24545580875872
55943,Tucker Kraft,2023,TE,2000-11-03,South Dakota State,Missouri Valley Football Conference,3.0,15.0,78.0,TE,76.75,254,10.0,32.75,79.375,1.59,4.69,34.0,122.0,7.08,4.29,23.0,79,82.0,83.0,tucker kraft,TUCKERKRAFT_20001103,Tucker Kraft,TE,2025,GB,79.0,88.0,89.0,82.0,76.0,79.0,82.0,76.0
55947,YaYa Diaby,2023,OLB,1999-05-30,Louisville,Atlantic Coast Conference,3.0,19.0,82.0,DL,75.375,263,10.375,33.875,80.5,1.56,4.51,37.0,120.0,,,,84,66.0,70.0,yaya diaby,YAYADIABY_19990530,Yaya Diaby,LB,2025,TB,79.35640978261642,88.00213064071681,89.99300015568863,81.00160729184242,72.60643198659446,79.99114182624032,88.58883708373355,79.32287155430384
55948,Riley Moss,2023,CB,2000-03-02,Iowa,Big Ten Conference,3.0,20.0,83.0,DB,72.625,193,9.5,30.0,74.125,1.48,4.45,39.0,127.0,,,,85,71.0,77.0,riley moss,RILEYMOSS_20000303,Riley Moss,DB,2025,DEN,76.0,91.0,95.0,95.0,89.0,75.0,92.0,53.0
55958,Darnell Washington,2023,TE,2001-08-17,Georgia,Southeastern Conference,3.0,30.0,93.0,TE,78.625,264,11.0,34.375,83.75,1.57,4.64,31.0,122.0,,4.08,21.0,90,61.0,85.0,darnell washington,DARNELLWASHINGTON_20010817,Darnell Washington,TE,2025,PIT,76.0,84.0,86.0,86.0,79.0,69.0,88.0,81.0
55959,Michael Wilson,2023,WR,2000-02-23,Stanford,Pacific Twelve Conference,3.0,31.0,94.0,WR,73.875,213,9.75,31.0,75.125,1.5,4.58,37.5,125.0,,4.27,23.0,79,63.0,71.0,michael wilson,MICHAELWILSON_20000223,Michael Wilson,WR,2025,ARI,78.0,89.0,90.0,89.0,85.0,80.0,93.0,72.0
55960,Jordan Battle,2023,SS,2000-12-14,Alabama,Southeastern Conference,3.0,32.0,95.0,DB,73.0,209,8.5,32.0,74.625,1.56,4.55,,,,,17.0,56,75.0,76.0,jordan battle,JORDANBATTLE_20001214,Jordan Battle,DB,2025,CIN,76.0,88.0,92.0,77.0,79.0,77.0,75.0,63.0
55962,Ricky Stromberg,2023,C,2000-11-10,Arkansas,Southeastern Conference,3.0,34.0,97.0,OL,75.25,306,9.75,33.25,79.625,1.81,5.26,32.5,111.0,,,,78,70.0,76.0,ricky stromberg,RICKYSTROMBERG_20001110,Ricky Stromberg,OL,2025,CHI,69.0,64.0,75.0,67.0,59.0,71.0,79.0,83.0
55963,Siaki Ika,2023,DT,2000-11-07,Baylor,Big Twelve Conference,3.0,35.0,98.0,DL,74.875,335,10.25,32.375,75.875,1.88,5.39,,,7.8,4.99,,52,68.0,64.0,siaki ika,SIAKIIKA_20001108,Siaki Ika,DL,2025,KC,65.83754093886637,63.35409341813772,73.11284918838783,60.06642783168701,50.07398946621947,66.00361298216728,73.87141175017302,91.64372813240226
55965,Tre Tucker,2023,WR,2001-03-08,Cincinnati,American Athletic Conference,3.0,37.0,100.0,WR,68.625,182,8.625,28.875,70.375,1.48,4.4,37.5,124.0,,,,79,59.0,71.0,tre tucker,TRETUCKER_20010308,Tre Tucker,WR,2025,LV,74.0,95.0,93.0,85.0,82.0,71.0,87.0,53.0
55968,Nick Saldiveri,2023,G,2000-08-14,Old Dominion,Conference USA,4.0,1.0,103.0,OL,78.25,318,10.25,33.25,81.25,1.8,5.21,31.0,111.0,,4.69,24.0,81,61.0,70.0,nick saldiveri,NICKSALDIVERI_20000814,Nick Saldiveri,OL,2025,NO,63.0,65.0,78.0,61.0,61.0,68.0,76.0,84.0
55970,Kelee Ringo,2023,CB,2002-06-27,Georgia,Southeastern Conference,4.0,3.0,105.0,DB,73.75,207,8.5,31.25,74.125,1.54,4.36,33.5,122.0,,,,79,77.0,81.0,kelee ringo,KELEERINGO_20020627,Kelee Ringo,DB,2025,PHI,74.0,94.0,95.0,84.0,83.0,70.0,81.0,58.0
55971,Blake Freeland,2023,T,2001-05-03,Brigham Young,Independent,4.0,4.0,106.0,OL,79.875,302,10.0,33.875,81.875,1.68,4.98,37.0,120.0,7.46,4.71,,87,83.0,81.0,blake freeland,BLAKEFREELAND_20010503,Blake Freeland,OL,2025,IND,65.0,73.0,81.0,72.0,55.0,66.0,87.0,83.0
55973,Anthony Bradford,2023,G,2001-04-28,Louisiana State,Southeastern Conference,4.0,6.0,108.0,OL,76.0,332,9.5,33.5,80.375,1.74,5.08,30.0,106.0,7.84,4.8,34.0,81,65.0,67.0,anthony bradford,ANTHONYBRADFORD_20010428,Anthony Bradford,OL,2025,SEA,73.0,70.0,84.0,56.0,52.0,74.0,74.0,92.0
55974,Dylan Horton,2023,DE,2000-08-21,Texas Christian,Big Twelve Conference,4.0,7.0,109.0,DL,76.0,257,9.5,33.125,78.5,,,34.0,120.0,,,18.0,64,70.0,67.0,dylan horton,DYLANHORTON_20000821,Dylan Horton,DL,2025,HOU,67.0,81.0,82.0,70.0,65.0,68.0,82.0,73.0
55975,Adetomiwa Adebawore,2023,DT,2001-03-04,Northwestern,Big Ten Conference,4.0,8.0,110.0,DL,73.625,282,10.5,33.875,81.625,1.61,4.49,37.5,125.0,,,27.0,90,64.0,74.0,adetomiwa adebawore,ADETOMIWAADEBAWORE_20010304,Adetomiwa Adebawore,DL,2025,IND,64.0,89.0,92.0,79.0,73.0,60.0,88.0,84.0
55976,Dawand Jones,2023,T,2001-08-06,Ohio State,Big Ten Conference,4.0,9.0,111.0,OL,80.25,374,11.625,36.375,87.875,1.92,5.35,,,,,,57,87.0,79.0,dawand jones,DAWANDJONES_20010806,Dawand Jones,OL,2025,CLE,70.0,61.0,65.0,42.0,45.0,75.0,70.0,95.0
55982,Sidy Sow,2023,G,1998-06-10,Eastern Michigan,Mid-American Conference,4.0,15.0,117.0,OL,76.75,323,10.375,33.625,81.0,1.8,5.07,32.0,110.0,7.62,4.69,,87,58.0,64.0,sidy sow,SIDYSOW_19980608,Sidy Sow,OL,2025,NE,64.0,73.0,70.0,63.0,54.0,72.0,78.0,87.0
55983,Braeden Daniels,2023,G,2000-08-22,Utah,Pacific Twelve Conference,4.0,16.0,118.0,OL,75.625,294,9.375,33.0,81.875,1.71,4.99,30.5,109.0,7.53,4.6,,83,62.0,72.0,braeden daniels,BRAEDENDANIELS_20000822,Braeden Daniels,OL,2025,MIA,67.0,73.0,80.0,66.0,60.0,75.0,75.0,79.0
55984,Chamarri Conner,2023,SS,2000-07-11,Virginia Tech,Atlantic Coast Conference,4.0,17.0,119.0,DB,72.0,202,9.0,31.375,76.125,1.56,4.51,40.5,125.0,,,20.0,78,61.0,66.0,chamarri conner,CHAMARRICONNER_20000711,Chamarri Conner,DB,2025,KC,76.0,89.0,92.0,86.0,81.0,75.0,94.0,66.0
55988,Cameron Young,2023,NT,2000-06-08,Mississippi State,Southeastern Conference,4.0,21.0,123.0,DL,75.375,304,10.0,34.5,82.0,1.8,5.1,,,,,,58,61.0,59.0,cameron young,CAMERONYOUNG_20000608,Cameron Young,DL,2025,GB,66.17532407226099,67.35844389557701,72.90888969614116,61.77802404894243,54.36120778036923,64.1219052157057,76.25026330705884,88.16583034515006
55989,Tavius Robinson,2023,OLB,1999-01-03,Mississippi,Southeastern Conference,4.0,22.0,124.0,DL,78.125,257,9.625,33.75,79.25,1.63,4.66,33.5,120.0,,4.62,23.0,69,62.0,66.0,tavius robinson,TAVIUSROBINSON_19990103,Tavius Robinson,LB,2025,BAL,72.37480987498105,83.3565790578757,88.41502942912359,79.33939729375038,68.90809128463076,73.86621946226,84.09558102593633,78.65743886683632
55990,Derius Davis,2023,WR,2000-09-11,Texas Christian,Big Twelve Conference,4.0,23.0,125.0,WR,68.375,165,8.0,29.25,69.0,1.46,4.36,,,,4.38,,78,56.0,70.0,derius davis,DERIUSDAVIS_20000911,Derius Davis,WR,2025,LAC,70.0,94.0,94.0,82.0,83.0,60.0,77.0,63.0
55991,Isaiah McGuire,2023,DE,2001-07-27,Missouri,Southeastern Conference,4.0,24.0,126.0,DL,76.375,268,8.625,33.875,82.0,1.72,4.76,36.5,122.0,7.39,,,72,73.0,71.0,isaiah mcguire,ISAIAHMCGUIRE_20010727,Isaiah McGuire,DL,2025,CLE,70.0,79.0,88.0,75.0,66.0,66.0,86.0,79.0
55995,Tyler Lacy,2023,DE,1999-11-10,Oklahoma State,Big Twelve Conference,4.0,28.0,130.0,DL,76.375,279,10.875,33.25,78.375,1.72,5.11,28.5,116.0,7.6,,30.0,66,64.0,65.0,tyler lacy,TYLERLACY_19991110,Tyler Lacy,DL,2025,JAX,68.0,69.0,81.0,65.0,58.0,64.0,71.0,86.0
55998,Tyler Scott,2023,WR,2001-10-12,Cincinnati,American Athletic Conference,4.0,31.0,133.0,WR,69.875,177,9.0,30.875,72.75,1.51,4.44,39.5,133.0,,,,76,69.0,75.0,tyler scott,TYLERSCOTT_20011012,Tyler Scott,WR,2025,CHI,71.0,92.0,93.0,84.0,87.0,71.0,91.0,53.0
55999,Jay Ward,2023,SS,2000-07-13,Louisiana State,Southeastern Conference,4.0,32.0,134.0,DB,72.75,188,8.25,32.5,76.875,1.53,4.55,34.5,132.0,,,16.0,63,65.0,66.0,jay ward,JAYWARD_20000713,Jay Ward,DB,2025,MIN,69.0,87.0,93.0,79.0,83.0,69.0,86.0,58.0
56001,Yasir Abdullah,2023,OLB,2000-04-12,Louisville,Atlantic Coast Conference,5.0,1.0,136.0,DL,72.625,237,9.25,32.375,79.125,1.56,4.47,36.5,129.0,,,,79,76.0,71.0,yasir abdullah,YASIRABDULLAH_20000412,Yasir Abdullah,LB,2025,JAX,69.39855318017618,89.14531082219946,91.09690530356328,81.66298326525623,75.94580463840225,67.08464838315297,88.83740772318583,73.42135251374141
56003,Darius Rush,2023,CB,2000-02-22,South Carolina,Southeastern Conference,5.0,4.0,138.0,DB,73.875,198,9.5,33.375,79.625,1.51,4.36,35.0,121.0,,,,80,68.0,75.0,darius rush,DARIUSRUSH_20000222,Darius Rush,DB,2025,KC,69.0,93.0,93.0,85.0,81.0,60.0,84.0,53.0
56007,Cameron Mitchell,2023,CB,2001-09-08,Northwestern,Big Ten Conference,5.0,8.0,142.0,DB,70.75,191,9.75,31.375,76.125,1.48,4.47,35.0,,,,15.0,77,59.0,66.0,cameron mitchell,CAMERONMITCHELL_20010908,Cameron Mitchell,DB,2025,CLE,70.0,90.0,93.0,87.0,89.0,68.0,84.0,61.0
56010,Jammie Robinson,2023,SS,2001-01-24,Florida State,Atlantic Coast Conference,5.0,11.0,145.0,DB,70.625,191,8.75,29.625,72.25,1.58,4.59,33.5,116.0,,,23.0,60,77.0,74.0,jammie robinson,JAMMIEROBINSON_20010124,Jammie Robinson,DB,2025,ARI,68.0,86.0,93.0,87.0,81.0,66.0,81.0,67.0
56012,Josh Whyle,2023,TE,1999-09-08,Cincinnati,American Athletic Conference,5.0,13.0,147.0,TE,78.5,248,9.5,31.5,77.375,1.61,4.69,33.5,115.0,,,,71,69.0,73.0,josh whyle,JOSHWHYLE_19990908,Josh Whyle,TE,2025,TEN,69.0,83.0,85.0,83.0,71.0,70.0,85.0,71.0
56015,Justin Shorter,2023,WR,2000-04-17,Florida,Southeastern Conference,5.0,16.0,150.0,WR,76.25,229,10.0,33.75,82.375,1.59,4.55,35.5,126.0,,,18.0,72,56.0,66.0,justin shorter,JUSTINSHORTER_20000417,Justin Shorter,TE,2025,LV,64.0,87.0,88.0,77.0,74.0,52.0,88.0,69.0
56021,Jordan McFadden,2023,G,1999-11-16,Clemson,Atlantic Coast Conference,5.0,22.0,156.0,OL,74.25,303,9.5,34.0,81.0,1.74,4.99,28.5,,7.7,4.81,,72,74.0,69.0,jordan mcfadden,JORDANMCFADDEN_19991116,Jordan McFadden,OL,2025,CHI,65.0,73.0,76.0,61.0,54.0,73.0,71.0,82.0
56023,Daniel Scott,2023,SS,1998-10-26,California,Pacific Twelve Conference,5.0,24.0,158.0,DB,72.875,208,10.0,30.25,74.375,1.55,4.45,39.5,128.0,6.75,4.17,22.0,88,63.0,71.0,daniel scott,DANIELSCOTT_19981026,Daniel Scott,DB,2025,IND,68.0,91.0,93.0,91.0,86.0,64.0,93.0,67.0
56025,Antonio Johnson,2023,SS,2001-10-29,Texas A&M,Southeastern Conference,5.0,26.0,160.0,DB,73.875,198,9.75,32.125,77.875,1.57,4.52,31.0,118.0,,,8.0,61,77.0,79.0,antonio johnson,ANTONIOJOHNSON_20011029,Antonio Johnson,DB,2025,JAX,71.0,88.0,92.0,80.0,80.0,69.0,76.0,55.0
56026,Nick Hampton,2023,OLB,2000-04-05,Appalachian State,Sun Belt Conference,5.0,27.0,161.0,DL,74.25,236,9.5,33.625,80.625,1.65,4.58,35.5,120.0,,,,61,72.0,67.0,nick hampton,NICKHAMPTON_20000405,Nick Hampton,LB,2025,LAR,66.82602119079813,84.5585742192751,88.193589813578,79.2401407598793,73.09828948720201,64.75103736445053,84.10378440333079,75.19517959905508
56027,Will Mallory,2023,TE,1999-06-22,Miami,Atlantic Coast Conference,5.0,28.0,162.0,TE,76.5,239,9.375,32.25,78.25,1.59,4.54,36.5,121.0,,,20.0,73,68.0,69.0,will mallory,WILLMALLORY_19990602,Will Mallory,TE,2025,IND,65.0,87.0,89.0,77.0,73.0,66.0,87.0,72.0
56034,Asim Richards,2023,T,2000-10-02,North Carolina,Atlantic Coast Conference,5.0,35.0,169.0,OL,76.25,309,10.0,34.0,82.75,,,,,,,,68,60.0,66.0,asim richards,ASIMRICHARDS_20001002,Asim Richards,OL,2025,DAL,65.0,67.0,73.0,59.0,51.0,67.0,72.0,87.0
56036,Payne Durham,2023,TE,2000-06-15,Purdue,Big Ten Conference,5.0,37.0,171.0,TE,77.625,253,9.75,33.375,80.375,1.61,4.87,34.5,117.0,,,,65,70.0,69.0,payne durham,PAYNEDURHAM_20000615,Payne Durham,TE,2025,TB,63.0,77.0,84.0,80.0,67.0,59.0,83.0,73.0
56040,Davis Allen,2023,TE,2001-02-03,Clemson,Atlantic Coast Conference,5.0,41.0,175.0,TE,77.875,245,10.0,32.25,79.75,1.6,4.84,38.5,125.0,,,,60,,,davis allen,DAVISALLEN_20010203,Davis Allen,TE,2025,LAR,66.0,82.0,88.0,78.0,71.0,72.0,89.0,69.0
56042,Puka Nacua,2023,WR,2001-05-29,Brigham Young,Independent,5.0,43.0,177.0,WR,73.625,201,9.5,31.5,74.875,,,,,,,,56,72.0,65.0,puka nacua,PUKANACUA_20010529,Puka Nacua,WR,2025,LAR,88.0,93.0,92.0,88.0,91.0,90.0,93.0,65.0
56045,Kei'Trel Clark,2023,CB,2001-03-19,Louisville,Atlantic Coast Conference,6.0,3.0,180.0,DB,70.25,181,8.25,29.625,72.375,1.49,4.42,34.5,122.0,,4.21,,70,68.0,69.0,kei'trel clark,KEI'TRELCLARK_20010319,Kei'Trel Clark,DB,2025,ARI,71.0,92.0,95.0,90.0,87.0,70.0,83.0,51.0
56052,Kayshon Boutte,2023,WR,2002-05-07,Louisiana State,Southeastern Conference,6.0,10.0,187.0,WR,71.25,195,9.5,31.375,76.875,1.58,4.5,29.0,118.0,,4.25,,57,69.0,71.0,kayshon boutte,KAYSHONBOUTTE_20020507,Kayshon Boutte,WR,2025,NE,74.0,90.0,90.0,86.0,84.0,78.0,83.0,56.0
56055,Luke Wypler,2023,C,2001-05-03,Ohio State,Big Ten Conference,6.0,13.0,190.0,OL,74.625,303,9.625,31.625,77.125,1.83,5.14,30.5,106.0,7.64,4.53,29.0,81,78.0,80.0,luke wypler,LUKEWYPLER_20010503,Luke Wypler,OL,2025,CLE,66.0,68.0,77.0,63.0,59.0,72.0,75.0,85.0
56056,Trey Palmer,2023,WR,2001-04-02,Nebraska,Big Ten Conference,6.0,14.0,191.0,WR,72.25,192,9.625,31.875,76.125,1.51,4.33,,,,,,76,68.0,73.0,trey palmer,TREYPALMER_20010402,Trey Palmer,WR,2025,TB,73.0,95.0,92.0,80.0,86.0,76.0,79.0,54.0
56059,Keondre Coburn,2023,NT,2000-05-23,Texas,Big Twelve Conference,6.0,17.0,194.0,DL,73.625,332,9.125,31.5,76.625,1.82,5.22,27.5,101.0,,,24.0,70,68.0,69.0,keondre coburn,KEONDRECOBURN_20000523,Keondre Coburn,DL,2025,LV,66.35012502656696,63.99217939726657,72.8670719304323,58.55525257883989,54.39543654059594,68.9161759698959,69.62450076079358,87.32730630852777
56060,A.T. Perry,2023,WR,1999-10-26,Wake Forest,Atlantic Coast Conference,6.0,18.0,195.0,WR,75.5,198,9.25,33.25,81.625,1.59,4.47,35.0,133.0,,,,75,79.0,80.0,a.t. perry,A.T.PERRY_19991026,A.T. Perry,WR,2025,DEN,70.0,90.0,93.0,85.0,81.0,67.0,86.0,68.0
56061,Jose Ramirez,2023,OLB,1999-05-09,Eastern Michigan,Mid-American Conference,6.0,19.0,196.0,DL,73.875,242,8.75,32.75,78.625,1.63,4.73,34.5,118.0,6.95,4.3,21.0,63,74.0,66.0,jose ramirez,JOSERAMIREZ_19990509,Jose Ramirez,LB,2025,TB,65.31066708685324,82.76505359431246,87.01129299593936,78.72595158079062,72.35124681607499,62.99316199435236,82.98329320579842,75.47460373578986
56062,Elijah Higgins,2023,TE,2000-10-27,Stanford,Pacific Twelve Conference,6.0,20.0,197.0,WR,75.0,235,10.5,31.75,77.75,1.56,4.54,35.0,126.0,7.01,,,77,59.0,70.0,elijah higgins,ELIJAHHIGGINS_20001027,Elijah Higgins,TE,2025,ARI,65.0,89.0,90.0,81.0,76.0,56.0,84.0,69.0
56066,Jarrett Patterson,2023,C,1999-09-01,Notre Dame,Independent,6.0,24.0,201.0,OL,77.125,306,10.0,31.375,77.0,1.82,5.33,29.5,106.0,7.96,4.73,22.0,58,78.0,73.0,jarrett patterson,JARRETTPATTERSON_19990901,Jarrett Patterson,OL,2025,HOU,72.0,61.0,71.0,54.0,52.0,78.0,73.0,83.0
56070,Xavier Hutchinson,2023,WR,2000-06-01,Iowa State,Big Twelve Conference,6.0,28.0,205.0,WR,73.875,203,9.375,31.375,74.875,1.55,4.53,36.0,116.0,6.91,4.35,,64,76.0,71.0,xavier hutchinson,XAVIERHUTCHINSON_20000601,Xavier Hutchinson,WR,2025,HOU,69.0,88.0,89.0,86.0,83.0,70.0,86.0,62.0
56071,Andrei Iosivas,2023,WR,1999-10-15,Princeton,Ivy League,6.0,29.0,206.0,WR,75.125,205,8.75,32.0,76.75,1.52,4.43,39.0,128.0,6.85,4.12,19.0,87,74.0,77.0,andrei iosivas,ANDREIIOSIVAS_19991015,Andrei Iosivas,WR,2025,CIN,71.0,92.0,91.0,89.0,87.0,72.0,90.0,67.0
56075,Demario Douglas,2023,WR,2000-12-08,Liberty,Independent,6.0,33.0,210.0,WR,68.25,179,8.75,30.25,72.5,1.54,4.44,39.5,134.0,,4.29,,72,63.0,66.0,demario douglas,DEMARIODOUGLAS_20001208,DeMario Douglas,WR,2025,NE,78.0,91.0,93.0,88.0,90.0,79.0,89.0,57.0
56078,Dante Stills,2023,DE,1999-12-14,West Virginia,Big Twelve Conference,6.0,36.0,213.0,DL,75.5,286,9.625,32.375,78.0,1.72,4.85,28.5,113.0,7.38,4.61,20.0,71,64.0,65.0,dante stills,DANTESTILLS_19991214,Dante Stills,DL,2025,ARI,70.0,76.0,83.0,71.0,60.0,74.0,71.0,80.0
56084,Antoine Green,2023,WR,1999-11-15,North Carolina,Atlantic Coast Conference,7.0,2.0,219.0,WR,73.75,199,9.0,32.125,76.75,1.54,4.47,33.5,123.0,6.99,4.27,,70,63.0,64.0,antoine green,ANTOINEGREEN_19991115,Antoine Green,WR,2025,DET,65.56997104124709,89.20687714064553,90.18048991196235,83.63711340766389,81.19384075924495,60.74662737251742,81.4147723765875,63.614264949423095
56085,Zack Kuntz,2023,TE,1999-06-04,Old Dominion,Conference USA,7.0,3.0,220.0,TE,79.375,255,10.25,34.0,83.125,1.57,4.55,40.0,128.0,6.87,4.12,23.0,97,65.0,79.0,zack kuntz,ZACKKUNTZ_19990606,Zack Kuntz,TE,2025,NYJ,62.0,85.0,90.0,85.0,78.0,56.0,92.0,70.0
56086,Jaylon Jones,2023,CB,2002-04-03,Texas A&M,Southeastern Conference,7.0,4.0,221.0,DB,74.125,200,9.0,30.75,76.75,1.48,4.57,38.0,122.0,6.88,4.3,14.0,71,65.0,71.0,jaylon jones,,Jaylon Jones,DB,2025,IND,75.0,89.0,93.0,87.0,81.0,75.0,90.0,62.0
56089,DeMarcco Hellams,2023,SS,2000-06-05,Alabama,Southeastern Conference,7.0,7.0,224.0,DB,72.625,203,9.0,31.0,74.875,1.57,4.57,31.0,121.0,,,,57,63.0,63.0,demarcco hellams,DEMARCCOHELLAMS_20000605,DeMarcco Hellams,DB,2025,ATL,69.0,87.0,92.0,76.0,74.0,69.0,76.0,70.0
56090,Jovaughn Gwyn,2023,C,1999-03-18,South Carolina,Southeastern Conference,7.0,8.0,225.0,OL,73.875,297,9.875,31.75,77.0,1.8,5.12,27.5,109.0,7.9,4.8,34.0,70,61.0,61.0,jovaughn gwyn,JOVAUGHNGWYN_19990318,Jovaughn Gwyn,OL,2025,ATL,62.0,68.0,77.0,57.0,54.0,71.0,69.0,89.0
56095,Nick Broeker,2023,G,2000-10-07,Mississippi,Southeastern Conference,7.0,13.0,230.0,OL,76.375,305,9.75,32.5,76.625,1.84,5.27,,,7.75,4.7,,66,56.0,64.0,nick broeker,NICKBROEKER_20001007,Nick Broeker,OL,2025,PIT,63.0,63.0,74.0,60.0,56.0,72.0,68.0,81.0
56096,Nesta Jade Silvera,2023,DT,2000-01-23,Arizona State,Pacific Twelve Conference,7.0,14.0,231.0,DL,74.0,304,9.875,32.875,78.625,1.77,5.16,29.5,110.0,,,,60,63.0,58.0,nesta jade silvera,NESTAJADESILVERA_20000123,Nesta Jade Silvera,DL,2025,LAC,65.11438721435013,68.61016131961208,75.90123862171458,63.04716348042598,57.62735322901972,66.0296338258297,73.9318037322621,84.7694235993134
56099,Jason Taylor,2023,FS,1999-12-30,Oklahoma State,Big Twelve Conference,7.0,17.0,234.0,DB,71.625,204,10.0,32.0,78.25,1.52,4.5,43.0,129.0,,,14.0,84,61.0,66.0,jason taylor,JASONTAYLORII_19991230,Jason Taylor,DB,2025,KC,66.25381786367848,88.98017614290879,90.58672280229968,84.77813970369864,83.70864072654769,64.8501735556788,93.14385698311156,61.60390374616645
56103,Ryan Hayes,2023,T,2000-02-28,Michigan,Big Ten Conference,7.0,21.0,238.0,OL,78.375,298,10.0,32.5,79.0,1.78,5.18,30.0,103.0,7.39,,,73,61.0,69.0,ryan hayes,RYANHAYES_20000228,Ryan Hayes,OL,2025,MIA,63.0,66.0,78.0,71.0,58.0,70.0,74.0,78.0
56107,Anthony Johnson,2023,FS,1999-12-02,Iowa State,Big Twelve Conference,7.0,25.0,242.0,DB,71.625,205,8.75,31.25,75.875,1.55,4.54,37.5,125.0,,,,70,58.0,62.0,anthony johnson,,Anthony Johnson,DB,2024,ATL,65.54911567243971,89.6198287237467,91.20906004599613,83.22019976989964,82.24054278092046,62.08820797897545,86.65841854267762,62.67154489537978
56109,Jalen Brooks,2023,WR,2000-05-07,South Carolina,Southeastern Conference,7.0,27.0,244.0,WR,73.0,201,9.5,34.125,80.25,1.56,4.69,35.0,130.0,7.15,4.31,,59,50.0,53.0,jalen brooks,JALENBROOKS_20000507,Jalen Brooks,WR,2025,DAL,67.0,86.0,90.0,80.0,81.0,72.0,84.0,61.0
56112,Brayden Willis,2023,TE,1999-11-11,Oklahoma,Big Twelve Conference,7.0,30.0,247.0,TE,75.5,241,9.75,33.25,79.125,,,32.0,117.0,7.3,4.36,20.0,61,58.0,55.0,brayden willis,BRAYDENWILLIS_19991111,Brayden Willis,TE,2025,SF,63.0,84.0,85.0,79.0,74.0,47.0,83.0,76.0
56113,Brandon Hill,2023,SS,2000-09-06,Pittsburgh,Atlantic Coast Conference,7.0,31.0,248.0,DB,70.375,193,9.5,30.75,74.125,1.5,4.43,35.5,123.0,,,15.0,80,50.0,60.0,brandon hill,BRANDONHILL_20000906,Brandon Hill,DB,2025,HOU,65.49463697513227,90.30082245733738,91.18346657460133,84.7993597950153,84.05762417979469,64.46331608364949,84.20349832519969,59.99704617847874
56117,Alex Austin,2023,CB,2001-05-22,Oregon State,Pacific Twelve Conference,7.0,35.0,252.0,DB,73.0,195,8.5,31.875,76.25,1.54,4.55,33.0,122.0,,4.33,,64,62.0,65.0,alex austin,ALEXAUSTIN_20010522,Alex Austin,DB,2025,NE,70.0,88.0,90.0,85.0,83.0,76.0,80.0,49.0
56118,Ronnie Bell,2023,WR,2000-01-28,Michigan,Big Ten Conference,7.0,36.0,253.0,WR,71.625,191,9.5,31.0,75.0,1.52,4.54,38.5,120.0,6.98,4.15,14.0,65,65.0,64.0,ronnie bell,RONNIEBELL_20000128,Ronnie Bell,WR,2025,DET,69.0,88.0,90.0,90.0,90.0,62.0,91.0,58.0
56119,Gervarrius Owens,2023,FS,1999-10-14,Houston,American Athletic Conference,7.0,37.0,254.0,DB,72.375,195,9.5,32.0,78.0,,,37.5,125.0,,,15.0,78,56.0,64.0,gervarrius owens,GERVARRIUSOWENS_19991014,Gervarrius Owens,DB,2025,MIN,64.32602566481825,89.5386180419585,90.56171615831,83.08910066437457,82.02604947894253,63.858625928957736,88.36528137575652,61.23259444276994
56121,Grant DuBose,2023,WR,2001-06-20,North Carolina-Charlotte,American Athletic Conference,7.0,39.0,256.0,WR,74.375,201,9.5,31.875,77.875,1.52,4.57,35.0,125.0,6.89,4.32,,70,63.0,64.0,grant dubose,GRANTDUBOSE_20010620,Grant DuBose,WR,2024,MIA,65.2018202150732,88.09455086150008,89.7355280828883,83.24126677868725,81.28691865769224,60.66604480441549,83.75145677245371,66.38685035979208
56250,Trey Dean,2023,SS,2000-02-29,Florida,Southeastern Conference,,,,DB,74.125,200,9.25,31.75,76.625,1.6,4.75,36.5,124.0,,,25.0,55,64.0,62.0,trey dean,TREYDEANIII_20000228,Trey Dean,DB,2025,CLE,64.2388937318907,84.59499163527155,88.57395442881142,82.71382384512808,83.02464285776705,64.94318314304178,86.36825738815989,71.90839004778888
56361,Jaray Jenkins,2023,WR,2000-01-04,Louisiana State,Southeastern Conference,,,,WR,73.625,204,10.0,31.75,75.75,1.56,4.6,29.5,,,,20.0,51,54.0,52.0,jaray jenkins,,Jaray Jenkins,WR,2024,PIT,64.26529636133456,87.55350274230979,90.02722022336819,82.31421554637507,81.02603085727742,57.53416192292025,76.70192095001562,70.51765877417296
56232,Bryce Ford-Wheaton,2023,WR,2000-04-09,West Virginia,Big Twelve Conference,,,,WR,75.75,221,9.375,33.5,82.25,1.54,4.38,41.0,129.0,6.97,4.15,,91,59.0,73.0,bryce ford-wheaton,BRYCEFORD-WHEATON_20000309,Bryce Ford-Wheaton,WR,2025,NYG,68.0,92.0,93.0,84.0,84.0,65.0,92.0,68.0
56248,Jason Brownlee,2023,WR,1999-01-30,Southern Mississippi,Conference USA,,,,WR,74.0,198,9.75,33.75,80.375,1.52,4.59,39.5,131.0,,,16.0,71,63.0,63.0,jason brownlee,JASONBROWNLEE_19990130,Jason Brownlee,WR,2025,KC,67.0,86.0,92.0,86.0,81.0,58.0,93.0,64.0
56344,Connor Galvin,2023,T,1999-03-11,Baylor,Big Twelve Conference,,,,OL,78.625,293,9.0,32.375,78.375,1.81,5.48,30.5,104.0,8.0,4.92,29.0,64,63.0,64.0,connor galvin,CONNORGALVIN_20000311,Connor Galvin,OL,2024,DET,61.0,56.0,71.0,52.0,48.0,66.0,75.0,87.0
56461,Tyrus Wheat,2023,DE,1999-12-08,Mississippi State,Southeastern Conference,,,,DL,74.0,263,9.0,32.875,78.5,1.59,4.65,28.5,113.0,,4.54,,67,61.0,61.0,tyrus wheat,TYRUSWHEAT_19991208,Tyrus Wheat,DL,2025,DAL,65.85554228589365,82.86440719245422,83.3026421483712,71.86875286698569,64.69146199004547,63.73758876308966,76.37114494467028,77.98894012953883
56347,Brandon Joseph,2023,SS,2001-02-05,Notre Dame,Independent,,,,DB,72.375,202,9.0,30.875,74.75,1.56,4.62,30.5,118.0,7.08,4.23,17.0,56,68.0,64.0,brandon joseph,BRANDONJOSEPH_20020501,Brandon Joseph,DB,2024,DET,64.0,85.0,88.0,89.0,85.0,65.0,83.0,60.0
56456,Isaiah Land,2023,DE,2000-02-05,Florida A&M,Southwestern Athletic Conference,,,,DL,75.5,236,9.25,32.5,77.5,1.65,4.62,34.5,126.0,7.2,4.56,21.0,61,64.0,61.0,isaiah land,ISAIAHLAND_20000205,Isaiah Land,DL,2025,IND,64.0,85.0,90.0,77.0,70.0,59.0,83.0,69.0
56563,Jacob Copeland,2023,WR,1999-06-20,Maryland,Big Ten Conference,,,,WR,71.25,201,8.625,31.625,76.75,1.51,4.42,33.0,127.0,7.01,4.47,20.0,78,53.0,66.0,jacob copeland,,Jacob Copeland,WR,2024,PIT,64.01508411205167,89.70735480503046,91.17115664414467,82.36030725542702,79.74637765201328,57.05016484497207,79.6806572545621,66.45768327161423
56510,Thomas Incoom,2023,OLB,1999-02-19,Central Michigan,Mid-American Conference,,,,DL,74.0,262,8.75,33.25,78.875,1.65,4.66,30.5,118.0,,,23.0,74,71.0,67.0,thomas incoom,THOMASINCOOM_19990219,Thomas Incoom,LB,2025,CAR,63.04016374305775,80.87131988337768,85.3612468239138,76.56966595918448,71.03141635061002,59.27962313997568,76.72940532713517,78.6103156581687
56629,Anthony Johnson,2023,CB,1999-06-12,Virginia,Atlantic Coast Conference,,,,DB,73.625,205,8.625,32.625,77.25,1.59,4.63,30.5,116.0,,,15.0,57,66.0,65.0,anthony johnson,,Anthony Johnson,DB,2024,ATL,65.54911567243971,89.6198287237467,91.20906004599613,83.22019976989964,82.24054278092046,62.08820797897545,86.65841854267762,62.67154489537978
56451,Earl Bostick,2023,T,1998-12-31,Kansas,Big Twelve Conference,,,,OL,77.75,309,9.5,34.125,80.75,1.74,5.05,31.0,111.0,,,,82,59.0,69.0,earl bostick,,Earl Bostick,OL,2025,DAL,63.056340390707646,69.07832966838043,71.48024817749115,60.37825312504543,50.53924929954297,65.83527629488685,75.27238138419807,84.9389759940893
56239,Joseph Ngata,2023,WR,2001-01-09,Clemson,Atlantic Coast Conference,,,,WR,75.125,217,10.25,33.125,80.375,1.59,4.54,34.5,124.0,,,,69,50.0,57.0,joseph ngata,,Joseph Ngata,WR,2024,PHI,64.8061307471044,87.3473915240694,88.92914684398264,82.63511117580754,79.80842290074474,58.37253197078644,82.30991382201228,70.40723953772734
56581,Jerrod Clark,2023,DT,1999-11-16,Coastal Carolina,Sun Belt Conference,,,,DL,75.625,334,9.75,33.75,82.0,1.82,5.25,27.5,102.0,7.6,4.83,,71,59.0,64.0,jerrod clark,JERRODCLARK_19991116,Jerrod Clark,DL,2025,CAR,64.83936303079975,62.58884782450059,70.80616153023618,58.23044086580472,50.06672446221728,67.12313566389378,67.1973103862399,88.50553630982651
56220,Malik Heath,2023,WR,2000-03-31,Mississippi,Southeastern Conference,,,,WR,74.375,213,9.125,32.5,79.875,1.53,4.64,34.0,124.0,6.96,4.46,,69,60.0,62.0,malik heath,MALIKHEATH_20000303,Malik Heath,WR,2025,GB,66.0,87.0,91.0,85.0,79.0,66.0,84.0,64.0
56497,Jalen Redmond,2023,DE,1999-03-12,Oklahoma,Big Twelve Conference,,,,DL,74.375,291,10.125,32.625,78.25,1.71,4.81,34.5,116.0,7.3,4.51,27.0,87,66.0,66.0,jalen redmond,,Jalen Redmond,DL,2025,MIN,72.0,79.0,85.0,74.0,64.0,70.0,83.0,85.0
56471,Jake Bobo,2023,WR,1998-08-04,UCLA,Pacific Twelve Conference,,,,WR,76.0,206,10.0,32.25,78.25,,,,,,,,51,60.0,54.0,jake bobo,JAKEBOBO_19980804,Jake Bobo,WR,2025,SEA,69.0,85.0,86.0,80.0,77.0,73.0,88.0,62.0
56203,Tashawn Manning,2023,G,1998-05-23,Kentucky,Southeastern Conference,,,,OL,75.125,327,9.75,34.5,82.5,1.85,5.34,27.5,102.0,7.9,4.8,,75,61.0,64.0,tashawn manning,,Tashawn Manning,OL,2025,CIN,63.433151822414,60.50048110557543,64.55538768865176,52.6660930834762,48.7865381683344,66.29937234173326,68.59620296106732,87.47862850118125
56543,Kaevon Merriweather,2023,SS,1999-12-20,Iowa,Big Ten Conference,,,,DB,72.0,205,9.25,31.875,77.125,1.58,4.62,35.5,118.0,,,,62,61.0,63.0,kaevon merriweather,KAEVONMERRIWEATHER_19991220,Kaevon Merriweather,DB,2025,TB,66.0,85.0,93.0,79.0,83.0,67.0,85.0,63.0
56207,Travis Vokolek,2023,TE,1998-06-04,Nebraska,Big Ten Conference,,,,TE,78.125,259,9.5,32.875,79.125,,,,115.0,,,20.0,64,52.0,59.0,travis vokolek,TRAVISVOKOLEK_o_te,Travis Vokolek,TE,2025,ARI,60.45937959454773,80.46105071571799,83.90525073361673,77.7314054788043,72.10347687706776,58.08537118296999,82.52132797220537,73.87667476048637
56645,Dalton Wagner,2023,T,1998-10-05,Arkansas,Southeastern Conference,,,,OL,80.0,320,10.5,34.375,83.25,,,24.5,102.0,,,24.0,60,60.0,61.0,dalton wagner,,Dalton Wagner,OL,2025,LV,62.29517350649621,66.16899069108365,69.74758582616437,58.64274510446285,49.17944920105328,65.94283767645811,67.61717687650935,83.67749539990615
56408,Lonnie Phelps,2023,DE,2000-08-24,Kansas,Big Twelve Conference,,,,DL,74.375,244,9.25,32.375,75.375,1.62,4.55,,,,,31.0,70,67.0,67.0,lonnie phelps,,Lonnie Phelps,DL,2024,CLE,66.1380573787726,86.1600980603256,86.20218102564775,75.8036522402052,67.85465338485221,59.69482880548912,83.3721611221846,78.52726868392563
56571,Caleb Murphy,2023,OLB,1999-12-15,Ferris State,Great Lakes Intercollegiate Athletic Conference,,,,DL,75.25,254,10.25,32.75,79.25,1.65,4.81,28.5,119.0,7.28,4.45,,59,52.0,53.0,caleb murphy,CALEBMURPHY_19991215,Caleb Murphy,LB,2025,LAC,62.14577474582239,82.63400242419647,86.54388013765436,76.84477214436177,71.18573516537549,58.378987917743984,82.7499291118325,74.25446474020964
56541,Rakim Jarrett,2023,WR,2001-01-24,Maryland,Big Ten Conference,,,,WR,71.875,192,9.375,31.375,75.875,1.51,4.44,35.5,123.0,,,13.0,77,61.0,71.0,rakim jarrett,RAKIMJARRETT_20010124,Rakim Jarrett,WR,2025,TB,68.0,91.0,90.0,86.0,83.0,67.0,83.0,65.0
56572,John Ojukwu,2023,T,1999-01-09,Boise State,Mountain West Conference,,,,OL,77.75,309,10.75,34.0,83.625,1.81,5.24,28.5,104.0,7.52,4.52,26.0,79,51.0,59.0,john ojukwu,JOHNOJUKWU_19990109,John Ojukwu,OL,2025,TEN,61.0,64.0,74.0,65.0,58.0,64.0,71.0,86.0
56636,McClendon Curtis,2023,G,1999-09-16,Chattanooga,Southern Conference,,,,OL,77.875,324,10.25,35.0,83.875,1.85,5.24,26.5,105.0,7.7,4.97,25.0,74,69.0,68.0,mcclendon curtis,MCCLENDONCURTIS_19990916,McClendon Curtis,OL,2025,ARI,60.73585720587596,64.3948676634991,70.15035942445479,57.65776823565167,49.43189401279688,64.42918389071946,72.33907969125494,85.02228474968209
56371,Jalen Wayne,2023,WR,1999-05-13,South Alabama,Sun Belt Conference,,,,WR,73.75,210,9.375,32.125,78.5,1.54,4.51,34.5,124.0,,,,69,63.0,64.0,jalen wayne,,Jalen Wayne,WR,2024,GB,64.76352624498993,87.69822157347565,89.59680096694407,83.24392894339246,80.46616581159515,58.757224459272834,82.21888324214058,67.63296054096176
56400,Blake Whiteheart,2023,TE,2000-03-22,Wake Forest,Atlantic Coast Conference,,,,TE,75.75,247,8.75,32.125,79.375,1.63,4.7,35.5,115.0,,,20.0,75,56.0,63.0,blake whiteheart,BLAKEWHITEHEART_20000322,Blake Whiteheart,TE,2025,CLE,62.0,82.0,88.0,82.0,77.0,61.0,85.0,72.0
57126,Joe Alt,2024,T,2003-02-28,Notre Dame,Independent,1.0,5.0,5.0,OL,80.625,321,10.0,34.25,82.75,1.73,5.05,28.0,112.0,7.31,4.51,27.0,88,87.0,93.0,joe alt,JOEALT_20030228,Joe Alt,OL,2025,LAC,82.0,71.0,77.0,72.0,63.0,83.0,70.0,89.0
57130,Rome Odunze,2024,WR,2002-06-03,Washington,Pacific Twelve Conference,1.0,9.0,9.0,WR,74.875,212,9.25,32.25,76.75,1.52,4.45,39.0,124.0,6.88,4.03,,91,89.0,94.0,rome odunze,ROMEODUNZE_20020603,Rome Odunze,WR,2025,CHI,79.0,91.0,94.0,87.0,89.0,82.0,93.0,65.0
57135,Taliese Fuaga,2024,T,2002-04-05,Oregon State,Pacific Twelve Conference,1.0,14.0,14.0,OL,77.75,324,10.125,33.125,80.625,1.77,5.13,32.0,111.0,,,,78,78.0,82.0,taliese fuaga,TALIESEFUAGA_20020405,Taliese Fuaga,OL,2025,NO,78.0,68.0,73.0,63.0,50.0,74.0,78.0,93.0
57136,Laiatu Latu,2024,DE,2000-12-31,UCLA,Pacific Twelve Conference,1.0,15.0,15.0,DL,76.75,259,9.625,32.625,78.25,1.62,4.64,32.0,116.0,,,,73,92.0,85.0,laiatu latu,LAIATULATU_20001231,Laiatu Latu,DL,2025,IND,76.0,84.0,88.0,81.0,72.0,74.0,78.0,77.0
57137,Byron Murphy,2024,DT,2002-09-08,Texas,Big Twelve Conference,1.0,16.0,16.0,DL,72.5,297,10.25,32.375,77.125,1.69,4.87,33.0,111.0,,,28.0,87,82.0,83.0,byron murphy,BYRONMURPHYJR_19980118,Byron Murphy,DB,2025,MIN,87.63208015236694,89.52427347708038,91.60028622992196,88.86239298738184,87.38349997153593,92.27854692786826,87.80059796920854,63.01230987368342
57140,Jared Verse,2024,OLB,2000-04-11,Florida State,Atlantic Coast Conference,1.0,19.0,19.0,DL,75.875,254,9.875,33.5,79.5,1.6,4.58,35.0,127.0,7.31,4.44,31.0,77,83.0,86.0,jared verse,JAREDVERSE_20001104,Jared Verse,LB,2025,LAR,82.93342553307994,87.87784255914232,90.50256738835,81.52546118174726,71.06245036341986,81.5121905968889,88.77272151137834,81.60436591256149
57141,Troy Fautanu,2024,T,2000-10-11,Washington,Pacific Twelve Conference,1.0,20.0,20.0,OL,75.75,317,9.5,34.5,81.5,1.71,5.01,32.5,113.0,,,,92,76.0,83.0,troy fautanu,TROYFAUTANU_20001011,Troy Fautanu,OL,2025,PIT,77.0,72.0,79.0,70.0,57.0,78.0,79.0,87.0
57142,Chop Robinson,2024,OLB,2003-01-02,Penn State,Big Ten Conference,1.0,21.0,21.0,DL,74.875,254,9.125,32.5,76.25,1.54,4.48,34.5,128.0,,4.25,,88,74.0,83.0,chop robinson,CHOPROBINSON_20010203,Chop Robinson,LB,2025,MIA,72.46612199261801,86.34622596635643,90.15197429701408,80.03099217759791,72.66241107361952,70.49888175140279,86.40170788863293,78.60175755780064
57143,Quinyon Mitchell,2024,CB,2001-07-18,Toledo,Mid-American Conference,1.0,22.0,22.0,DB,72.125,195,9.25,31.0,75.75,1.51,4.33,38.0,122.0,,,20.0,87,76.0,84.0,quinyon mitchell,QUINYONMITCHELL_20010718,Quinyon Mitchell,DB,2025,PHI,85.0,94.0,94.0,90.0,89.0,84.0,90.0,66.0
57145,Terrion Arnold,2024,CB,2003-03-22,Alabama,Southeastern Conference,1.0,24.0,24.0,DB,71.75,189,8.875,31.625,76.25,1.54,4.5,37.0,129.0,,,,68,87.0,84.0,terrion arnold,TERRIONARNOLD_20020322,Terrion Arnold,DB,2025,DET,76.0,90.0,94.0,93.0,90.0,70.0,88.0,58.0
57148,Darius Robinson,2024,DT,2001-09-13,Missouri,Southeastern Conference,1.0,27.0,27.0,DL,77.125,285,10.625,34.5,84.375,1.73,4.95,35.0,111.0,,,21.0,66,76.0,74.0,darius robinson,DARIUSROBINSON_20010913,Darius Robinson,DL,2025,ARI,73.0,74.0,77.0,77.0,58.0,71.0,84.0,87.0
57150,Tyler Guyton,2024,T,2002-06-11,Oklahoma,Big Twelve Conference,1.0,29.0,29.0,OL,79.75,322,10.25,34.125,82.25,1.76,5.19,34.5,107.0,7.5,4.71,,78,76.0,79.0,tyler guyton,TYLERGUYTON_20020611,Tyler Guyton,OL,2025,DAL,73.0,67.0,75.0,71.0,59.0,77.0,83.0,85.0
57152,Ricky Pearsall,2024,WR,2000-09-09,Florida,Southeastern Conference,1.0,31.0,31.0,WR,73.0,189,9.25,30.875,73.375,1.57,4.41,42.0,129.0,6.64,4.05,17.0,79,70.0,76.0,ricky pearsall,RICKYPEARSALL_20000909,Ricky Pearsall,WR,2025,SF,75.0,92.0,91.0,92.0,91.0,76.0,94.0,61.0
57153,Xavier Legette,2024,WR,2001-01-29,South Carolina,Southeastern Conference,1.0,32.0,32.0,WR,73.0,221,9.0,31.875,77.5,1.54,4.39,40.0,126.0,,,,84,74.0,80.0,xavier legette,XAVIERLEGETTE_20010129,Xavier Legette,WR,2025,CAR,74.0,93.0,93.0,89.0,86.0,67.0,92.0,73.0
57154,Keon Coleman,2024,WR,2003-05-17,Florida State,Atlantic Coast Conference,2.0,1.0,33.0,WR,75.25,213,9.375,32.125,78.125,1.54,4.61,38.0,127.0,,,,75,73.0,78.0,keon coleman,KEONCOLEMAN_20030517,Keon Coleman,WR,2025,BUF,76.0,87.0,88.0,87.0,88.0,81.0,94.0,72.0
57155,Ladd McConkey,2024,WR,2001-11-11,Georgia,Southeastern Conference,2.0,2.0,34.0,WR,71.625,186,8.625,30.25,72.0,1.52,4.39,36.0,124.0,,,13.0,82,74.0,79.0,ladd mcconkey,LADDMCCONKEY_20011111,Ladd McConkey,WR,2025,LAC,84.0,92.0,94.0,91.0,93.0,84.0,87.0,57.0
57156,Ruke Orhorhoro,2024,DT,2001-10-13,Clemson,Atlantic Coast Conference,2.0,3.0,35.0,DL,76.0,294,9.375,34.0,79.5,1.67,4.89,32.0,116.0,,,29.0,89,72.0,77.0,ruke orhorhoro,RUKEORHORHORO_20011013,Ruke Orhorhoro,DL,2025,ATL,73.0,76.0,83.0,71.0,64.0,59.0,78.0,90.0
57158,Ja'Lynn Polk,2024,WR,2001-04-11,Washington,Pacific Twelve Conference,2.0,5.0,37.0,WR,73.375,203,9.75,31.75,74.5,1.52,4.52,37.5,129.0,,,,79,73.0,79.0,ja'lynn polk,JA'LYNNPOLK_20020411,Ja'Lynn Polk,WR,2025,NE,74.0,89.0,90.0,89.0,87.0,76.0,88.0,62.0
57159,T'Vondre Sweat,2024,NT,2001-07-11,Texas,Big Twelve Conference,2.0,6.0,38.0,DL,76.5,366,10.125,33.25,81.25,1.8,5.27,26.0,98.0,,,,63,78.0,75.0,t'vondre sweat,T'VONDRESWEAT_20010711,T'Vondre Sweat,DL,2025,TEN,79.0,63.0,70.0,67.0,45.0,72.0,66.0,94.0
57160,Braden Fiske,2024,DE,2000-01-18,Florida State,Atlantic Coast Conference,2.0,7.0,39.0,DL,75.625,292,9.375,31.0,76.75,1.68,4.78,33.5,117.0,,4.37,26.0,92,77.0,81.0,braden fiske,BRADENFISKE_20000118,Braden Fiske,DL,2025,LAR,82.0,80.0,82.0,67.0,69.0,88.0,81.0,93.0
57163,Kamari Lassiter,2024,CB,2003-01-23,Georgia,Southeastern Conference,2.0,10.0,42.0,DB,71.5,186,8.875,30.875,73.75,,,,,6.62,4.12,,57,72.0,72.0,kamari lassiter,KAMARILASSITER_20030123,Kamari Lassiter,DB,2025,HOU,81.0,90.0,89.0,94.0,88.0,83.0,87.0,52.0
57164,Max Melton,2024,CB,2002-04-15,Rutgers,Big Ten Conference,2.0,11.0,43.0,DB,71.0,187,9.125,32.125,76.625,1.51,4.39,40.5,136.0,,,,84,71.0,77.0,max melton,MAXMELTON_20020415,Max Melton,DB,2025,ARI,74.0,93.0,94.0,85.0,85.0,69.0,94.0,60.0
57165,Jackson Powers-Johnson,2024,G,2003-01-23,Oregon,Pacific Twelve Conference,2.0,12.0,44.0,OL,75.375,328,9.875,32.25,78.5,,,32.0,104.0,,,30.0,83,82.0,86.0,jackson powers-johnson,JACKSONPOWERS-JOHNSON_20030123,Jackson Powers-Johnson,OL,2025,LV,77.0,70.0,75.0,69.0,57.0,77.0,78.0,88.0
57168,Tyler Nubin,2024,SS,2001-06-14,Minnesota,Big Ten Conference,2.0,15.0,47.0,DB,73.25,199,9.0,32.0,77.5,,,,,,,,57,75.0,73.0,tyler nubin,TYLERNUBIN_20001101,Tyler Nubin,DB,2025,NYG,77.0,87.0,85.0,82.0,83.0,72.0,77.0,62.0
57169,Maason Smith,2024,DT,2002-10-13,Louisiana State,Southeastern Conference,2.0,16.0,48.0,DL,77.125,306,8.5,35.0,84.625,1.75,5.01,31.0,108.0,7.62,4.69,,67,65.0,66.0,maason smith,MAASONSMITH_20021013,Maason Smith,DL,2025,JAX,69.0,72.0,75.0,64.0,58.0,64.0,76.0,83.0
57171,Mike Sainristil,2024,CB,2000-10-03,Michigan,Big Ten Conference,2.0,18.0,50.0,DB,69.375,182,8.5,30.875,74.5,1.51,4.47,40.0,131.0,6.99,4.01,14.0,72,67.0,72.0,mike sainristil,MIKESAINRISTIL_20001003,Mike Sainristil,DB,2025,WAS,77.0,90.0,94.0,94.0,94.0,73.0,93.0,51.0
57172,Zach Frazier,2024,C,2001-08-29,West Virginia,Big Twelve Conference,2.0,19.0,51.0,OL,74.625,313,10.875,32.25,78.5,,,,,,,30.0,80,79.0,80.0,zach frazier,ZACHFRAZIER_20010829,Zach Frazier,OL,2025,PIT,84.0,64.0,69.0,56.0,54.0,88.0,71.0,88.0
57173,Adonai Mitchell,2024,WR,2002-10-08,Texas,Big Twelve Conference,2.0,20.0,52.0,WR,74.25,205,9.0,32.375,77.625,1.52,4.34,39.5,136.0,,,,91,69.0,81.0,adonai mitchell,ADONAIMITCHELL_20021008,Adonai Mitchell,WR,2025,IND,73.0,94.0,95.0,91.0,90.0,67.0,89.0,51.0
57174,Ben Sinnott,2024,TE,2002-06-14,Kansas State,Big Twelve Conference,2.0,21.0,53.0,TE,75.875,250,9.5,32.375,77.5,1.59,4.68,40.0,126.0,6.82,4.23,,81,73.0,76.0,ben sinnott,BENSINNOTT_20020614,Ben Sinnott,TE,2025,WAS,70.0,83.0,89.0,88.0,78.0,67.0,90.0,70.0
57176,Patrick Paul,2024,T,2001-11-01,Houston,Big Twelve Conference,2.0,23.0,55.0,OL,79.5,331,9.375,36.25,86.25,1.77,5.13,29.0,,7.65,,30.0,77,72.0,76.0,patrick paul,PATRICKPAUL_20011101,Patrick Paul,OL,2025,MIA,72.0,68.0,73.0,63.0,57.0,71.0,72.0,90.0
57177,Marshawn Kneeland,2024,DE,2001-07-08,Western Michigan,Mid-American Conference,2.0,24.0,56.0,DL,75.0,267,9.125,34.5,83.375,1.66,4.75,35.5,119.0,7.02,4.18,21.0,83,70.0,75.0,marshawn kneeland,MARSHAWNKNEELAND_20010708,Marshawn Kneeland,DL,2025,DAL,72.0,81.0,84.0,79.0,75.0,74.0,85.0,78.0
57179,Javon Bullard,2024,SS,2002-09-05,Georgia,Southeastern Conference,2.0,26.0,58.0,DB,70.5,198,9.0,30.75,73.875,1.51,4.47,,,,,,84,78.0,81.0,javon bullard,JAVONBULLARD_20020905,Javon Bullard,DB,2025,GB,75.0,89.0,91.0,85.0,89.0,72.0,80.0,70.0
57180,Blake Fisher,2024,T,2003-03-25,Notre Dame,Independent,2.0,27.0,59.0,OL,77.75,310,10.0,34.375,83.0,1.82,5.2,28.0,114.0,7.76,4.73,,72,69.0,73.0,blake fisher,BLAKEFISHER_20030325,Blake Fisher,OL,2025,HOU,71.0,66.0,69.0,59.0,56.0,63.0,70.0,83.0
57181,Cole Bishop,2024,SS,2002-10-24,Utah,Pacific Twelve Conference,2.0,28.0,60.0,DB,74.0,206,9.5,29.75,73.0,1.52,4.45,39.0,124.0,,,,82,70.0,77.0,cole bishop,COLEBISHOP_20021024,Cole Bishop,DB,2025,BUF,72.0,91.0,93.0,84.0,81.0,68.0,92.0,64.0
57183,Roger Rosengarten,2024,T,2002-06-03,Washington,Pacific Twelve Conference,2.0,30.0,62.0,OL,77.375,308,9.625,33.5,80.375,1.73,4.92,30.0,113.0,,4.6,,84,68.0,75.0,roger rosengarten,ROGERROSENGARTEN_20020603,Roger Rosengarten,OL,2025,BAL,74.0,75.0,77.0,69.0,61.0,76.0,74.0,82.0
57184,Kingsley Suamataia,2024,G,2003-01-18,Brigham Young,Big Twelve Conference,2.0,31.0,63.0,OL,76.625,326,10.625,34.25,82.125,1.74,5.04,28.0,110.0,,,31.0,87,72.0,79.0,kingsley suamataia,KINGSLEYSUAMATAIA_20030118,Kingsley Suamataia,OL,2025,KC,72.0,71.0,76.0,67.0,52.0,69.0,70.0,89.0
57185,Renardo Green,2024,CB,2000-11-09,Florida State,Atlantic Coast Conference,2.0,32.0,64.0,DB,71.875,186,9.125,31.25,74.75,1.53,4.49,37.5,130.0,,,,64,63.0,65.0,renardo green,RENARDOGREEN_20001109,Renardo Green,DB,2025,SF,77.0,90.0,92.0,88.0,85.0,73.0,89.0,59.0
57189,Caedan Wallace,2024,G,2000-04-18,Penn State,Big Ten Conference,3.0,4.0,68.0,OL,76.875,314,10.75,34.0,82.625,1.74,5.15,31.0,116.0,,,,79,63.0,70.0,caedan wallace,CAEDANWALLACE_20000418,Caedan Wallace,OL,2025,NE,68.0,67.0,76.0,59.0,49.0,78.0,76.0,87.0
57191,Andru Phillips,2024,CB,2001-11-30,Kentucky,Southeastern Conference,3.0,6.0,70.0,DB,70.75,190,8.75,31.25,75.0,1.51,4.48,42.0,135.0,,,,74,61.0,68.0,andru phillips,ANDRUPHILLIPS_20011130,Andru Phillips,DB,2025,NYG,74.10982898116646,92.57204661741363,93.81093654609693,88.77168917831384,89.46318731946604,74.38229539833355,93.58005474581056,55.95285681056009
57194,Cooper Beebe,2024,C,2001-05-19,Kansas State,Big Twelve Conference,3.0,9.0,73.0,OL,75.25,322,9.25,31.5,78.125,1.75,5.03,27.5,109.0,7.44,4.61,20.0,93,82.0,86.0,cooper beebe,COOPERBEEBE_20010519,Cooper Beebe,OL,2025,DAL,74.0,71.0,75.0,69.0,60.0,75.0,69.0,87.0
57195,Bralen Trice,2024,OLB,2001-02-26,Washington,Pacific Twelve Conference,3.0,10.0,74.0,DL,75.5,245,9.0,32.5,77.625,1.65,4.72,,,,,,55,71.0,68.0,bralen trice,BRALENTRICE_20010226,Bralen Trice,LB,2025,ATL,70.40055331146937,83.78189095740271,87.92025763013443,80.71967328661788,74.2540556704837,70.32372492710829,86.25834932093585,75.89794680314424
57199,Calen Bullock,2024,FS,2003-04-30,Southern California,Pacific Twelve Conference,3.0,14.0,78.0,DB,74.0,188,9.0,32.5,78.125,1.51,4.48,,,,,,69,65.0,72.0,calen bullock,CALENBULLOCK_20030430,Calen Bullock,DB,2025,HOU,75.0,90.0,92.0,87.0,88.0,77.0,80.0,54.0
57201,Jermaine Burton,2024,WR,2001-06-28,Alabama,Southeastern Conference,3.0,16.0,80.0,WR,72.25,196,9.875,31.0,74.875,1.53,4.45,38.5,133.0,,,,80,72.0,78.0,jermaine burton,JERMAINEBURTON_20010628,Jermaine Burton,WR,2025,CIN,70.0,91.0,92.0,90.0,89.0,56.0,90.0,58.0
57202,Christian Haynes,2024,G,2000-04-13,Connecticut,Independent,3.0,17.0,81.0,OL,74.75,317,9.0,33.5,79.75,1.75,5.03,33.0,102.0,,,25.0,92,77.0,84.0,christian haynes,CHRISTIANHAYNES_20000413,Christian Haynes,OL,2025,SEA,72.0,71.0,75.0,68.0,56.0,76.0,80.0,87.0
57203,Tip Reiman,2024,TE,2001-09-17,Illinois,Big Ten Conference,3.0,18.0,82.0,TE,76.875,271,10.5,32.875,79.5,1.55,4.64,33.5,121.0,7.02,4.26,28.0,88,57.0,72.0,tip reiman,TIPREIMAN_20010917,Tip Reiman,TE,2025,ARI,68.0,84.0,88.0,82.0,75.0,66.0,84.0,77.0
57205,Roman Wilson,2024,WR,2001-06-19,Michigan,Big Ten Conference,3.0,20.0,84.0,WR,70.75,185,9.375,30.375,72.5,1.52,4.39,,,,,12.0,78,72.0,77.0,roman wilson,ROMANWILSON_20010619,Roman Wilson,WR,2025,PIT,70.0,93.0,94.0,86.0,92.0,61.0,89.0,56.0
57207,Dominick Puni,2024,G,2000-02-24,Kansas,Big Twelve Conference,3.0,23.0,86.0,OL,77.125,313,10.125,33.375,81.125,1.86,5.35,30.0,107.0,7.47,4.4,,69,74.0,73.0,dominick puni,DOMINICKPUNI_20000224,Dominick Puni,OL,2025,SF,83.0,61.0,64.0,68.0,63.0,82.0,74.0,91.0
57210,Tykee Smith,2024,SS,2001-02-18,Georgia,Southeastern Conference,3.0,26.0,89.0,DB,70.0,202,9.25,31.625,74.75,1.58,4.46,36.0,120.0,,,,75,71.0,71.0,tykee smith,TYKEESMITH_20010218,Tykee Smith,DB,2025,TB,75.0,90.0,92.0,83.0,80.0,73.0,86.0,58.0
57211,Elijah Jones,2024,CB,2000-01-08,Boston College,Atlantic Coast Conference,3.0,27.0,90.0,DB,73.5,185,9.25,31.5,76.0,1.54,4.44,42.5,131.0,,,,75,71.0,74.0,elijah jones,ELIJAHJONES_20000108,Elijah Jones,DB,2025,ARI,71.0,91.0,93.0,82.0,86.0,61.0,96.0,48.0
57213,Jalen McMillan,2024,WR,2001-12-07,Washington,Pacific Twelve Conference,3.0,29.0,92.0,WR,73.0,197,10.0,32.125,77.375,1.53,4.47,37.0,127.0,6.94,4.18,,76,68.0,73.0,jalen mcmillan,JALENMCMILLAN_20011207,Jalen McMillan,WR,2025,TB,74.0,90.0,92.0,85.0,85.0,78.0,88.0,60.0
57215,Jalyx Hunt,2024,OLB,2001-03-13,Houston Christian,Southland Conference,3.0,31.0,94.0,DL,75.75,252,10.0,34.375,82.75,1.6,4.64,37.5,128.0,,,19.0,79,63.0,70.0,jalyx hunt,JALYXHUNT_20010313,Jalyx Hunt,LB,2025,PHI,69.93109908585478,85.41317100648132,89.43132631230026,80.19588815280679,73.31775525133571,68.50588180222394,86.0168292135038,76.51040529760543
57216,DeWayne Carter,2024,DT,2000-12-10,Duke,Atlantic Coast Conference,3.0,32.0,95.0,DL,74.375,302,10.25,33.0,79.125,1.72,4.99,32.0,109.0,7.95,4.75,,71,66.0,67.0,dewayne carter,DEWAYNECARTER_20001210,DeWayne Carter,DL,2025,BUF,70.0,73.0,78.0,57.0,56.0,73.0,78.0,82.0
57217,Jarrian Jones,2024,CB,2001-05-08,Florida State,Atlantic Coast Conference,3.0,33.0,96.0,DB,71.875,190,8.625,30.0,73.25,1.53,4.38,39.5,129.0,,,,82,59.0,70.0,jarrian jones,JARRIANJONES_20010508,Jarrian Jones,DB,2025,JAX,73.0,93.0,93.0,88.0,84.0,69.0,93.0,43.0
57218,McKinnley Jackson,2024,DT,2001-12-26,Texas A&M,Southeastern Conference,3.0,34.0,97.0,DL,73.5,326,10.0,33.875,80.25,1.78,5.26,23.0,106.0,,,,60,63.0,63.0,mckinnley jackson,MCKINNLEYJACKSON_20011226,McKinnley Jackson,DL,2025,CIN,69.0,64.0,72.0,55.0,51.0,71.0,60.0,84.0
57220,Kamren Kinchens,2024,FS,2002-09-29,Miami,Atlantic Coast Conference,3.0,36.0,99.0,DB,71.25,203,9.75,31.25,75.0,1.59,4.65,35.0,110.0,,,,57,76.0,72.0,kamren kinchens,KAMRENKINCHENS_20020929,Kamren Kinchens,DB,2025,LAR,78.0,86.0,88.0,84.0,80.0,82.0,84.0,59.0
57221,Luke McCaffrey,2024,WR,2001-04-02,Rice,American Athletic Conference,3.0,37.0,100.0,WR,73.625,198,9.625,30.125,74.5,1.52,4.46,36.0,121.0,6.7,4.02,,78,70.0,74.0,luke mccaffrey,LUKEMCCAFFREY_20010402,Luke McCaffrey,WR,2025,WAS,70.0,90.0,91.0,92.0,90.0,52.0,86.0,55.0
57222,Ja'Tavion Sanders,2024,TE,2003-03-27,Texas,Big Twelve Conference,4.0,1.0,101.0,TE,75.875,245,10.125,32.875,78.25,1.59,4.69,,,,4.32,,69,79.0,79.0,ja'tavion sanders,JA'TAVIONSANDERS_20030327,Ja'Tavion Sanders,TE,2025,CAR,71.0,83.0,90.0,79.0,75.0,76.0,78.0,67.0
57223,Troy Franklin,2024,WR,2003-02-06,Oregon,Pacific Twelve Conference,4.0,2.0,102.0,WR,73.875,176,8.75,31.875,77.25,1.61,4.41,39.0,124.0,6.9,4.31,,74,86.0,83.0,troy franklin,TROYFRANKLIN_20020603,Troy Franklin,WR,2025,DEN,72.0,92.0,91.0,86.0,87.0,69.0,91.0,58.0
57224,Layden Robinson,2024,G,2001-05-03,Texas A&M,Southeastern Conference,4.0,3.0,103.0,OL,75.5,302,10.5,34.625,81.5,,,26.5,111.0,,,,70,63.0,65.0,layden robinson,LAYDENROBINSON_20010503,Layden Robinson,OL,2025,NE,72.0,72.0,72.0,60.0,56.0,80.0,67.0,88.0
57225,Dadrion Taylor-Demerson,2024,FS,2001-01-20,Texas Tech,Big Twelve Conference,4.0,4.0,104.0,DB,70.375,197,9.625,30.875,74.25,1.52,4.41,38.0,123.0,,,,76,68.0,70.0,dadrion taylor-demerson,DADRIONTAYLOR-DEMERSON_20010120,Dadrion Taylor-Demerson,DB,2025,ARI,70.0,92.0,93.0,85.0,86.0,65.0,90.0,57.0
57226,Justin Eboigbe,2024,DE,2001-04-09,Alabama,Southeastern Conference,4.0,5.0,105.0,DL,76.375,297,9.75,33.375,80.75,1.8,5.18,28.0,,,,,61,67.0,65.0,justin eboigbe,JUSTINEBOIGBE_20010409,Justin Eboigbe,DL,2025,LAC,70.0,66.0,71.0,67.0,50.0,69.0,70.0,83.0
57228,Theo Johnson,2024,TE,2001-02-26,Penn State,Big Ten Conference,4.0,7.0,107.0,TE,78.125,259,10.25,33.0,80.75,1.55,4.57,39.5,125.0,7.15,4.19,,84,67.0,76.0,theo johnson,THEOJOHNSON_20010226,Theo Johnson,TE,2025,NYG,74.0,87.0,90.0,79.0,76.0,74.0,90.0,75.0
57230,Brandon Dorlus,2024,DT,2001-03-22,Oregon,Pacific Twelve Conference,4.0,9.0,109.0,DL,75.0,283,9.375,33.25,80.875,1.68,4.85,30.5,111.0,7.43,4.85,,66,63.0,67.0,brandon dorlus,BRANDONDORLUS_20010322,Brandon Dorlus,DL,2025,ATL,71.0,77.0,82.0,70.0,52.0,67.0,75.0,84.0
57231,Javon Baker,2024,WR,2002-02-18,Central Florida,Big Twelve Conference,4.0,10.0,110.0,WR,73.25,202,9.625,32.25,78.25,1.58,4.54,37.0,121.0,,,,67,74.0,74.0,javon baker,JAVONBAKER_20020218,Javon Baker,WR,2025,NE,69.0,88.0,89.0,86.0,85.0,66.0,88.0,59.0
57232,Evan Williams,2024,FS,2001-07-28,Oregon,Pacific Twelve Conference,4.0,11.0,111.0,DB,71.25,200,10.125,30.125,72.875,1.55,4.6,40.5,126.0,,,,73,67.0,69.0,evan williams,EVANWILLIAMS_20010728,Evan Williams,DB,2025,GB,73.0,86.0,90.0,81.0,85.0,70.0,94.0,62.0
57234,Devontez Walker,2024,WR,2001-06-19,North Carolina,Atlantic Coast Conference,4.0,13.0,113.0,WR,73.5,193,9.125,33.25,79.125,1.54,4.36,40.5,134.0,,,,84,76.0,81.0,devontez walker,DEVONTEZWALKER_20010619,Devontez Walker,WR,2025,BAL,70.0,94.0,93.0,87.0,84.0,54.0,94.0,63.0
57238,Tanor Bortolini,2024,C,2002-06-17,Wisconsin,Big Ten Conference,4.0,17.0,117.0,OL,76.25,303,10.0,31.5,77.625,1.69,4.94,32.5,112.0,7.16,4.28,21.0,97,66.0,76.0,tanor bortolini,TANORBORTOLINI_20020618,Tanor Bortolini,OL,2025,IND,70.0,74.0,82.0,78.0,70.0,77.0,79.0,82.0
57240,Mason McCormick,2024,G,2000-05-25,South Dakota State,Missouri Valley Football Conference,4.0,19.0,119.0,OL,76.25,309,10.0,33.875,81.625,1.71,5.08,35.5,117.0,7.59,4.45,,86,79.0,79.0,mason mccormick,MASONMCCORMICK_20000525,Mason McCormick,OL,2025,PIT,74.0,70.0,79.0,61.0,61.0,74.0,85.0,90.0
57244,Cade Stover,2024,TE,2000-06-12,Ohio State,Big Ten Conference,4.0,23.0,123.0,TE,75.875,247,9.75,32.75,77.25,1.59,4.65,34.5,117.0,,4.45,,74,67.0,73.0,cade stover,CADESTOVER_20000612,Cade Stover,TE,2025,HOU,67.0,84.0,88.0,70.0,70.0,69.0,83.0,74.0
57252,Jared Wiley,2024,TE,2000-01-02,Texas Christian,Big Twelve Conference,4.0,31.0,131.0,TE,78.125,249,9.5,33.25,79.25,1.62,4.62,37.0,118.0,7.19,,,76,64.0,71.0,jared wiley,JAREDWILEY_20001102,Jared Wiley,TE,2025,KC,70.0,85.0,89.0,77.0,72.0,62.0,88.0,75.0
57253,Sione Vaki,2024,RB,2001-07-30,Utah,Pacific Twelve Conference,4.0,32.0,132.0,DB,71.125,210,8.625,29.125,72.125,1.54,4.62,39.5,125.0,,,20.0,64,57.0,60.0,sione vaki,SIONEVAKI_20010730,Sione Vaki,RB,2025,DET,68.0,89.0,91.0,83.0,82.0,69.0,89.0,74.0
57254,Jaden Hicks,2024,SS,2002-08-16,Washington State,Pacific Twelve Conference,4.0,33.0,133.0,DB,73.875,211,9.375,31.5,76.25,,,37.5,122.0,6.88,4.37,16.0,78,69.0,75.0,jaden hicks,JADENHICKS_20020816,Jaden Hicks,DB,2025,KC,73.0,89.0,91.0,87.0,84.0,70.0,89.0,67.0
57256,Jacob Cowing,2024,WR,2001-02-04,Arizona,Pacific Twelve Conference,4.0,35.0,135.0,WR,68.375,168,9.0,29.25,69.125,1.54,4.38,36.0,119.0,7.02,4.32,,73,74.0,74.0,jacob cowing,JACOBCOWING_20010204,Jacob Cowing,WR,2025,SF,71.0,93.0,93.0,83.0,85.0,52.0,86.0,52.0
57257,Nehemiah Pritchett,2024,CB,2001-02-11,Auburn,Southeastern Conference,5.0,1.0,136.0,DB,72.125,190,8.375,31.625,75.0,1.49,4.36,34.5,,,,,76,63.0,71.0,nehemiah pritchett,NEHEMIAHPRITCHETT_20010211,Nehemiah Pritchett,DB,2025,SEA,69.0,94.0,92.0,85.0,86.0,64.0,83.0,50.0
57261,Cam Hart,2024,CB,2000-12-05,Notre Dame,Independent,5.0,5.0,140.0,DB,75.0,202,9.375,33.0,78.875,1.57,4.5,39.5,130.0,7.12,4.24,11.0,70,63.0,71.0,cam hart,CAMHART_20001205,Cam Hart,DB,2025,LAC,72.0,91.0,92.0,80.0,81.0,69.0,93.0,59.0
57262,Sedrick Van Pran-Granger,2024,C,2001-10-23,Georgia,Southeastern Conference,5.0,6.0,141.0,OL,76.125,298,9.5,31.375,78.625,1.77,5.2,,,7.46,4.82,,62,71.0,72.0,sedrick van pran-granger,SEDRICKVANPRAN-GRANGER_20011023,Sedrick Van Pran-Granger,OL,2025,BUF,66.0,66.0,73.0,69.0,53.0,78.0,68.0,82.0
57263,Anthony Gould,2024,WR,2001-04-06,Oregon State,Pacific Twelve Conference,5.0,7.0,142.0,WR,68.375,174,8.875,29.625,69.875,1.49,4.39,39.5,129.0,,4.16,,83,62.0,74.0,anthony gould,ANTHONYGOULD_20010406,Anthony Gould,WR,2025,IND,69.0,94.0,95.0,86.0,89.0,58.0,89.0,47.0
57265,Austin Booker,2024,DE,2002-12-14,Kansas,Big Twelve Conference,5.0,9.0,144.0,DL,76.5,240,9.25,33.875,81.375,1.67,4.79,32.5,120.0,,,,52,73.0,68.0,austin booker,AUSTINBOOKER_20021214,Austin Booker,DL,2025,CHI,69.0,79.0,83.0,74.0,69.0,72.0,79.0,76.0
57266,Kris Abrams-Draine,2024,CB,2001-10-04,Missouri,Southeastern Conference,5.0,10.0,145.0,DB,71.375,179,8.625,31.0,74.625,1.53,4.44,33.5,,,,,58,74.0,71.0,kris abrams-draine,KRISABRAMS-DRAINE_20011004,Kris Abrams-Draine,DB,2025,DEN,73.0,91.0,93.0,91.0,90.0,67.0,81.0,40.0
57270,Josh Newton,2024,CB,2000-09-14,Texas Christian,Big Twelve Conference,5.0,14.0,149.0,DB,70.625,190,9.25,31.125,74.25,1.55,4.51,34.0,124.0,7.01,4.15,15.0,67,66.0,69.0,josh newton,JOSHNEWTON_20000914,Josh Newton,DB,2025,CIN,71.0,89.0,90.0,85.0,89.0,68.0,82.0,61.0
57272,Jaylon Carlies,2024,MLB,2001-09-13,Missouri,Southeastern Conference,5.0,16.0,151.0,DB,74.75,227,10.0,34.25,80.625,1.54,4.5,32.5,125.0,,,20.0,75,67.0,71.0,jaylon carlies,JAYLONCARLIES_19970828,Jaylon Carlies,LB,2025,IND,70.0,89.0,90.0,83.0,71.0,73.0,83.0,72.0
57274,Deantre Prince,2024,CB,2000-10-12,Mississippi,Southeastern Conference,5.0,18.0,153.0,DB,72.0,183,8.5,30.75,73.75,1.47,4.38,34.5,125.0,,,,71,64.0,66.0,deantre prince,DE'ANTREPRINCE_20001012,Deantre Prince,DB,2025,JAX,67.58455372201797,93.33198366926558,93.25128234045638,87.23288839530665,85.61277672163452,64.03761559850602,85.11045911216749,56.40420278885794
57277,Jamari Thrash,2024,WR,2000-12-19,Louisville,Atlantic Coast Conference,5.0,21.0,156.0,WR,71.75,188,8.625,31.0,74.5,1.54,4.46,34.0,120.0,7.16,,,68,73.0,73.0,jamari thrash,JAMARITHRASH_20001219,Jamari Thrash,WR,2025,CLE,69.0,90.0,93.0,84.0,84.0,62.0,84.0,56.0
57278,Chau Smith-Wade,2024,CB,2002-09-17,Washington State,Pacific Twelve Conference,5.0,22.0,157.0,DB,69.75,184,9.125,30.25,72.375,1.55,4.54,34.5,125.0,7.05,4.32,18.0,60,65.0,66.0,chau smith-wade,CHAUSMITH-WADE_20020917,Chau Smith-Wade,DB,2025,CAR,70.0,88.0,92.0,86.0,84.0,73.0,83.0,57.0
57279,Mohamed Kamara,2024,OLB,2000-06-09,Colorado State,Mountain West Conference,5.0,23.0,158.0,DL,73.375,248,8.625,32.375,78.5,1.58,4.57,34.5,123.0,,,23.0,72,80.0,73.0,mohamed kamara,MOHAMEDKAMARA_20000609,Mohamed Kamara,LB,2025,MIA,65.71643397190337,85.21255141562102,89.32182675929312,79.44287643505156,74.26049536879691,62.08578568955477,83.68746410167734,75.81282680030347
57282,Dominique Hampton,2024,SS,2000-07-25,Washington,Pacific Twelve Conference,5.0,26.0,161.0,DB,74.375,215,10.0,33.25,79.875,1.55,4.51,39.0,122.0,6.83,4.14,,84,56.0,68.0,dominique hampton,DOMINIQUEHAMPTON_20000725,Dominique Hampton,DB,2025,WAS,66.5070616037126,88.54012199982054,90.40791464805989,83.23077226823462,80.65970391016685,62.06835829527017,89.43954379592542,68.05878230090468
57283,Christian Jones,2024,T,2000-05-12,Texas,Big Twelve Conference,5.0,27.0,162.0,OL,77.25,305,10.625,34.5,83.625,1.78,5.04,,,8.09,4.78,20.0,75,66.0,69.0,christian jones,CHRISTIANJONES_20000512,Christian Jones,OL,2025,ARI,67.0,71.0,72.0,54.0,56.0,65.0,71.0,84.0
57284,Jacob Monk,2024,C,2001-06-04,Duke,Atlantic Coast Conference,5.0,28.0,163.0,OL,75.0,308,10.0,32.375,79.0,1.66,5.09,29.5,108.0,,,,83,59.0,68.0,jacob monk,JACOBMONK_20010604,Jacob Monk,OL,2025,GB,65.0,69.0,76.0,67.0,57.0,72.0,73.0,83.0
57285,Jaylin Simpson,2024,FS,2000-03-17,Auburn,Southeastern Conference,5.0,29.0,164.0,DB,71.625,179,9.875,32.375,76.625,1.51,4.45,39.5,133.0,,,,74,59.0,66.0,jaylin simpson,JAYLINSIMPSON_20000317,Jaylin Simpson,DB,2025,NYJ,67.0,90.0,92.0,83.0,80.0,60.0,93.0,53.0
57289,Javon Solomon,2024,DE,2001-01-17,Troy,Sun Belt Conference,5.0,33.0,168.0,DL,72.875,246,10.75,33.875,80.25,1.66,4.72,37.0,119.0,,,23.0,69,79.0,73.0,javon solomon,JAVONSOLOMON_20010117,Javon Solomon,DL,2025,BUF,69.0,82.0,84.0,75.0,64.0,70.0,88.0,77.0
57291,Bub Means,2024,WR,2001-01-10,Pittsburgh,Atlantic Coast Conference,5.0,35.0,170.0,WR,73.0,212,10.125,33.25,79.375,1.55,4.43,39.5,122.0,,,19.0,79,62.0,72.0,bub means,BUBMEANS_20000303,Bub Means,WR,2025,NO,70.0,91.0,92.0,81.0,80.0,74.0,90.0,67.0
57293,Trevor Keegan,2024,G,2000-08-30,Michigan,Big Ten Conference,5.0,37.0,172.0,OL,77.375,310,10.0,32.375,78.375,1.78,5.24,30.5,107.0,,,,72,63.0,68.0,trevor keegan,TREVORKEEGAN_20000830,Trevor Keegan,OL,2025,PHI,66.0,64.0,72.0,60.0,54.0,70.0,75.0,85.0
57297,Walter Rouse,2024,T,2001-03-09,Oklahoma,Big Twelve Conference,6.0,1.0,177.0,OL,77.75,313,10.125,35.125,83.75,,,,,,,,72,57.0,66.0,walter rouse,WALTERROUSE_20010309,Walter Rouse,OL,2025,MIN,63.0,64.0,66.0,55.0,53.0,64.0,80.0,83.0
57298,Logan Lee,2024,DT,2000-06-12,Iowa,Big Ten Conference,6.0,2.0,178.0,DL,77.375,281,10.25,32.25,78.875,1.77,5.05,31.5,114.0,7.16,4.37,25.0,72,61.0,67.0,logan lee,LOGANLEE_20000612,Logan Lee,DL,2025,PIT,70.0,71.0,73.0,78.0,69.0,70.0,77.0,83.0
57299,Sataoa Laumea,2024,T,2001-01-13,Utah,Pacific Twelve Conference,6.0,3.0,179.0,OL,76.25,319,9.875,32.875,80.75,,,26.0,104.0,,,26.0,78,60.0,72.0,sataoa laumea,SATAOALAUMEA_20010113,Sataoa Laumea,OL,2025,SEA,66.0,67.0,70.0,66.0,55.0,68.0,66.0,84.0
57302,Jha'Quan Jackson,2024,WR,2000-05-15,Tulane,American Athletic Conference,6.0,6.0,182.0,WR,69.125,188,8.875,30.875,74.875,1.55,4.42,32.0,118.0,,,12.0,71,63.0,69.0,jha'quan jackson,JHA'QUANJACKSON_20000515,Jha'Quan Jackson,WR,2025,TEN,68.0,92.0,92.0,85.0,85.0,65.0,81.0,54.0
57304,Malik Washington,2024,WR,2000-10-20,Virginia,Atlantic Coast Conference,6.0,8.0,184.0,WR,68.5,191,9.25,30.375,72.875,1.53,4.47,42.5,126.0,,,19.0,77,76.0,78.0,malik washington,MALIKWASHINGTON_20001020,Malik Washington,WR,2025,MIA,70.0,90.0,92.0,88.0,86.0,62.0,87.0,59.0
57305,Johnny Wilson,2024,WR,2001-04-03,Florida State,Atlantic Coast Conference,6.0,9.0,185.0,WR,78.375,231,10.0,35.375,84.5,1.55,4.52,37.0,128.0,,4.11,,86,66.0,75.0,johnny wilson,JOHNNYWILSON_20010403,Johnny Wilson,WR,2025,PHI,68.0,88.0,90.0,82.0,84.0,71.0,92.0,70.0
57309,Mekhi Wingo,2024,DT,2003-04-17,Louisiana State,Southeastern Conference,6.0,13.0,189.0,DL,72.25,284,9.25,32.0,77.875,1.64,4.85,31.5,109.0,,,25.0,86,70.0,74.0,mekhi wingo,MEKHIWINGO_20030417,Mekhi Wingo,DL,2025,DET,70.0,77.0,86.0,73.0,66.0,66.0,77.0,79.0
57310,Dylan McMahon,2024,C,2001-01-22,North Carolina State,Atlantic Coast Conference,6.0,14.0,190.0,OL,75.375,299,9.375,31.75,75.125,1.75,5.1,33.0,115.0,7.26,4.33,,86,57.0,65.0,dylan mcmahon,DYLANMCMAHON_20010122,Dylan McMahon,OL,2025,LAR,64.0,69.0,75.0,75.0,66.0,72.0,80.0,80.0
57314,Tanner McLachlan,2024,TE,1999-03-15,Arizona,Big Twelve Conference,6.0,18.0,194.0,TE,77.125,244,9.375,31.625,77.25,1.58,4.61,35.0,117.0,,,,70,64.0,68.0,tanner mclachlan,TANNERMCLACHLAN_19990315,Tanner McLachlan,TE,2025,CIN,64.0,85.0,90.0,71.0,68.0,61.0,84.0,74.0
57315,Ryan Watts,2024,SS,2001-11-07,Texas,Big Twelve Conference,6.0,19.0,195.0,DB,74.875,208,9.375,34.5,81.75,1.55,4.53,40.5,125.0,6.82,4.13,,76,59.0,68.0,ryan watts,RYANWATTS_20110701,Ryan Watts,DB,2025,PIT,65.15000451625383,88.52761054628834,90.22843241835515,83.90430747288923,82.88232245825753,62.44021739079676,90.20198477818748,65.14136508628513
57317,Zion Logue,2024,DT,2001-06-13,Georgia,Southeastern Conference,6.0,21.0,197.0,DL,77.625,314,10.0,33.5,80.25,1.82,5.14,29.0,109.0,,4.92,,56,54.0,56.0,zion logue,ZIONLOGUE_20010713,Zion Logue,DL,2025,BUF,65.0,68.0,68.0,56.0,50.0,60.0,72.0,83.0
57318,Patrick McMorris,2024,SS,2001-10-18,California,Pacific Twelve Conference,6.0,22.0,198.0,DB,72.125,207,9.75,31.875,77.125,,,31.0,112.0,,,14.0,58,64.0,63.0,patrick mcmorris,PATRICKMCMORRIS_20011018,Patrick McMorris,DB,2025,MIA,64.0,87.0,90.0,81.0,82.0,64.0,76.0,63.0
57330,Christian Mahogany,2024,G,2000-10-11,Boston College,Atlantic Coast Conference,6.0,34.0,210.0,OL,75.375,314,10.5,33.5,81.625,1.74,5.13,32.5,109.0,7.81,4.53,,88,71.0,80.0,christian mahogany,CHRISTIANMAHOGANY_20001011,Christian Mahogany,OL,2025,DET,70.0,68.0,76.0,60.0,63.0,61.0,79.0,89.0
57331,Kamal Hadden,2024,CB,2001-01-17,Tennessee,Southeastern Conference,6.0,35.0,211.0,DB,73.0,196,8.5,30.875,74.125,,,,,,,,64,73.0,72.0,kamal hadden,KAMALHADDEN_20010117,Kamal Hadden,DB,2025,GB,67.0,87.0,94.0,81.0,81.0,64.0,83.0,65.0
57334,Cedric Johnson,2024,DE,2002-09-06,Mississippi,Southeastern Conference,6.0,38.0,214.0,DL,75.0,260,9.875,33.5,79.375,1.61,4.63,38.0,122.0,,,25.0,81,62.0,69.0,cedric johnson,CEDRICJOHNSON_20020906,Cedric Johnson,DL,2025,CIN,68.0,85.0,89.0,69.0,66.0,68.0,90.0,79.0
57335,Jarrett Kingston,2024,T,1999-12-02,Southern California,Big Ten Conference,6.0,39.0,215.0,OL,76.25,306,9.75,32.125,78.125,1.73,5.02,31.5,111.0,7.53,4.47,32.0,88,62.0,70.0,jarrett kingston,JARRETTKINGSTON_19991202,Jarrett Kingston,OL,2025,CAR,67.0,72.0,77.0,66.0,64.0,62.0,77.0,90.0
57336,Ryan Flournoy,2024,WR,1999-10-27,Southeast Missouri,Big South - Ohio Valley Conference,6.0,40.0,216.0,WR,72.75,202,10.125,31.625,76.125,1.53,4.44,39.5,132.0,,,19.0,84,73.0,75.0,ryan flournoy,RYANFLOURNOY_19991027,Ryan Flournoy,WR,2025,DAL,68.0,90.0,91.0,81.0,79.0,74.0,89.0,62.0
57337,Beaux Limmer,2024,C,2001-06-10,Arkansas,Southeastern Conference,6.0,41.0,217.0,OL,76.625,302,9.5,31.875,77.875,1.75,5.22,36.5,110.0,7.47,4.57,39.0,77,71.0,73.0,beaux limmer,BEAUXLIMMER_20010610,Beaux Limmer,OL,2025,LAR,70.0,65.0,75.0,67.0,59.0,75.0,86.0,85.0
57339,Daequan Hardy,2024,CB,2001-06-13,Penn State,Big Ten Conference,6.0,43.0,219.0,DB,69.375,179,8.125,30.0,70.875,1.5,4.38,42.5,126.0,,,,76,57.0,65.0,daequan hardy,DAEQUANHARDY_20010613,Daequan Hardy,DB,2025,BUF,66.47167251657902,92.76048417002508,92.71835921436376,88.2415103849294,88.38064232819943,64.85782683247135,91.73854124163812,53.55346698326423
57342,Javontae Jean-Baptiste,2024,OLB,2000-05-16,Notre Dame,Independent,7.0,2.0,222.0,DL,76.625,239,10.0,33.75,80.5,1.65,4.66,34.5,127.0,,,,64,62.0,61.0,javontae jean-baptiste,JAVONTAEJEAN-BAPTISTE_20000516,Javontae Jean-Baptiste,DL,2025,WAS,66.0,84.0,85.0,67.0,58.0,67.0,83.0,77.0
57344,Daijahn Anthony,2024,FS,2000-09-09,Mississippi,Southeastern Conference,7.0,4.0,224.0,DB,72.0,195,9.0,32.5,76.375,1.51,4.55,37.0,116.0,,,,72,63.0,69.0,daijahn anthony,DAIJAHNANTHONY_20000909,Daijahn Anthony,DB,2025,CIN,66.0,88.0,92.0,87.0,88.0,59.0,88.0,56.0
57345,Brenden Rice,2024,WR,2002-03-18,Southern California,Pacific Twelve Conference,7.0,5.0,225.0,WR,74.375,208,9.625,33.0,78.0,1.55,4.5,36.5,119.0,,,13.0,69,73.0,74.0,brenden rice,BRENDENRICE_20020318,Brenden Rice,WR,2025,LAC,68.0,89.0,90.0,84.0,78.0,60.0,87.0,61.0
57347,Myles Harden,2024,CB,2001-12-13,South Dakota,Missouri Valley Football Conference,7.0,7.0,227.0,DB,70.875,195,9.375,29.875,74.0,1.62,4.5,35.5,118.0,6.88,3.98,13.0,70,62.0,70.0,myles harden,MYLESHARDEN_20011213,Myles Harden,DB,2025,CLE,67.0,89.0,94.0,90.0,95.0,53.0,85.0,59.0
57349,M.J. Devonshire,2024,CB,2000-09-12,Pittsburgh,Atlantic Coast Conference,7.0,9.0,229.0,DB,70.75,186,8.75,32.875,78.75,1.54,4.45,38.5,124.0,7.12,4.35,,68,66.0,68.0,m.j. devonshire,MJDEVONSHIRE_20000912,M.J. Devonshire,DB,2025,CAR,64.84216244869282,90.60310479842148,92.01440780960296,85.93049092260105,86.09227540273145,62.88759949194037,86.0043670572156,57.60505276762461
57351,Jaheim Bell,2024,TE,2001-06-14,Florida State,Atlantic Coast Conference,7.0,11.0,231.0,TE,74.0,241,10.0,33.0,78.75,1.58,4.61,35.0,124.0,,,,78,67.0,72.0,jaheim bell,JAHEIMBELL_20010614,Jaheim Bell,TE,2025,NE,65.0,85.0,91.0,81.0,73.0,54.0,85.0,70.0
57353,Nathan Thomas,2024,T,2001-08-22,Louisiana-Lafayette,Sun Belt Conference,7.0,13.0,233.0,OL,77.0,332,10.75,33.75,83.0,1.76,5.19,25.0,107.0,8.01,,,71,64.0,68.0,nathan thomas,NATHANTHOMAS_20010822,Nathan Thomas,OL,2025,DAL,66.0,66.0,74.0,52.0,55.0,62.0,64.0,85.0
57355,Devaughn Vele,2024,WR,1997-12-12,Utah,Pacific Twelve Conference,7.0,15.0,235.0,WR,76.0,203,9.75,33.5,79.125,1.53,4.47,36.0,126.0,,,,75,59.0,68.0,devaughn vele,DEVAUGHNVELE_19971212,Devaughn Vele,WR,2025,DEN,74.0,90.0,90.0,83.0,80.0,77.0,86.0,58.0
57356,Myles Cole,2024,DE,2000-04-29,Texas Tech,Big Twelve Conference,7.0,16.0,236.0,DL,78.0,278,9.875,36.875,86.25,1.65,4.67,35.0,120.0,,,,75,55.0,66.0,myles cole,MYLESCOLE_20000429,Myles Cole,DL,2025,JAX,65.0,83.0,85.0,63.0,57.0,65.0,84.0,78.0
57357,Matt Lee,2024,C,2001-06-06,Miami,Atlantic Coast Conference,7.0,17.0,237.0,OL,75.625,301,9.25,32.125,78.625,1.76,5.03,31.0,111.0,,,,76,73.0,71.0,matt lee,MATTLEE_20010606,Matt Lee,OL,2025,CIN,62.0,71.0,74.0,53.0,55.0,70.0,76.0,82.0
57358,Solomon Byrd,2024,DE,1999-12-01,Southern California,Pacific Twelve Conference,7.0,18.0,238.0,DL,74.875,255,9.75,33.625,79.875,,,,,,,,51,65.0,55.0,solomon byrd,SOLOMONBYRD_19991201,Solomon Byrd,DL,2025,HOU,62.3875749623848,80.9792266435586,83.58106575241504,73.39738325243971,65.38888241094065,58.84664756287435,82.8117770842839,76.98439160705634
57361,Tahj Washington,2024,WR,2001-05-16,Southern California,Pacific Twelve Conference,7.0,21.0,241.0,WR,69.75,174,8.375,29.125,70.0,,,35.0,122.0,,,,61,69.0,65.0,tahj washington,TAHJWASHINGTON_20010516,Tahj Washington,WR,2025,MIA,68.0,88.0,87.0,89.0,88.0,48.0,83.0,53.0
57362,James Williams,2024,ILB,2003-02-15,Miami,Atlantic Coast Conference,7.0,22.0,242.0,DB,76.25,231,9.5,33.625,80.25,1.59,4.65,30.0,117.0,,,,59,66.0,66.0,james williams,JAMESWILLIAMS_20030215,James Williams,LB,2025,TEN,67.0,84.0,89.0,79.0,73.0,67.0,74.0,71.0
57364,Justin Rogers,2024,DT,2000-09-12,Auburn,Southeastern Conference,7.0,24.0,244.0,DL,74.5,330,10.125,33.0,79.0,,,24.5,99.0,,4.87,21.0,51,55.0,54.0,justin rogers,JUSTINROGERS_20091201,Justin Rogers,DL,2025,SEA,66.66205503133051,66.297136225808,72.30775423191483,59.51437611265129,52.037835067443496,67.33119447745946,65.80708359218386,86.92850372606011
57366,Devin Culp,2024,TE,2000-02-02,Washington,Pacific Twelve Conference,7.0,26.0,246.0,TE,75.125,231,9.25,32.875,78.5,1.55,4.47,,,,,,71,63.0,65.0,devin culp,DEVINCULP_20000202,Devin Culp,TE,2025,TB,62.0,90.0,92.0,74.0,77.0,68.0,85.0,68.0
57367,Marcus Harris,2024,DT,2000-09-27,Auburn,Southeastern Conference,7.0,27.0,247.0,DL,74.375,286,9.625,32.0,78.25,1.77,5.06,29.5,103.0,,,27.0,61,66.0,63.0,marcus harris,MARCUSHARRIS_20010306,Marcus Harris,DB,2025,TEN,69.0,93.0,92.0,79.0,86.0,63.0,87.0,59.0
57368,C.J. Hanson,2024,G,2001-03-03,Holy Cross,Patriot League,7.0,28.0,248.0,OL,77.0,300,9.375,32.375,78.375,1.76,5.0,33.5,115.0,,,,76,69.0,69.0,c.j. hanson,C.J.HANSON_20010303,C.J. Hanson,OL,2025,KC,64.0,72.0,74.0,55.0,57.0,69.0,81.0,82.0
57372,Jaylen Harrell,2024,OLB,2002-05-01,Michigan,Big Ten Conference,7.0,32.0,252.0,DL,75.75,250,9.75,33.25,81.125,,,37.0,118.0,,,,71,62.0,66.0,jaylen harrell,JAYLENHARRELL_20020501,Jaylen Harrell,LB,2025,TEN,61.84530257574745,83.21542008580877,86.6438747255974,76.50381930676338,71.7241715718227,59.85475945839417,85.40016346292111,72.86536112574905
57373,Cornelius Johnson,2024,WR,2000-11-29,Michigan,Big Ten Conference,7.0,33.0,253.0,WR,74.75,212,8.625,31.875,77.25,1.55,4.44,37.5,127.0,,,,83,59.0,72.0,cornelius johnson,CORNELIUSJOHNSON_20001129,Cornelius Johnson,WR,2025,GB,67.0,91.0,91.0,86.0,82.0,59.0,88.0,63.0
57375,Kalen King,2024,CB,2003-01-28,Penn State,Big Ten Conference,7.0,35.0,255.0,DB,71.25,191,8.75,30.875,74.25,1.54,4.61,37.0,122.0,,4.16,,65,62.0,68.0,kalen king,KALENKING_20030128,Kalen King,DB,2025,GB,65.0,87.0,91.0,87.0,90.0,66.0,88.0,47.0
57376,Nick Gargiulo,2024,G,2000-07-19,South Carolina,Southeastern Conference,7.0,36.0,256.0,OL,77.375,318,10.375,33.875,81.25,1.78,5.25,32.5,101.0,7.33,,28.0,85,60.0,70.0,nick gargiulo,NICKGARGIULO_20000719,Nick Gargiulo,OL,2025,DEN,66.0,64.0,72.0,71.0,58.0,70.0,79.0,87.0
57377,Jaylen Key,2024,FS,2000-02-29,Alabama,Southeastern Conference,7.0,37.0,257.0,DB,72.75,208,9.625,32.25,78.5,1.59,4.6,36.5,130.0,,,,73,57.0,63.0,jaylen key,JAYLENKEY_20000229,Jaylen Key,DB,2025,CIN,66.0,87.0,91.0,82.0,88.0,66.0,87.0,53.0
57598,Isaiah Johnson,2024,CB,2000-03-29,Syracuse,Atlantic Coast Conference,,,,DB,75.0,205,8.875,32.875,80.5,1.55,4.64,38.5,129.0,,,,70,62.0,67.0,isaiah johnson,,Isaiah Johnson,DB,2025,MIA,63.05949925534998,86.7493554051405,89.79486765533494,82.75664749264524,82.13841535435131,61.35865760663296,88.68864311089798,65.12212173040496
57444,Garret Greenfield,2024,T,1999-09-20,South Dakota State,Missouri Valley Football Conference,,,,OL,77.75,311,9.75,33.5,83.125,1.77,5.22,38.5,113.0,7.76,4.85,,78,63.0,71.0,garret greenfield,,Garret Greenfield,OL,2025,TB,62.72029452663003,65.4319915184202,68.99374508989922,60.49293881838889,50.54009213308649,63.78793525817355,83.76137923576562,84.58927548831434
57654,Andrew Coker,2024,T,2001-03-23,Texas Christian,Big Twelve Conference,,,,OL,78.875,315,9.5,34.0,81.0,1.85,5.36,25.5,94.0,7.95,4.93,,52,60.0,60.0,andrew coker,ANDREWCOKER_20010323,Andrew Coker,OL,2025,CIN,59.0,60.0,66.0,54.0,50.0,61.0,65.0,84.0
57741,Dallin Holker,2024,TE,2000-04-07,Colorado State,Mountain West Conference,,,,TE,75.375,241,10.25,33.625,78.125,1.66,4.78,32.5,122.0,6.83,4.21,,69,73.0,72.0,dallin holker,,Dallin Holker,TE,2025,NO,60.98907335658703,82.12503838234375,86.55938094410601,78.73139787779886,73.74770952763559,60.96999471475135,80.0193266534801,71.00333011807356
57428,Brady Latham,2024,G,2000-10-30,Arkansas,Southeastern Conference,,,,OL,77.25,304,9.5,32.75,77.875,1.8,5.31,29.0,110.0,7.57,4.47,,72,68.0,68.0,brady latham,,Brady Latham,OL,2024,NYJ,58.97676240163214,63.60627106870629,70.1101587126177,59.19023435357553,55.64029296743746,58.50367465665374,80.39053900812496,82.42093667341632
57743,Trajan Jeffcoat,2024,DE,1999-10-07,Arkansas,Southeastern Conference,,,,DL,75.875,266,10.125,32.75,79.5,1.66,4.69,31.5,120.0,,,21.0,68,59.0,61.0,trajan jeffcoat,,Trajan Jeffcoat,DL,2024,NO,60.80825793248539,78.66264514126465,80.15314428930469,68.86121875345808,60.47388239563145,53.37189788803654,80.5856729482399,78.65684479511117
57678,Josh Proctor,2024,DB,1999-03-27,Ohio State,Big Ten Conference,,,,DB,73.5,199,8.75,32.0,78.0,1.54,4.55,32.5,121.0,,,,67,58.0,64.0,josh proctor,,Josh Proctor,DB,2024,JAX,60.80087119193343,89.37927266593556,91.10202818040416,84.03938918890913,83.28689089240703,52.46892728288356,86.29326715267197,59.737508545034814
57599,Matthew Jones,2024,G,1999-06-13,Ohio State,Big Ten Conference,,,,OL,75.5,316,9.0,32.625,80.5,1.87,5.21,28.0,103.0,8.19,,,69,69.0,68.0,matthew jones,,Matthew Jones,OL,2025,ARI,60.87326188082932,65.82028048177392,68.07265798640651,54.34315848369374,52.52895005234194,64.81066841947859,73.14160381497322,84.29751505055435
57738,Millard Bradford,2024,FS,1999-09-24,Texas Christian,Big Twelve Conference,,,,DB,70.5,191,9.0,31.25,72.5,1.55,4.42,38.5,124.0,,,15.0,73,54.0,61.0,millard bradford,,Millard Bradford,DB,2025,NO,63.914689939749564,90.55982458103875,91.74770953048665,84.9363352355436,84.3639273769956,60.20895893566899,88.1571467372841,56.860161053875686
57581,Keaton Bills,2024,G,1998-05-22,Utah,Pacific Twelve Conference,,,,OL,76.5,321,10.0,32.5,79.5,1.9,5.38,29.5,101.0,7.95,4.9,24.0,68,57.0,65.0,keaton bills,,Keaton Bills,OL,2024,BUF,58.21773187296221,66.15125752826634,71.95502079437165,59.6588867654915,53.919993846436284,56.441056412744615,79.7684300249357,82.4972890518348
57628,Javion Cohen,2024,G,2002-08-08,Miami,Atlantic Coast Conference,,,,OL,76.375,324,9.875,34.0,80.5,,,26.5,104.0,,,22.0,66,62.0,65.0,javion cohen,JAVIONCOHEN_20020808,Javion Cohen,OL,2025,CLE,63.0,61.0,66.0,48.0,45.0,59.0,67.0,83.0
57687,Frank Crum,2024,T,2000-05-14,Wyoming,Mountain West Conference,,,,OL,80.25,313,10.5,33.875,82.0,1.69,4.94,31.5,114.0,7.39,4.73,22.0,86,59.0,70.0,frank crum,FRANKCRUM_20000514,Frank Crum,OL,2025,DEN,63.0,74.0,79.0,71.0,56.0,54.0,77.0,85.0
57911,Josh Wallace,2024,CB,2000-07-05,Michigan,Big Ten Conference,,,,DB,71.125,185,8.875,31.375,75.625,,,34.5,120.0,,4.35,13.0,51,61.0,59.0,josh wallace,JOSHWALLACE_20000705,Josh Wallace,DB,2025,LAR,66.0,86.0,91.0,83.0,83.0,65.0,83.0,60.0
57409,Gabe Hall,2024,DT,2001-01-12,Baylor,Big Twelve Conference,,,,DL,78.0,291,9.5,34.5,83.625,1.72,5.03,31.5,115.0,7.65,4.67,,66,63.0,65.0,gabe hall,,Gabe Hall,DL,2025,PHI,64.54936838279184,74.06330363703898,78.23477150480835,68.19955002404757,56.675777490508665,64.30901207119553,77.48916372819565,82.98430579336704
57874,Trey Knox,2024,TE,2001-08-14,South Carolina,Southeastern Conference,,,,TE,75.0,240,9.375,34.25,78.75,,,32.5,121.0,7.09,4.54,,64,75.0,69.0,trey knox,TREYKNOX_20010814,Trey Knox,TE,2024,MIN,61.0,76.0,80.0,81.0,84.0,65.0,80.0,73.0
57721,Demani Richardson,2024,FS,2000-10-07,Texas A&M,Southeastern Conference,,,,DB,72.5,210,9.875,32.0,77.125,1.54,4.6,31.0,116.0,,,,57,58.0,60.0,demani richardson,DEMANIRICHARDSON_20001007,Demani Richardson,DB,2025,CAR,65.0,86.0,92.0,78.0,77.0,65.0,79.0,64.0
57637,Myles Murphy,2024,DT,2001-11-27,North Carolina,Atlantic Coast Conference,,,,DL,76.125,309,9.75,33.875,79.0,1.82,5.2,28.5,106.0,,4.81,,58,56.0,58.0,myles murphy,MYLESMURPHY_20010302,Myles Murphy,DL,2025,CIN,70.0,88.0,90.0,77.0,74.0,64.0,76.0,82.0
57441,Nelson Ceaser,2024,DE,2001-06-03,Houston,Big Twelve Conference,,,,DL,74.75,254,10.25,33.625,79.625,,,31.0,,7.3,4.57,22.0,51,68.0,63.0,nelson ceaser,NELSONCEASER_20060301,Nelson Ceaser,DL,2024,SEA,63.53827282840439,74.46316106845029,79.48488854994343,69.81736334552298,59.78233028475341,58.19009178199394,77.67179180928304,81.40023386045405
57408,Anim Dankwah,2024,T,2000-10-19,Howard,Mid-Eastern Athletic Conference,,,,OL,79.75,353,9.75,35.125,85.5,1.77,,27.5,,,,24.0,57,57.0,62.0,anim dankwah,,Anim Dankwah,OL,2025,WAS,63.59792274844989,64.33588483325332,66.49841983080387,54.43101772805028,45.4216979739021,61.83018933240714,68.66471683206328,88.21243719940998
57565,Isaiah Williams,2024,WR,2001-01-29,Illinois,Big Ten Conference,,,,WR,69.25,182,9.125,30.125,72.75,1.59,4.63,38.0,123.0,6.75,,17.0,61,66.0,62.0,isaiah williams,ISAIAHWILLIAMS_20010129,Isaiah Williams,WR,2025,CIN,67.0,87.0,92.0,91.0,92.0,64.0,88.0,59.0
57411,Andre' Sam,2024,FS,1999-02-09,Louisiana State,Southeastern Conference,,,,DB,70.875,191,9.25,30.0,73.375,1.55,4.59,36.0,123.0,,,,64,60.0,63.0,andre' sam,,Andre' Sam,DB,2025,PHI,63.70423253057487,88.0562813575064,90.4722762748438,84.66020269150134,83.10319644732931,61.68526011530071,86.54622272664221,59.74242900700614
57649,Brevyn Spann-Ford,2024,TE,1999-12-27,Minnesota,Big Ten Conference,,,,TE,78.5,260,10.25,33.375,80.0,1.67,4.77,31.5,116.0,7.38,,,63,59.0,64.0,brevyn spann-ford,BREVYNSPANN-FORD_19991227,Brevyn Spann-Ford,TE,2025,DAL,64.0,80.0,83.0,71.0,66.0,65.0,77.0,72.0
57406,Gottlieb Ayedze,2024,T,2000-04-10,Maryland,Big Ten Conference,,,,OL,76.125,308,9.875,33.0,80.625,1.72,5.01,26.5,112.0,,,21.0,82,62.0,72.0,gottlieb ayedze,,Gottlieb Ayedze,OL,2025,LV,61.47353695923073,72.01852436437582,75.00589007226017,61.88606115173752,55.31519721353624,65.18529008090923,74.52880881185456,83.52883422728877
57824,Marcus Rosemy-Jacksaint,2024,WR,2002-01-08,Georgia,Southeastern Conference,,,,WR,73.125,195,10.0,33.0,77.75,,,35.0,119.0,,,,51,56.0,54.0,marcus rosemy-jacksaint,,Marcus Rosemy-Jacksaint,WR,2024,PHI,64.15579024236638,89.02365075330678,89.59955869660962,84.0099651156994,82.63662056493263,52.64438419151281,84.25635824414456,64.99194763570699
57863,Drake Nugent,2024,C,2001-02-09,Michigan,Big Ten Conference,,,,OL,73.5,298,9.0,33.0,78.25,1.83,5.23,29.5,101.0,7.33,4.5,25.0,79,73.0,71.0,drake nugent,,Drake Nugent,OL,2025,SF,63.475893800448375,66.05378064199328,70.86800699242394,62.53714316612184,58.96079079251086,68.19538485975954,74.14964717162457,82.41894925026514
57606,Jalen Coker,2024,WR,2001-10-30,Holy Cross,Patriot League,,,,WR,73.375,208,9.875,32.875,76.75,1.52,4.57,42.5,128.0,,,,81,73.0,75.0,jalen coker,JALENCOKER_20011031,Jalen Coker,WR,2025,CAR,73.0,91.0,92.0,79.0,77.0,74.0,94.0,63.0
57877,Dwight McGlothern,2024,CB,2002-02-06,Arkansas,Southeastern Conference,,,,DB,73.625,185,8.625,30.5,74.875,1.5,4.47,32.0,115.0,,,,57,69.0,65.0,dwight mcglothern,DWIGHTMCGLOTHERN_20020206,Dwight McGlothern,DB,2025,MIN,66.0,90.0,92.0,75.0,83.0,63.0,78.0,59.0
57478,Christian Roland-Wallace,2024,CB,2001-11-23,Southern California,Pacific Twelve Conference,,,,DB,71.5,201,9.0,32.5,77.0,,,,,,,17.0,59,63.0,62.0,christian roland-wallace,CHRISROLAND-WALLACE_20011123,Christian Roland-Wallace,DB,2025,KC,68.197183572115,89.89666519407041,91.17091253424404,83.94650896995472,83.30461310178634,67.8481814999169,86.18497182600356,62.25993913870519
57436,Eric Watts,2024,DE,2000-10-01,Connecticut,Independent,,,,DL,77.625,274,9.75,35.75,84.375,1.65,4.67,36.5,117.0,7.59,4.73,21.0,75,58.0,65.0,eric watts,ERICWATTS_20001001,Eric Watts,DL,2025,NYJ,65.0,83.0,88.0,65.0,58.0,63.0,87.0,79.0
57796,Karsen Barnhart,2024,T,2001-03-02,Michigan,Big Ten Conference,,,,OL,76.5,306,9.875,33.375,81.25,1.76,5.21,29.5,111.0,7.83,4.7,,70,53.0,56.0,karsen barnhart,KARSENBARNHART_20010302,Karsen Barnhart,OL,2025,LAC,62.0,65.0,75.0,57.0,57.0,63.0,74.0,82.0
57660,Lideatrick Griffin,2024,WR,2001-01-23,Mississippi State,Southeastern Conference,,,,WR,70.0,181,9.125,30.625,72.75,1.55,4.43,35.5,124.0,7.0,4.35,,71,62.0,66.0,lideatrick griffin,,Lideatrick Griffin,WR,2025,GB,63.82969529565035,90.59529825376828,91.55194710251482,85.0130489768743,84.45445361356951,56.98875988234181,81.08610904771785,56.57756125976313
58206,Will Campbell,2025,T,2004-01-06,Louisiana State,Southeastern Conference,1.0,4.0,4.0,OL,77.875,319,9.5,32.625,77.375,1.76,4.98,32.0,113.0,,,,86,78.0,82.0,will campbell,WILLCAMPBELL_20040106,Will Campbell,OL,2025,NE,79.0,73.0,78.0,71.0,58.0,76.0,78.0,87.0
58209,Armand Membou,2025,T,2004-03-27,Missouri,Southeastern Conference,1.0,7.0,7.0,OL,76.25,332,9.75,33.5,82.0,1.74,4.91,34.0,115.0,,,31.0,89,83.0,87.0,armand membou,ARMANDMEMBOU_20040327,Armand Membou,OL,2025,NYJ,77.0,74.0,76.0,72.0,61.0,76.0,82.0,89.0
58214,Tyler Booker,2025,G,2004-04-12,Alabama,Southeastern Conference,1.0,12.0,12.0,OL,76.625,321,11.0,34.5,83.5,1.96,5.38,27.0,94.0,7.96,4.84,21.0,60,77.0,75.0,tyler booker,TYLERBOOKER_20040412,Tyler Booker,OL,2025,DAL,77.0,60.0,59.0,53.0,53.0,80.0,68.0,94.0
58220,Grey Zabel,2025,G,2002-03-30,North Dakota State,Missouri Valley Football Conference,1.0,18.0,18.0,OL,77.875,312,9.5,32.0,77.5,,,36.5,111.0,,,26.0,85,85.0,85.0,grey zabel,GREYZABEL_20020330,Grey Zabel,OL,2025,SEA,75.0,74.0,79.0,62.0,61.0,78.0,84.0,88.0
58226,Donovan Jackson,2025,G,2002-12-04,Ohio State,Big Ten Conference,1.0,24.0,24.0,OL,75.625,315,9.875,33.5,83.75,,,,,,,,76,70.0,76.0,donovan jackson,DONOVANJACKSON_20021204,Donovan Jackson,OL,2025,MIN,74.0,67.0,72.0,62.0,53.0,76.0,71.0,90.0
58229,Malaki Starks,2025,FS,2003-11-13,Georgia,Southeastern Conference,1.0,27.0,27.0,DB,72.875,197,9.5,31.625,78.375,1.51,4.5,33.0,,7.26,4.45,,66,76.0,79.0,malaki starks,MALAKISTARKS_20031113,Malaki Starks,DB,2025,BAL,75.0,89.0,91.0,90.0,91.0,71.0,80.0,63.0
58230,Tyleik Williams,2025,DT,2003-02-25,Ohio State,Big Ten Conference,1.0,28.0,28.0,DL,74.875,334,10.25,32.0,78.625,,,,,,,,85,80.0,81.0,tyleik williams,TYLEIKWILLIAMS_20030225,Tyleik Williams,DL,2025,DET,77.0,75.0,78.0,68.0,60.0,75.0,82.0,91.0
58232,Maxwell Hairston,2025,CB,2003-08-06,Kentucky,Southeastern Conference,1.0,30.0,30.0,DB,71.25,183,8.75,31.0,76.625,1.5,4.28,39.5,129.0,,,,86,72.0,80.0,maxwell hairston,MAXWELLHAIRSTON_20030806,Maxwell Hairston,DB,2025,BUF,78.0,96.0,93.0,94.0,95.0,70.0,93.0,59.0
58239,Jayden Higgins,2025,WR,2002-12-15,Iowa State,Big Twelve Conference,2.0,2.0,34.0,WR,76.125,214,9.125,33.125,80.0,1.53,4.47,39.0,128.0,,,,85,80.0,83.0,jayden higgins,JAYDENHIGGINS_20021215,Jayden Higgins,WR,2025,HOU,74.0,89.0,92.0,83.0,81.0,77.0,93.0,67.0
58242,Jonah Savaiinaea,2025,G,2004-01-13,Arizona,Big Twelve Conference,2.0,5.0,37.0,OL,76.125,324,10.25,33.875,82.25,1.72,4.95,29.0,106.0,,4.66,,82,69.0,76.0,jonah savaiinaea,JONAHSAVAIINAEA_20040113,Jonah Savaiinaea,OL,2025,MIA,73.0,74.0,78.0,65.0,57.0,75.0,59.0,84.0
58247,Mason Taylor,2025,TE,2004-05-08,Louisiana State,Southeastern Conference,2.0,10.0,42.0,TE,77.125,251,10.0,32.25,78.75,,,,,,,,75,77.0,78.0,mason taylor,MASONTAYLOR_20040508,Mason Taylor,TE,2025,NYJ,72.0,83.0,86.0,83.0,69.0,67.0,81.0,75.0
58248,Alfred Collins,2025,DT,2001-10-08,Texas,Southeastern Conference,2.0,11.0,43.0,DL,77.625,332,10.0,34.625,85.0,,,26.0,96.0,,,,74,76.0,77.0,alfred collins,ALFREDCOLLINS_20011008,Alfred Collins,DL,2025,SF,75.0,73.0,79.0,69.0,52.0,73.0,75.0,92.0
58249,Donovan Ezeiruaku,2025,DE,2003-09-25,Boston College,Atlantic Coast Conference,2.0,12.0,44.0,DL,74.5,248,9.25,34.0,82.75,,,35.5,119.0,6.94,4.19,22.0,80,90.0,82.0,donovan ezeiruaku,DONOVANEZEIRUAKU_20030925,Donovan Ezeiruaku,DL,2025,DAL,75.0,83.0,90.0,85.0,75.0,69.0,85.0,77.0
58251,Terrance Ferguson,2025,TE,2003-03-07,Oregon,Big Ten Conference,2.0,14.0,46.0,TE,77.375,247,9.25,32.875,80.125,1.55,4.63,39.0,122.0,,,,79,69.0,75.0,terrance ferguson,TERRANCEFERGUSON_20030307,Terrance Ferguson,TE,2025,LAR,69.0,85.0,87.0,78.0,68.0,67.0,92.0,73.0
58253,Aireontae Ersery,2025,T,2002-02-19,Minnesota,Big Ten Conference,2.0,16.0,48.0,OL,78.0,331,9.5,33.125,80.875,1.75,5.01,29.5,111.0,7.81,4.82,25.0,82,69.0,77.0,aireontae ersery,AIREONTAEERSERY_20020219,Aireontae Ersery,OL,2025,HOU,72.0,72.0,76.0,58.0,50.0,74.0,73.0,85.0
58256,Nic Scourton,2025,OLB,2004-08-25,Texas A&M,Southeastern Conference,2.0,19.0,51.0,DL,74.75,257,10.0,33.0,80.875,,,,,,,,71,76.0,76.0,nic scourton,NICSCOURTON_20040825,Nic Scourton,LB,2025,CAR,62.757753934114135,84.23508824968184,87.46674921341275,78.0156332059538,73.51662135537049,60.95062828110457,86.04678060201638,72.08165211549516
58257,Oluwafemi Oladejo,2025,OLB,2003-09-20,UCLA,Big Ten Conference,2.0,20.0,52.0,DL,75.25,259,9.75,33.375,82.125,,,36.5,120.0,,,20.0,76,67.0,70.0,oluwafemi oladejo,OLUWAFEMIOLADEJO_20030920,Oluwafemi Oladejo,LB,2025,TEN,62.759746335323655,84.22727622518045,87.45037186023087,77.99542922975206,73.52552445078163,60.9460810998894,86.06035039904305,72.08863916804003
58259,Anthony Belton,2025,T,2001-02-23,North Carolina State,Atlantic Coast Conference,2.0,22.0,54.0,OL,78.0,335,10.25,33.875,83.125,1.82,5.26,29.5,107.0,7.77,,,72,75.0,75.0,anthony belton,ANTHONYBELTON_20010223,Anthony Belton,OL,2025,GB,71.0,64.0,68.0,59.0,55.0,74.0,74.0,86.0
58261,Ozzy Trapilo,2025,T,2001-10-17,Boston College,Atlantic Coast Conference,2.0,24.0,56.0,OL,80.125,316,10.375,33.0,81.0,1.77,5.21,,106.0,7.71,4.7,22.0,73,67.0,73.0,ozzy trapilo,OZZYTRAPILO_20011017,Ozzy Trapilo,OL,2025,CHI,71.0,65.0,74.0,61.0,57.0,74.0,74.0,87.0
58262,Tate Ratledge,2025,G,2001-04-26,Georgia,Southeastern Conference,2.0,25.0,57.0,OL,78.5,308,10.375,32.25,79.25,1.72,4.97,32.0,113.0,7.38,,,99,72.0,83.0,tate ratledge,TATERATLEDGE_20010426,Tate Ratledge,OL,2025,DET,71.0,73.0,78.0,71.0,61.0,77.0,78.0,88.0
58263,Jack Bech,2025,WR,2002-12-18,Texas Christian,Big Twelve Conference,2.0,26.0,58.0,WR,73.25,214,9.0,31.5,75.0,,,34.5,125.0,6.84,4.21,19.0,75,71.0,77.0,jack bech,JACKBECH_20021218,Jack Bech,WR,2025,LV,73.0,89.0,92.0,89.0,84.0,72.0,83.0,67.0
58266,Trey Amos,2025,CB,2002-03-03,Mississippi,Southeastern Conference,2.0,29.0,61.0,DB,72.75,195,9.0,31.25,77.75,1.6,4.43,32.5,126.0,,,13.0,71,67.0,74.0,trey amos,TREYAMOS_20020303,Trey Amos,DB,2025,WAS,75.0,91.0,92.0,83.0,82.0,75.0,85.0,64.0
58270,Darius Alexander,2025,DT,2000-08-26,Toledo,Mid-American Conference,3.0,1.0,65.0,DL,75.875,305,10.0,34.0,82.875,1.72,4.95,31.5,111.0,7.6,4.79,28.0,83,74.0,79.0,darius alexander,DARIUSALEXANDER_20000826,Darius Alexander,DL,2025,NYG,72.0,74.0,79.0,73.0,63.0,68.0,78.0,86.0
58271,Ashton Gillotte,2025,DE,2002-10-30,Louisville,Atlantic Coast Conference,3.0,2.0,66.0,DL,74.625,264,8.5,31.875,78.625,,,36.5,120.0,,,24.0,88,71.0,76.0,ashton gillotte,ASHTONGILLOTTE_20021030,Ashton Gillotte,DL,2025,KC,73.0,84.0,90.0,83.0,72.0,72.0,87.0,78.0
58273,Darien Porter,2025,CB,2001-01-06,Iowa State,Big Twelve Conference,3.0,4.0,68.0,DB,74.875,195,9.0,33.125,80.0,1.49,4.3,36.5,131.0,6.71,4.04,,97,65.0,81.0,darien porter,DARIENPORTER_20010106,Darien Porter,DB,2025,LV,74.0,96.0,94.0,92.0,90.0,69.0,86.0,61.0
58274,Kyle Williams,2025,WR,2002-11-13,Washington State,Pacific Twelve Conference,3.0,5.0,69.0,WR,70.625,190,8.75,30.125,73.0,1.55,4.4,36.5,119.0,,,,77,77.0,76.0,kyle williams,,Kyle Williams,WR,2025,NE,72.0,92.0,93.0,87.0,85.0,70.0,87.0,66.0
58275,Isaac TeSlaa,2025,WR,2002-02-20,Arkansas,Southeastern Conference,3.0,6.0,70.0,WR,75.625,214,10.0,31.125,76.75,1.51,4.43,39.5,129.0,6.85,4.05,17.0,96,55.0,72.0,isaac teslaa,ISAACTESLAA_20020220,Isaac TeSlaa,WR,2025,DET,68.0,91.0,91.0,88.0,89.0,64.0,92.0,65.0
58277,Landon Jackson,2025,DE,2003-01-02,Arkansas,Southeastern Conference,3.0,8.0,72.0,DL,78.0,264,10.0,33.25,83.625,1.65,4.68,40.5,129.0,,,,82,72.0,78.0,landon jackson,LANDONJACKSON_20030102,Landon Jackson,DL,2025,BUF,73.0,83.0,85.0,79.0,64.0,72.0,90.0,81.0
58278,Azareye'h Thomas,2025,CB,2004-07-06,Florida State,Atlantic Coast Conference,3.0,9.0,73.0,DB,73.5,197,10.0,32.375,78.0,,,,122.0,,,,66,72.0,74.0,azareye'h thomas,AZAREYE'HTHOMAS_20040706,Azareye'h Thomas,DB,2025,NYJ,74.0,86.0,89.0,85.0,84.0,79.0,86.0,67.0
58279,Pat Bryant,2025,WR,2002-12-10,Illinois,Big Ten Conference,3.0,10.0,74.0,WR,74.25,204,9.5,31.125,78.0,1.56,4.61,37.5,124.0,,,,65,72.0,70.0,pat bryant,PATBRYANT_20021210,Pat Bryant,WR,2025,DEN,69.0,85.0,88.0,84.0,86.0,71.0,90.0,69.0
58282,Princely Umanmielen,2025,OLB,2002-04-18,Mississippi,Southeastern Conference,3.0,13.0,77.0,DL,76.375,244,9.625,33.875,82.125,1.62,4.72,38.0,126.0,7.33,4.46,,71,81.0,76.0,princely umanmielen,PRINCELYUMANMIELEN_20020418,Princely Umanmielen,LB,2025,CAR,67.62843387864785,84.78158281935384,88.98904592654134,79.97191635987713,74.47100217876141,65.57212229446958,85.76685098203018,74.92063596941671
58283,Jordan Burch,2025,OLB,2001-10-10,Oregon,Big Ten Conference,3.0,14.0,78.0,DL,76.125,279,9.5,33.0,79.375,1.66,4.67,,,,,,79,71.0,75.0,jordan burch,JORDANBURCH_20011010,Jordan Burch,LB,2025,ARI,69.36066277898601,83.09680860082346,88.4700830917631,77.50056285123242,71.3829754681816,65.30544185705617,84.98890061959742,79.96740792675206
58284,Jaylin Noel,2025,WR,2002-09-04,Iowa State,Big Twelve Conference,3.0,15.0,79.0,WR,70.25,194,8.75,29.5,73.75,1.51,4.39,41.5,134.0,6.82,4.17,23.0,92,70.0,80.0,jaylin noel,JAYLINNOEL_20020904,Jaylin Noel,WR,2025,HOU,73.0,93.0,94.0,89.0,86.0,68.0,84.0,66.0
58286,Dylan Fairchild,2025,G,2003-05-08,Georgia,Southeastern Conference,3.0,17.0,81.0,OL,77.25,318,10.0,33.0,80.75,,,27.5,111.0,,,,82,75.0,77.0,dylan fairchild,DYLANFAIRCHILD_20030508,Dylan Fairchild,OL,2025,CIN,71.0,71.0,78.0,60.0,54.0,74.0,69.0,86.0
58290,Nohl Williams,2025,CB,2002-09-23,California,Atlantic Coast Conference,3.0,21.0,85.0,DB,72.375,199,9.0,30.75,75.5,1.54,4.5,33.5,120.0,,,19.0,65,78.0,74.0,nohl williams,NOHLWILLIAMS_20020923,Nohl Williams,DB,2025,KC,73.0,89.0,89.0,84.0,83.0,73.0,83.0,63.0
58293,Caleb Ransaw,2025,FS,2002-12-22,Tulane,American Athletic Conference,3.0,24.0,88.0,DB,71.375,197,9.75,30.75,75.625,1.52,4.33,40.0,129.0,,,16.0,93,55.0,73.0,caleb ransaw,CALEBRANSAW_20021222,Caleb Ransaw,DB,2025,JAX,73.0,95.0,96.0,86.0,86.0,68.0,93.0,62.0
58294,Wyatt Milum,2025,G,2002-12-27,West Virginia,Big Twelve Conference,3.0,25.0,89.0,OL,78.5,313,10.25,32.125,79.5,1.84,5.27,30.0,108.0,,4.69,,74,78.0,77.0,wyatt milum,WYATTMILUM_20021227,Wyatt Milum,OL,2025,JAX,71.0,63.0,67.0,65.0,58.0,69.0,70.0,87.0
58298,Jonas Sanker,2025,SS,2002-11-23,Virginia,Atlantic Coast Conference,3.0,29.0,93.0,DB,72.375,206,9.75,32.25,77.625,1.51,4.48,36.5,128.0,,,12.0,73,67.0,71.0,jonas sanker,JONASSANKER_20021123,Jonas Sanker,DB,2025,NO,72.0,90.0,89.0,82.0,87.0,70.0,87.0,58.0
58300,Jared Wilson,2025,G,2003-06-05,Georgia,Southeastern Conference,3.0,31.0,95.0,OL,75.0,310,10.75,32.375,80.0,1.72,4.84,32.0,112.0,,4.56,,97,84.0,83.0,jared wilson,JAREDWILSON_20030605,Jared Wilson,OL,2025,NE,69.0,78.0,79.0,70.0,62.0,69.0,78.0,86.0
58302,Jaylin Smith,2025,CB,2003-11-05,Southern California,Big Ten Conference,3.0,33.0,97.0,DB,70.5,187,9.25,29.875,75.25,1.6,4.45,32.5,122.0,,,,67,67.0,66.0,jaylin smith,JAYLINSMITH_20031105,Jaylin Smith,DB,2025,HOU,70.0,91.0,86.0,86.0,85.0,72.0,79.0,54.0
58303,Caleb Rogers,2025,G,2001-10-03,Texas Tech,Big Twelve Conference,3.0,34.0,98.0,OL,76.625,312,9.75,32.375,79.0,1.78,5.1,34.0,111.0,7.43,4.49,,88,54.0,63.0,caleb rogers,CALEBROGERS_20011003,Caleb Rogers,OL,2025,LV,71.0,69.0,72.0,70.0,64.0,72.0,66.0,86.0
58305,Upton Stout,2025,CB,2002-01-09,Western Kentucky,Conference USA,3.0,36.0,100.0,DB,68.5,181,9.0,30.0,74.375,1.51,4.44,37.5,128.0,,4.29,21.0,73,64.0,68.0,upton stout,UPTONSTOUT_20020109,Upton Stout,DB,2025,SF,73.0,91.0,92.0,87.0,85.0,70.0,89.0,57.0
58307,Tai Felton,2025,WR,2003-03-15,Maryland,Big Ten Conference,3.0,38.0,102.0,WR,73.125,183,9.0,30.0,72.375,1.51,4.37,39.5,130.0,,,,87,71.0,77.0,tai felton,TAIFELTON_20030315,Tai Felton,WR,2025,MIN,71.0,93.0,93.0,84.0,85.0,62.0,89.0,59.0
58308,Chimere Dike,2025,WR,2001-12-14,Florida,Southeastern Conference,4.0,1.0,103.0,WR,72.625,196,9.125,32.125,76.875,1.51,4.34,38.5,128.0,6.82,4.27,,90,60.0,73.0,chimere dike,CHIMEREDIKE_20011214,Chimere Dike,WR,2025,TEN,70.0,94.0,94.0,88.0,86.0,73.0,91.0,65.0
58311,Craig Woodson,2025,SS,2001-02-20,California,Atlantic Coast Conference,4.0,4.0,106.0,DB,72.125,200,8.75,30.5,75.25,1.53,4.45,36.0,127.0,,,13.0,78,60.0,68.0,craig woodson,CRAIGWOODSON_20010220,Craig Woodson,DB,2025,NE,71.0,91.0,92.0,85.0,85.0,68.0,86.0,59.0
58314,Deone Walker,2025,DT,2004-03-11,Kentucky,Southeastern Conference,4.0,7.0,109.0,DL,79.375,331,10.625,34.25,84.125,,,25.0,104.0,,,,51,77.0,70.0,deone walker,DEONEWALKER_20040311,Deone Walker,DL,2025,BUF,69.0,61.0,73.0,70.0,62.0,72.0,64.0,82.0
58315,Arian Smith,2025,WR,2001-10-11,Georgia,Southeastern Conference,4.0,8.0,110.0,WR,72.125,179,9.0,31.25,77.0,1.51,4.36,38.0,127.0,6.82,4.19,,86,64.0,73.0,arian smith,ARIANSMITH_20011011,Arian Smith,WR,2025,NYJ,68.0,94.0,91.0,90.0,89.0,71.0,89.0,64.0
58316,Ty Robinson,2025,DT,2001-05-03,Nebraska,Big Ten Conference,4.0,9.0,111.0,DL,77.125,288,10.0,32.25,79.0,1.71,4.83,33.5,119.0,7.58,4.5,28.0,83,70.0,75.0,ty robinson,TYROBINSON_20010503,Ty Robinson,DL,2025,PHI,71.0,78.0,80.0,65.0,64.0,69.0,83.0,89.0
58325,Gunnar Helm,2025,TE,2002-09-06,Texas,Southeastern Conference,4.0,18.0,120.0,TE,77.0,241,9.875,32.75,79.5,1.69,4.84,30.0,,7.15,4.4,,56,79.0,73.0,gunnar helm,GUNNARHELM_20020906,Gunnar Helm,TE,2025,TEN,67.0,78.0,80.0,79.0,73.0,69.0,80.0,74.0
58326,David Walker,2025,OLB,2000-06-03,Central Arkansas,United Athletic Conference,4.0,19.0,121.0,DL,72.875,263,9.25,31.875,77.5,1.65,4.69,35.0,118.0,7.15,4.39,26.0,78,83.0,78.0,david walker,DAVIDWALKER_20000603,David Walker,LB,2025,TB,65.7297086425308,84.37581669358195,88.3907781911112,76.88728221654753,70.62556366483409,61.87282363755787,84.92795169371504,77.11906992091392
58327,Lathan Ransom,2025,SS,2002-07-16,Ohio State,Big Ten Conference,4.0,20.0,122.0,DB,72.25,206,8.5,30.5,75.125,,,,,,,,67,68.0,71.0,lathan ransom,LATHANRANSOM_20020716,Lathan Ransom,DB,2025,CAR,69.0,86.0,91.0,83.0,80.0,68.0,87.0,66.0
58328,Jack Sawyer,2025,OLB,2002-05-06,Ohio State,Big Ten Conference,4.0,21.0,123.0,DL,76.25,260,9.75,31.75,77.125,,,,,,,,81,72.0,78.0,jack sawyer,JACKSAWYER_20020506,Jack Sawyer,LB,2025,PIT,65.53885543305012,84.20222864152652,87.83666471321992,77.6182940214652,70.75883596171593,61.6172393614263,85.67785441181286,77.28689730156424
58329,Barryn Sorrell,2025,DE,2002-12-22,Texas,Southeastern Conference,4.0,22.0,124.0,DL,75.25,256,9.25,32.25,77.875,1.65,4.68,34.0,121.0,7.06,4.36,28.0,79,63.0,70.0,barryn sorrell,BARRYNSORRELL_20021222,Barryn Sorrell,DL,2025,GB,70.0,83.0,85.0,80.0,73.0,71.0,82.0,82.0
58330,Kyle Kennard,2025,OLB,2001-12-12,South Carolina,Southeastern Conference,4.0,23.0,125.0,DL,76.0,254,9.75,34.0,81.5,1.63,4.73,,,,,23.0,73,77.0,74.0,kyle kennard,KYLEKENNARD_20011212,Kyle Kennard,LB,2025,LAC,65.05939208795525,84.26707269001452,87.64030551333722,77.84583511647872,70.93393882842724,61.499726613304745,85.87866258626173,76.60820809779284
58332,Jalen Travis,2025,T,2002-04-19,Iowa State,Big Twelve Conference,4.0,25.0,127.0,OL,79.75,339,10.5,34.875,83.5,1.8,5.14,35.0,112.0,,,26.0,78,66.0,71.0,jalen travis,JALENTRAVIS_20020419,Jalen Travis,OL,2025,IND,68.0,68.0,70.0,57.0,50.0,68.0,84.0,88.0
58333,Jaylin Lane,2025,WR,2002-05-01,Virginia Tech,Atlantic Coast Conference,4.0,26.0,128.0,WR,69.75,191,9.875,31.75,77.25,1.5,4.34,40.0,132.0,6.75,4.12,14.0,95,63.0,76.0,jaylin lane,JAYLINLANE_20020501,Jaylin Lane,WR,2025,WAS,72.0,94.0,93.0,91.0,90.0,65.0,90.0,58.0
58336,Quincy Riley,2025,CB,2001-05-26,Louisville,Atlantic Coast Conference,4.0,29.0,131.0,DB,70.625,194,8.5,31.0,75.0,1.54,4.48,,,,,,73,70.0,74.0,quincy riley,QUINCYRILEY_20010526,Quincy Riley,DB,2025,NO,72.0,90.0,90.0,90.0,85.0,71.0,85.0,64.0
58338,Jalen Royals,2025,WR,2003-02-18,Utah State,Mountain West Conference,4.0,31.0,133.0,WR,72.0,205,9.5,30.125,73.75,1.49,4.42,,,,,13.0,87,79.0,84.0,jalen royals,JALENROYALS_20030218,Jalen Royals,WR,2025,KC,71.0,92.0,93.0,85.0,83.0,73.0,86.0,64.0
58340,Tonka Hemingway,2025,DT,2001-10-31,South Carolina,Southeastern Conference,4.0,33.0,135.0,DL,74.875,284,9.0,33.0,80.75,,,32.0,112.0,7.36,4.48,,81,63.0,69.0,tonka hemingway,TONKAHEMINGWAY_20011031,Tonka Hemingway,DL,2025,LV,68.0,72.0,84.0,72.0,65.0,66.0,78.0,81.0
58341,Elic Ayomanor,2025,WR,2003-06-03,Stanford,Atlantic Coast Conference,4.0,34.0,136.0,WR,73.75,206,10.0,32.375,78.375,1.58,4.44,38.5,127.0,,,,83,71.0,78.0,elic ayomanor,ELICAYOMANOR_20030603,Elic Ayomanor,WR,2025,TEN,71.0,91.0,92.0,81.0,79.0,69.0,91.0,68.0
58342,Joshua Farmer,2025,DT,2003-01-17,Florida State,Atlantic Coast Conference,4.0,35.0,137.0,DL,75.25,305,10.25,35.0,83.375,1.77,5.11,29.0,112.0,,,26.0,69,69.0,68.0,joshua farmer,JOSHUAFARMER_20030117,Joshua Farmer,DL,2025,NE,71.0,69.0,74.0,67.0,59.0,68.0,72.0,88.0
58343,Jordan Watkins,2025,WR,2002-02-15,Mississippi,Southeastern Conference,4.0,36.0,138.0,WR,71.25,196,9.125,29.375,72.5,1.53,4.37,36.5,119.0,,,,80,66.0,72.0,jordan watkins,JORDANWATKINS_20020215,Jordan Watkins,WR,2025,SF,69.0,93.0,93.0,82.0,83.0,68.0,86.0,66.0
58344,Tyrion Ingram-Dawkins,2025,DE,2003-06-26,Georgia,Southeastern Conference,5.0,1.0,139.0,DL,76.75,276,9.75,33.5,82.75,1.69,4.86,36.0,124.0,7.28,4.34,,85,63.0,71.0,tyrion ingram-dawkins,TYRIONINGRAM-DAWKINS_20030626,Tyrion Ingram-Dawkins,DL,2025,MIN,66.0,77.0,86.0,75.0,70.0,65.0,85.0,83.0
58345,Cam Jackson,2025,DT,2002-08-08,Florida,Southeastern Conference,5.0,2.0,140.0,DL,78.25,328,9.5,34.125,81.875,1.81,5.17,24.5,93.0,,,,51,63.0,59.0,cam jackson,CAMJACKSON_20020807,Cam Jackson,DL,2025,CAR,70.0,67.0,70.0,60.0,54.0,69.0,63.0,87.0
58346,Carson Vinson,2025,T,2001-11-13,Alabama A&M,Southwestern Athletic Conference,5.0,3.0,141.0,OL,79.125,314,10.25,34.5,84.375,1.8,5.12,28.5,111.0,7.51,,,74,65.0,69.0,carson vinson,CARSONVINSON_20011113,Carson Vinson,OL,2025,BAL,67.0,68.0,70.0,63.0,52.0,70.0,71.0,81.0
58348,Jordan Phillips,2025,DT,2004-06-30,Maryland,Big Ten Conference,5.0,5.0,143.0,DL,73.625,312,9.75,31.5,79.125,,,31.0,108.0,8.19,4.65,29.0,74,63.0,67.0,jordan phillips,JORDANPHILLIPS_20040630,Jordan Phillips,DL,2025,MIA,71.0,72.0,81.0,59.0,56.0,66.0,76.0,89.0
58350,Mac McWilliams,2025,CB,2001-11-29,Central Florida,Big Twelve Conference,5.0,7.0,145.0,DB,70.25,191,8.375,29.875,72.625,1.52,4.41,34.0,,,,,76,63.0,71.0,mac mcwilliams,MACMCWILLIAMS_20011129,Mac McWilliams,DB,2025,PHI,71.0,92.0,93.0,86.0,86.0,67.0,82.0,59.0
58351,Bradyn Swinson,2025,OLB,2002-07-04,Louisiana State,Southeastern Conference,5.0,8.0,146.0,DL,75.625,255,9.875,33.375,81.25,,,,,7.13,4.33,,73,73.0,70.0,bradyn swinson,BRADYNSWINSON_20020704,Bradyn Swinson,LB,2025,NE,65.5953510535137,85.25120723147825,89.26630096679412,79.33960025446163,73.03718214483274,60.563591500282655,85.10871879203637,76.00661512926199
58353,Ty Hamilton,2025,NT,2002-04-15,Ohio State,Big Ten Conference,5.0,10.0,148.0,DL,74.875,299,10.125,32.25,78.625,,,,,,,,83,68.0,70.0,ty hamilton,TYHAMILTON_20020415,Ty Hamilton,DL,2025,LAR,71.0,75.0,80.0,61.0,57.0,69.0,79.0,89.0
58358,Jalen Rivers,2025,G,2002-09-12,Miami,Atlantic Coast Conference,5.0,17.0,153.0,OL,77.75,319,10.0,34.875,83.875,1.85,5.29,,108.0,,,23.0,71,69.0,72.0,jalen rivers,JALENRIVERS_20020912,Jalen Rivers,OL,2025,CIN,67.0,63.0,65.0,56.0,49.0,67.0,69.0,83.0
58359,Marcus Mbow,2025,T,2003-04-02,Purdue,Big Ten Conference,5.0,18.0,154.0,OL,76.125,303,10.5,32.0,80.0,,,,,,4.67,,73,68.0,74.0,marcus mbow,MARCUSMBOW_20030402,Marcus Mbow,OL,2025,NYG,66.0,71.0,73.0,68.0,57.0,66.0,73.0,84.0
58362,Elijah Roberts,2025,DE,2001-12-24,Southern Methodist,Atlantic Coast Conference,5.0,21.0,157.0,DL,75.625,285,10.25,33.625,82.5,1.67,4.78,31.5,116.0,,,,73,69.0,69.0,elijah roberts,ELIJAHROBERTS_20011224,Elijah Roberts,DL,2025,TB,69.0,80.0,83.0,76.0,57.0,67.0,77.0,83.0
58363,KeAndre Lambert-Smith,2025,WR,2001-10-16,Auburn,Southeastern Conference,5.0,22.0,158.0,WR,72.75,190,9.125,32.625,78.625,1.53,4.37,34.5,124.0,,,,86,66.0,73.0,keandre lambert-smith,KEANDRELAMBERT-SMITH_20011016,KeAndre Lambert-Smith,WR,2025,LAC,70.0,93.0,94.0,92.0,95.0,65.0,83.0,60.0
58365,Marques Sigle,2025,SS,2002-07-18,Kansas State,Big Twelve Conference,5.0,24.0,160.0,DB,71.375,199,9.25,30.75,74.0,1.5,4.37,38.0,130.0,,,,85,66.0,71.0,marques sigle,MARQUESSIGLE_20020718,Marques Sigle,DB,2025,SF,69.0,92.0,92.0,84.0,81.0,64.0,90.0,64.0
58368,Mitchell Evans,2025,TE,2003-03-18,Notre Dame,Independent,5.0,27.0,163.0,TE,77.375,258,9.5,31.875,77.0,1.55,4.74,31.0,115.0,7.25,4.4,,70,66.0,71.0,mitchell evans,MITCHELLEVANS_20030318,Mitchell Evans,TE,2025,CAR,67.0,81.0,85.0,79.0,70.0,65.0,81.0,73.0
58369,Yahya Black,2025,DT,2002-04-21,Iowa,Big Ten Conference,5.0,28.0,164.0,DL,77.75,336,10.25,35.0,83.875,1.88,5.39,25.5,101.0,7.63,4.72,,55,61.0,62.0,yahya black,YAHYABLACK_20020421,Yahya Black,DL,2025,PIT,67.0,60.0,66.0,63.0,55.0,68.0,65.0,85.0
58373,Drew Kendall,2025,C,2001-11-27,Boston College,Atlantic Coast Conference,5.0,32.0,168.0,OL,76.25,308,9.625,31.75,77.5,1.79,5.05,,,7.56,4.51,20.0,85,71.0,74.0,drew kendall,DREWKENDALL_20011127,Drew Kendall,OL,2025,PHI,65.0,71.0,72.0,66.0,64.0,76.0,75.0,81.0
58374,Zah Frazier,2025,CB,2000-10-05,Texas-San Antonio,American Athletic Conference,5.0,33.0,169.0,DB,74.875,186,8.25,32.875,80.125,1.51,4.36,36.5,126.0,7.0,4.26,,78,63.0,71.0,zah frazier,ZAHFRAZIER_20001005,Zah Frazier,DB,2025,CHI,70.0,94.0,96.0,82.0,84.0,65.0,88.0,56.0
58375,Jordan Hancock,2025,FS,2003-08-12,Ohio State,Big Ten Conference,5.0,34.0,170.0,DB,72.125,195,8.625,30.75,76.125,,,,,,,,84,59.0,72.0,jordan hancock,JORDANHANCOCK_20030812,Jordan Hancock,DB,2025,BUF,69.0,91.0,94.0,82.0,81.0,71.0,95.0,60.0
58376,Miles Frazier,2025,G,2001-09-12,Louisiana State,Southeastern Conference,5.0,35.0,171.0,OL,77.625,317,9.0,32.75,81.25,1.79,5.24,31.0,108.0,,,27.0,78,66.0,73.0,miles frazier,MILESFRAZIER_20010912,Miles Frazier,OL,2025,DET,69.0,64.0,71.0,59.0,53.0,70.0,58.0,89.0
58378,Jackson Hawes,2025,TE,2000-12-06,Georgia Tech,Atlantic Coast Conference,5.0,37.0,173.0,TE,76.5,253,9.125,32.125,79.0,1.56,4.82,34.5,121.0,,4.4,16.0,69,65.0,70.0,jackson hawes,JACKSONHAWES_20001206,Jackson Hawes,TE,2025,BUF,61.0,78.0,86.0,73.0,71.0,60.0,83.0,72.0
58379,Denzel Burke,2025,CB,2002-11-10,Ohio State,Big Ten Conference,5.0,38.0,174.0,DB,71.25,186,8.75,31.375,77.125,1.5,4.48,,,,,,67,69.0,70.0,denzel burke,DENZELBURKE_20021010,Denzel Burke,DB,2025,ARI,70.0,90.0,92.0,84.0,82.0,72.0,85.0,61.0
58380,Robbie Ouzts,2025,FB,2002-09-06,Alabama,Southeastern Conference,5.0,39.0,175.0,TE,75.0,274,9.75,31.25,78.25,1.64,4.91,34.0,119.0,7.34,4.45,26.0,71,60.0,66.0,robbie ouzts,ROBBIEOUZTS_20020906,Robbie Ouzts,RB,2025,SEA,69.68530106011372,84.4075680572247,86.26172976549998,74.26219689562868,76.8274953706032,72.22411958675696,83.88980186375505,94.05944068211346
58381,Tyler Baron,2025,DE,2001-10-22,Miami,Atlantic Coast Conference,5.0,40.0,176.0,DL,76.625,258,10.0,33.125,80.25,1.61,4.62,35.5,121.0,,,19.0,72,69.0,70.0,tyler baron,TYLERBARON_20011022,Tyler Baron,DL,2025,NYJ,69.0,85.0,89.0,73.0,65.0,69.0,84.0,76.0
58382,Dorian Strong,2025,CB,2002-03-14,Virginia Tech,Atlantic Coast Conference,6.0,1.0,177.0,DB,73.0,185,9.25,30.875,76.125,1.55,4.5,36.0,116.0,,,15.0,60,62.0,67.0,dorian strong,DORIANSTRONG_20020314,Dorian Strong,DB,2025,BUF,72.0,89.0,91.0,96.0,92.0,67.0,86.0,60.0
58383,Bilhal Kone,2025,CB,2002-03-03,Western Michigan,Mid-American Conference,6.0,2.0,178.0,DB,73.25,190,9.0,30.875,75.5,1.54,4.43,31.5,124.0,,,,72,60.0,65.0,bilhal kone,BILHALKONE_20020303,Bilhal Kone,DB,2025,BAL,69.0,91.0,92.0,87.0,82.0,66.0,84.0,58.0
58392,Jaylen Reed,2025,SS,2003-01-29,Penn State,Big Ten Conference,6.0,11.0,187.0,DB,71.625,211,9.0,30.375,74.25,1.51,4.49,33.5,,,,19.0,77,60.0,68.0,jaylen reed,JAYLENREED_20030129,Jaylen Reed,DB,2025,HOU,68.0,89.0,92.0,85.0,84.0,65.0,81.0,67.0
58395,Tim Smith,2025,DT,2002-08-09,Alabama,Southeastern Conference,6.0,14.0,190.0,DL,76.375,302,10.375,33.0,81.625,,,,,,,,51,57.0,54.0,tim smith,TIMSMITH_20020809,Tim Smith,DL,2025,IND,67.0,68.0,71.0,60.0,58.0,67.0,60.0,83.0
58396,Myles Hinton,2025,T,2002-01-09,Michigan,Big Ten Conference,6.0,15.0,191.0,OL,78.75,323,10.25,34.125,82.75,,,31.5,,,4.96,,69,57.0,64.0,myles hinton,MYLESHINTON_20020109,Myles Hinton,OL,2025,PHI,65.0,66.0,69.0,56.0,52.0,67.0,77.0,82.0
58401,Ahmed Hassanein,2025,DE,2002-07-10,Boise State,Mountain West Conference,6.0,20.0,196.0,DL,74.375,267,9.0,32.25,78.75,1.7,4.77,32.5,113.0,,,27.0,72,70.0,64.0,ahmed hassanein,AHMEDHASSANEIN_20020709,Ahmed Hassanein,DL,2025,DET,68.0,80.0,81.0,76.0,67.0,72.0,79.0,83.0
58403,Warren Brinson,2025,DT,2002-02-04,Georgia,Southeastern Conference,6.0,22.0,198.0,DL,77.25,315,10.375,33.5,80.875,1.76,5.09,31.0,115.0,,,,79,66.0,73.0,warren brinson,WARRENBRINSON_20020204,Warren Brinson,DL,2025,GB,66.0,70.0,75.0,65.0,59.0,66.0,74.0,83.0
58407,Gavin Bartholomew,2025,TE,2003-04-30,Pittsburgh,Atlantic Coast Conference,6.0,26.0,202.0,TE,76.625,246,9.875,31.375,78.375,1.59,4.7,,,,,,75,69.0,72.0,gavin bartholomew,GAVINBARTHOLOMEW_20030430,Gavin Bartholomew,TE,2025,MIN,64.0,82.0,87.0,82.0,77.0,66.0,87.0,70.0
58408,LaJohntay Wester,2025,WR,2002-03-29,Colorado,Big Twelve Conference,6.0,27.0,203.0,WR,69.625,163,8.625,29.75,72.625,1.53,4.46,32.0,121.0,,,,63,65.0,59.0,lajohntay wester,LAJOHNTAYWESTER_20020329,LaJohntay Wester,WR,2025,BAL,66.16071118553322,91.59928792085572,92.3657320231054,87.66578171340618,89.08286441462991,60.012018136555525,79.91265341377613,53.7237705852574
58414,Antwaun Powell-Ryland,2025,OLB,2002-02-23,Virginia Tech,Atlantic Coast Conference,6.0,33.0,209.0,DL,74.625,258,9.625,31.25,76.125,1.64,4.69,36.5,124.0,,,,80,84.0,78.0,antwaun powell-ryland,ANTWAUNPOWELL-RYLAND_20020223,Antwaun Powell-Ryland,LB,2025,PHI,64.10961230922561,85.18779225503204,88.89220350421726,79.02873692073172,73.07077804937398,58.58218597346468,85.79206371733676,76.45422374556996
58415,Aeneas Peebles,2025,DT,2001-09-03,Virginia Tech,Atlantic Coast Conference,6.0,34.0,210.0,DL,72.5,282,9.625,31.375,78.0,1.74,4.94,32.5,109.0,,4.7,,74,67.0,69.0,aeneas peebles,AENEASPEEBLES_20010903,Aeneas Peebles,DL,2025,BAL,68.0,73.0,81.0,64.0,57.0,68.0,80.0,81.0
58416,Hayden Conner,2025,G,2002-04-26,Texas,Southeastern Conference,6.0,35.0,211.0,OL,78.0,314,9.625,33.25,79.625,,,,,7.9,4.88,,74,61.0,64.0,hayden conner,HAYDENCONNER_20020426,Hayden Conner,OL,2025,ARI,65.0,65.0,75.0,63.0,57.0,65.0,52.0,86.0
58417,Robert Longerbeam,2025,CB,2001-01-18,Rutgers,Big Ten Conference,6.0,36.0,212.0,DB,71.0,175,8.5,31.5,76.5,1.5,4.39,36.5,134.0,,,,79,61.0,69.0,robert longerbeam,ROBERTLONGERBEAM_20010118,Robert Longerbeam,DB,2025,BAL,69.0,93.0,92.0,85.0,87.0,65.0,87.0,57.0
58419,R.J. Mickens,2025,FS,2001-07-10,Clemson,Atlantic Coast Conference,6.0,38.0,214.0,DB,72.0,199,8.875,32.25,77.625,1.55,4.49,41.5,121.0,,,,82,64.0,71.0,r.j. mickens,R.J.MICKENS_20010710,R.J. Mickens,DB,2025,LAC,67.0,89.0,91.0,81.0,80.0,64.0,95.0,63.0
58423,Jack Nelson,2025,T,2002-01-15,Wisconsin,Big Ten Conference,7.0,2.0,218.0,OL,79.0,314,10.0,33.5,81.375,,,,,,,,73,64.0,70.0,jack nelson,JACKNELSON_20020115,Jack Nelson,OL,2025,ATL,63.0,67.0,71.0,64.0,53.0,66.0,69.0,84.0
58430,Kitan Crawford,2025,FS,2001-12-31,Nevada,Mountain West Conference,7.0,9.0,225.0,DB,70.625,202,9.5,31.0,75.25,1.52,4.41,41.5,128.0,6.81,4.03,18.0,89,59.0,71.0,kitan crawford,KITANCRAWFORD_20011231,Kitan Crawford,DB,2025,ARI,66.0,92.0,90.0,83.0,86.0,62.0,95.0,64.0
58437,Hunter Wohler,2025,SS,2003-01-12,Wisconsin,Big Ten Conference,7.0,16.0,232.0,DB,74.0,213,9.25,30.625,75.375,1.54,4.57,37.0,120.0,6.72,4.25,,76,61.0,69.0,hunter wohler,HUNTERWOHLER_20030112,Hunter Wohler,DB,2025,IND,65.0,87.0,90.0,92.0,83.0,62.0,88.0,63.0
58440,Tez Johnson,2025,WR,2002-05-18,Oregon,Big Ten Conference,7.0,19.0,235.0,WR,69.875,154,9.0,29.375,73.75,1.53,4.51,37.0,131.0,6.65,4.15,,63,76.0,74.0,tez johnson,TEZJOHNSON_20020518,Tez Johnson,WR,2025,TB,69.0,89.0,91.0,93.0,90.0,55.0,88.0,58.0
58445,Kaden Prather,2025,WR,2002-09-06,Maryland,Big Ten Conference,7.0,24.0,240.0,WR,75.5,204,9.25,31.875,77.625,1.53,4.46,30.0,114.0,,,,70,57.0,63.0,kaden prather,KADENPRATHER_20020906,Kaden Prather,WR,2025,BUF,66.0,90.0,90.0,87.0,87.0,70.0,77.0,67.0
58447,Konata Mumpfield,2025,WR,2002-10-24,Pittsburgh,Atlantic Coast Conference,7.0,26.0,242.0,WR,71.375,186,8.5,29.375,74.375,1.54,4.59,36.0,124.0,,,,61,61.0,57.0,konata mumpfield,KONATAMUMPFIELD_20021024,Konata Mumpfield,WR,2025,LAR,69.0,86.0,88.0,90.0,88.0,63.0,85.0,63.0
58449,Dominic Lovett,2025,WR,2002-11-08,Georgia,Southeastern Conference,7.0,28.0,244.0,WR,70.0,185,9.25,31.375,75.625,1.53,4.4,33.5,120.0,,4.27,,76,64.0,72.0,dominic lovett,DOMINICLOVETT_20021108,Dominic Lovett,WR,2025,DET,67.0,92.0,92.0,80.0,84.0,66.0,81.0,62.0
58452,Tommy Akingbesote,2025,DT,2003-02-25,Maryland,Big Ten Conference,7.0,31.0,247.0,DL,75.75,306,10.0,33.5,82.625,1.77,5.09,28.0,103.0,,,,66,61.0,63.0,tommy akingbesote,TOMMYAKINGBESOTE_20030225,Tommy Akingbesote,DL,2025,DAL,65.0,69.0,74.0,62.0,55.0,70.0,73.0,82.0
58453,Moliki Matavao,2025,TE,2003-03-17,UCLA,Big Ten Conference,7.0,32.0,248.0,TE,77.625,260,9.5,32.5,78.875,1.6,4.81,32.5,114.0,,,,68,58.0,66.0,moliki matavao,MOLIKIMATAVAO_20030317,Moliki Matavao,TE,2025,NO,63.0,79.0,80.0,76.0,69.0,66.0,79.0,76.0
58454,Connor Colby,2025,G,2003-01-16,Iowa,Big Ten Conference,7.0,33.0,249.0,OL,77.75,309,10.0,32.0,77.125,1.78,5.11,28.5,110.0,7.78,4.63,,80,58.0,66.0,connor colby,CONNORCOLBY_20030116,Connor Colby,OL,2025,SF,63.0,69.0,73.0,66.0,61.0,65.0,71.0,83.0
58455,John Williams,2025,G,2002-01-17,Cincinnati,Big Twelve Conference,7.0,34.0,250.0,OL,76.125,322,11.0,33.875,81.5,1.8,5.17,,,7.93,4.72,29.0,75,68.0,70.0,john williams,JOHNWILLIAMS_20020117,John Williams,OL,2025,GB,63.0,67.0,71.0,54.0,57.0,65.0,62.0,87.0
58458,Zeek Biggers,2025,DT,2003-10-04,Georgia Tech,Atlantic Coast Conference,7.0,37.0,253.0,DL,77.5,321,10.25,34.875,85.125,1.74,5.14,34.5,111.0,,,,72,55.0,63.0,zeek biggers,ZEEKBIGGERS_20031004,Zeek Biggers,DL,2025,MIA,65.0,69.0,76.0,56.0,56.0,67.0,81.0,84.0
58459,Fadil Diggs,2025,OLB,2000-10-15,Syracuse,Atlantic Coast Conference,7.0,38.0,254.0,DL,76.375,257,10.375,33.375,79.125,1.6,4.57,30.5,121.0,,,,77,68.0,67.0,fadil diggs,FADILDIGGS_20011015,Fadil Diggs,LB,2025,NO,62.04242307498458,84.09564716261428,88.02347035012703,78.2912007006455,73.39807370161111,60.8156196312242,84.77467431560626,71.71112206866974
58460,Luke Lachey,2025,TE,2001-06-29,Iowa,Big Ten Conference,7.0,39.0,255.0,TE,77.75,251,10.0,32.125,78.375,,,35.0,120.0,7.18,4.47,,61,63.0,65.0,luke lachey,LUKELACHEY_20010629,Luke Lachey,TE,2025,HOU,64.0,77.0,81.0,78.0,74.0,70.0,84.0,74.0
58845,Payton Page,2025,DT,2002-09-27,Clemson,Atlantic Coast Conference,,,,DL,75.25,290,10.0,31.375,79.125,,,33.0,116.0,,,,75,59.0,63.0,payton page,,Payton Page,DL,2025,NYJ,60.68554694788452,72.18311400699668,76.2577005374585,66.40340646298843,58.90319677052452,53.416432169997904,79.6494112834556,83.11052015388799
58998,Joshua Simon,2025,TE,2000-11-27,South Carolina,Southeastern Conference,,,,TE,76.125,239,10.125,33.875,83.0,1.58,4.65,38.0,124.0,7.22,4.4,,67,73.0,69.0,joshua simon,,Joshua Simon,TE,2025,ATL,59.35946826201382,90.56038222053644,90.41743015686389,84.09331688713499,80.97231841978821,47.55515043220987,91.18234086137306,65.10017316259177
58997,Nick Nash,2025,WR,1999-07-08,San Jose State,Mountain West Conference,,,,WR,74.5,203,8.75,31.0,76.5,1.54,4.57,34.0,123.0,,,,62,70.0,66.0,nick nash,NICKNASH_19990708,Nick Nash,WR,2025,ATL,67.0,87.0,90.0,81.0,79.0,71.0,82.0,65.0
58751,Ja'Corey Brooks,2025,WR,2001-10-31,Louisville,Atlantic Coast Conference,,,,WR,74.0,184,9.0,31.75,76.75,,,,,,,,51,68.0,56.0,ja'corey brooks,,Ja'Corey Brooks,WR,2025,WAS,63.81217239954248,89.04689891646572,89.71385910955044,83.31362111891747,82.23900785072209,52.77759869675265,85.24760400581988,65.28461932183757
58486,Nazir Stackhouse,2025,DT,2002-04-18,Georgia,Southeastern Conference,,,,DL,75.75,327,10.25,32.5,78.125,1.8,5.15,27.5,105.0,,,,74,56.0,66.0,nazir stackhouse,,Nazir Stackhouse,DL,2025,GB,60.67202999265254,64.33501313884108,71.49031796657232,60.08579530011282,53.3012572696494,54.763775707728925,71.12795784287084,86.26953128501833
58958,Brandon Crenshaw-Dickson,2025,T,2001-02-22,Florida,Southeastern Conference,,,,OL,79.25,316,10.5,34.0,83.5,1.87,5.33,24.5,96.0,8.15,4.91,,51,64.0,61.0,brandon crenshaw-dickson,,Brandon Crenshaw-Dickson,OL,2025,TEN,61.838033208472496,67.1970420654535,70.54926784859708,58.85191195716146,53.13954360600036,59.188228145396806,75.67870556080379,84.36774072463038
58514,Elijhah Badger,2025,WR,2001-08-15,Florida,Southeastern Conference,,,,WR,73.375,200,9.5,32.125,78.625,1.53,4.43,35.5,,,,,80,69.0,75.0,elijhah badger,,Elijhah Badger,WR,2025,KC,63.35938579459548,89.44216912780001,90.46363238030278,84.18926136520702,83.36857558910856,52.47814916136224,83.42591248660159,63.0190569103296
58931,Jah Joyner,2025,DE,2001-07-30,Minnesota,Big Ten Conference,,,,DL,76.25,262,9.375,34.0,82.5,1.67,4.6,30.0,,7.33,4.68,,66,59.0,63.0,jah joyner,JAHJOYNER_20010730,Jah Joyner,DL,2025,LV,63.0,86.0,83.0,73.0,64.0,52.0,74.0,76.0
58852,Eli Cox,2025,C,2000-10-19,Kentucky,Southeastern Conference,,,,OL,76.25,306,9.25,31.0,77.625,1.75,5.02,32.5,109.0,7.63,4.58,,84,54.0,63.0,eli cox,,Eli Cox,OL,2025,HOU,60.54449784180798,70.63497480728688,74.81144898297407,61.94764722442139,56.545702871030926,62.457796711321805,81.4776422180903,84.47682319879277
58772,Jabbar Muhammad,2025,CB,2001-12-28,Oregon,Big Ten Conference,,,,DB,69.125,182,9.0,28.625,71.375,,,29.5,,7.01,4.19,13.0,51,64.0,61.0,jabbar muhammad,,Jabbar Muhammad,DB,2025,JAX,61.36520925791399,90.00692668540972,91.34873350108955,84.95191978060184,83.83501687292949,58.90513165358652,79.45029131507329,57.45463799126878
58937,Tyler Batty,2025,OLB,1999-05-02,Brigham Young,Big Twelve Conference,,,,DL,77.625,271,9.375,33.125,81.0,1.69,4.78,34.0,120.0,7.21,4.54,27.0,75,63.0,67.0,tyler batty,TYLERBATTY_19990502,Tyler Batty,DL,2025,MIN,63.0,80.0,81.0,77.0,65.0,52.0,82.0,83.0
58497,Zy Alexander,2025,DB,2001-11-26,Louisiana State,Southeastern Conference,,,,DB,73.375,187,9.25,31.0,77.5,1.53,4.56,31.5,116.0,,,,57,70.0,66.0,zy alexander,,Zy Alexander,DB,2025,SEA,60.98203396503931,88.37213282173764,90.93692117663812,83.43716856566103,82.92282233445047,56.29763034033067,79.99631443915541,60.832033560267575
58857,Junior Tafuna,2025,DT,2001-02-27,Utah,Big Twelve Conference,,,,DL,75.5,308,10.5,32.5,78.75,1.8,5.03,28.5,,,,24.0,73,58.0,63.0,junior tafuna,,Junior Tafuna,DL,2025,HOU,60.086226519524246,71.3930923874284,76.57974837370989,63.60342076464033,55.900182999822334,54.147496283424886,73.19267283545707,84.1198816553513
58880,O'Donnell Fortune,2025,DB,2001-09-08,South Carolina,Southeastern Conference,,,,DB,72.75,185,9.25,31.5,76.875,,,32.5,117.0,,,,51,63.0,60.0,o'donnell fortune,,O'Donnell Fortune,DB,2025,NYG,61.50255665255082,89.77253824216086,91.69630792649345,83.8246131846865,83.4536064220452,56.582245066219,81.747133903559,59.32763357989535
58940,Logan Brown,2025,T,2001-04-17,Kansas,Big Twelve Conference,,,,OL,78.375,311,10.0,33.875,84.0,1.75,5.18,32.0,111.0,7.75,4.51,26.0,80,66.0,71.0,logan brown,,Logan Brown,OL,2025,MIN,61.43324803677263,66.89926265142469,70.60037839009283,59.114625456882266,53.38317716588193,58.92858619324738,75.32979940795985,84.13667338736701
58896,Xavier Truss,2025,T,2001-07-13,Georgia,Southeastern Conference,,,,OL,79.125,309,10.5,33.0,82.875,1.82,5.24,26.0,103.0,,,,61,54.0,56.0,xavier truss,,Xavier Truss,OL,2025,DEN,60.004686328885214,64.8146665553138,70.44753634118933,59.79835138711428,54.04444865299547,62.4605958425164,71.51695549514898,84.2070900790097
58992,Cobee Bryant,2025,CB,2001-09-17,Kansas,Big Twelve Conference,,,,DB,72.0,180,9.25,31.25,77.0,1.56,4.53,,,,,,59,75.0,70.0,cobee bryant,,Cobee Bryant,DB,2025,ATL,61.23054594916454,90.1798108041914,91.79568627085064,84.90832969823894,84.83219731168174,55.638047242545554,86.16006382275357,56.93750288711863
58977,Roc Taylor,2025,WR,2001-09-26,Memphis,American Athletic Conference,,,,WR,73.875,213,9.0,32.25,78.25,1.53,4.49,30.5,122.0,,,,70,61.0,64.0,roc taylor,,Roc Taylor,WR,2025,PIT,65.27398446591003,89.45722412119083,90.40433826737286,83.51135744186922,82.81877856478627,60.59134571984339,84.45370502936134,62.77144479606593
58764,Ethan Downs,2025,OLB,2002-10-13,Oklahoma,Southeastern Conference,,,,DL,75.75,269,10.5,31.0,77.0,1.62,4.69,34.0,119.0,7.58,4.59,32.0,77,58.0,64.0,ethan downs,ETHANDOWNS_20021013,Ethan Downs,DL,2025,JAX,63.0,83.0,87.0,65.0,63.0,51.0,82.0,83.0
58963,Cam Horsley,2025,DT,2002-02-06,Boston College,Atlantic Coast Conference,,,,DL,74.75,312,9.5,33.0,81.0,,,31.5,108.0,,,,80,61.0,68.0,cam horsley,,Cam Horsley,DL,2025,TEN,63.59972500433594,74.43400704712735,79.056796055046,69.38553376447075,59.20216503112613,59.241342116753344,77.81002722011783,81.94133882268073
58973,Sebastian Castro,2025,FS,2000-10-14,Iowa,Big Ten Conference,,,,DB,71.25,203,10.5,30.75,74.375,1.59,4.59,30.5,117.0,,4.34,,58,68.0,66.0,sebastian castro,,Sebastian Castro,DB,2025,PIT,63.37366690463045,87.12861400813011,90.266664263186,82.76233706072607,80.37146995270547,60.28880768147496,79.93381401064958,63.05998474452218
58825,Elijah Simmons,2025,DT,2001-07-26,Tennessee,Southeastern Conference,,,,DL,73.0,334,10.25,32.75,80.0,1.88,5.37,32.0,106.0,,,,70,54.0,63.0,elijah simmons,,Elijah Simmons,DL,2025,ARI,59.08146449645432,61.97671514475451,69.76895055600767,56.95097368022434,52.99801177956897,52.30945972985442,74.04781663409415,89.2034226563335
58515,Jake Briningstool,2025,TE,2002-12-09,Clemson,Atlantic Coast Conference,,,,TE,77.625,241,8.625,31.5,77.625,1.6,4.75,31.0,115.0,,,,64,73.0,70.0,jake briningstool,JAKEBRININGSTOOL_20021209,Jake Briningstool,TE,2025,KC,63.0,81.0,84.0,77.0,72.0,58.0,76.0,71.0
58866,Jake Majors,2025,C,2002-01-17,Texas,Southeastern Conference,,,,OL,75.375,306,9.875,30.375,76.0,,,,,,,25.0,76,60.0,68.0,jake majors,JAKEMAJORS_20020117,Jake Majors,OL,2025,TB,59.0,65.0,70.0,60.0,60.0,57.0,67.0,83.0
58926,Mello Dotson,2025,DB,2002-02-19,Kansas,Big Twelve Conference,,,,DB,72.625,192,8.5,31.5,77.875,1.53,4.59,34.5,123.0,,,,65,69.0,69.0,mello dotson,MELLODOTSON_20020219,Mello Dotson,DB,2025,CAR,62.0,87.0,90.0,87.0,83.0,55.0,83.0,54.0
58946,Joe Huber,2025,G,2002-05-02,Wisconsin,Big Ten Conference,,,,OL,77.125,310,9.75,32.25,79.5,1.8,5.2,28.0,106.0,7.69,4.78,,75,67.0,68.0,joe huber,JOEHUBER_20020502,Joe Huber,OL,2025,MIN,62.0,66.0,70.0,61.0,55.0,55.0,70.0,86.0
58734,Andrew Armstrong,2025,WR,2000-10-31,Arkansas,Southeastern Conference,,,,WR,75.75,202,9.625,32.125,79.5,1.53,4.51,37.5,124.0,6.97,4.18,11.0,74,70.0,70.0,andrew armstrong,,Andrew Armstrong,WR,2025,MIA,63.004403444916505,87.75489936788338,88.46846170591448,82.04689922523283,80.41576394868923,53.82355749579722,85.47158736996397,64.26325246094348
58961,Jermari Harris,2025,DB,2000-09-19,Iowa,Big Ten Conference,,,,DB,72.5,191,9.75,31.375,76.0,,,37.0,120.0,,,,54,61.0,62.0,jermari harris,,Jermari Harris,DB,2025,TEN,61.56067505276877,89.9447751254682,91.43245405917536,83.87055512508542,83.2665164888121,55.15473030072599,86.53904983403206,60.52654730948126
58737,Jalin Conyers,2025,TE,2001-07-25,Texas Tech,Big Twelve Conference,,,,TE,75.5,260,9.875,33.25,80.875,1.62,4.74,35.5,121.0,6.94,4.27,,83,68.0,75.0,jalin conyers,JALINCONYERS_20010726,Jalin Conyers,TE,2025,MIA,62.0,81.0,85.0,85.0,74.0,56.0,85.0,74.0
58721,Kobe Hudson,2025,WR,2001-09-11,Central Florida,Big Twelve Conference,,,,WR,72.75,193,9.0,30.625,75.25,1.54,4.57,35.0,122.0,,,,59,65.0,63.0,kobe hudson,KOBEHUDSON_20010911,Kobe Hudson,WR,2025,CAR,65.0,87.0,88.0,77.0,80.0,68.0,84.0,64.0
58490,Alijah Clark,2025,FS,2003-07-11,Syracuse,Atlantic Coast Conference,,,,DB,72.75,188,9.5,30.875,77.75,1.53,4.5,33.0,122.0,,,,72,57.0,63.0,alijah clark,,Alijah Clark,DB,2025,DAL,61.21558221504012,88.90845013354829,91.26325688046536,83.83385151532298,83.61274235580129,56.306002955024496,81.80104023885436,59.28484121388704
58994,Joshua Gray,2025,G,2000-03-13,Oregon State,Pacific Twelve Conference,,,,OL,77.125,299,9.5,31.375,78.625,1.73,5.04,31.0,104.0,,,,79,68.0,72.0,joshua gray,JOSHUAGRAY_20000313,Joshua Gray,OL,2025,ATL,61.0,71.0,81.0,65.0,59.0,61.0,76.0,76.0
58493,Traeshon Holden,2025,WR,2001-08-12,Oregon,Big Ten Conference,,,,WR,74.125,205,9.875,31.625,78.5,1.54,4.57,32.0,123.0,,,,65,64.0,63.0,traeshon holden,,Traeshon Holden,WR,2025,DAL,64.27605256403945,86.97639503731617,88.65124394456586,83.04206443703032,80.85304892079307,52.88282390576581,81.95038659122525,69.65936128512794
58810,Eric Gregory,2025,DT,2000-09-13,Arkansas,Southeastern Conference,,,,DL,75.25,319,9.625,33.0,81.25,1.76,5.14,27.0,108.0,7.68,4.97,28.0,73,60.0,65.0,eric gregory,ERICGREGORY_20000913,Eric Gregory,DL,2025,CIN,64.0,68.0,74.0,62.0,59.0,56.0,69.0,86.0
58898,Clay Webb,2025,G,2000-03-27,Jacksonville State,Conference USA,,,,OL,75.25,312,10.0,32.0,79.5,1.72,5.11,31.0,107.0,,4.9,29.0,74,84.0,75.0,clay webb,CLAYWEBB_20000328,Clay Webb,OL,2025,DEN,63.0,69.0,78.0,51.0,51.0,61.0,76.0,87.0
59004,Isaiah Neyor,2025,WR,2001-06-07,Nebraska,Big Ten Conference,,,,WR,76.25,218,9.5,34.375,82.625,1.51,4.4,38.0,133.0,,,,95,60.0,74.0,isaiah neyor,,Isaiah Neyor,WR,2025,SF,63.96245285832183,88.96499994154519,89.17129517575535,81.16167756035759,79.50827397308467,52.125615785004015,86.64081079284557,71.58296120821785
58901,Da'Quan Felton,2025,WR,2001-01-13,Virginia Tech,Atlantic Coast Conference,,,,WR,76.75,213,9.0,32.25,79.125,1.52,4.5,32.5,122.0,7.1,4.3,16.0,73,58.0,66.0,da'quan felton,,Da'Quan Felton,WR,2025,NYG,63.5794119409926,86.79144204004263,88.03807351493373,81.14926626314639,77.35131452594788,52.80083900481145,82.39400700787996,72.78516176487176
58717,Jacolby George,2025,WR,2003-01-25,Miami,Atlantic Coast Conference,,,,WR,71.0,172,9.5,31.375,75.5,,,32.5,120.0,6.77,,,55,66.0,56.0,jacolby george,JACOLBYGEORGE_20030125,Jacolby George,WR,2025,CAR,66.0,87.0,88.0,91.0,89.0,62.0,86.0,62.0
58950,Bryson Nesbit,2025,TE,2002-09-25,North Carolina,Atlantic Coast Conference,,,,TE,77.0,238,9.75,31.75,77.375,1.61,4.88,32.5,112.0,,,,56,62.0,62.0,bryson nesbit,BRYSONNESBIT_20020925,Bryson Nesbit,TE,2025,MIN,60.0,76.0,82.0,74.0,71.0,60.0,79.0,71.0
59000,Malik Verdon,2025,ILB,2002-10-31,Iowa State,Big Twelve Conference,,,,DB,75.625,218,9.5,32.5,78.375,,,,,7.06,4.34,,68,60.0,64.0,malik verdon,,Malik Verdon,LB,2025,ATL,62.401084705154176,84.16146169389742,87.73692110517898,78.1433149651989,73.46179907619626,60.8808503655568,85.41751235732465,71.89988061835498
58476,Hollin Pierce,2025,T,2000-04-19,Rutgers,Big Ten Conference,,,,OL,80.375,341,9.875,36.0,88.25,,,,,,,,71,66.0,71.0,hollin pierce,HOLLINPIERCE_20010419,Hollin Pierce,OL,2025,PHI,61.0,60.0,64.0,51.0,45.0,59.0,61.0,88.0
58968,Xavier Restrepo,2025,WR,2002-04-12,Miami,Atlantic Coast Conference,,,,WR,69.875,209,9.125,29.375,71.625,,,,,,,17.0,52,76.0,72.0,xavier restrepo,XAVIERRESTREPO_20020412,Xavier Restrepo,WR,2025,TEN,69.0,84.0,85.0,89.0,84.0,70.0,83.0,61.0
58494,Josh Kelly,2025,WR,2001-07-01,Texas Tech,Big Twelve Conference,,,,WR,72.625,186,10.5,30.875,76.625,1.56,4.7,33.0,121.0,7.02,,,53,67.0,58.0,josh kelly,,Josh Kelly,WR,2025,DAL,63.750256611558825,85.22640249930785,88.34602803804796,83.5301956254516,82.04258060343591,54.02864289060801,81.3655777612596,67.23251385540357
